bcdc8b635b5d85a4e26c6676f388da44
d8b5399495988c8f679f88afed74774a
727c951eb536d7d89d7411847faa4878
4676c33679d198272a7d3939e9819a41
d866a57a3732aa975b8ccb6679c83a3a
6a0b4bca149663b6c3a4946dcd627881
d8951365a38676d63ad2a972a8ab1796
3d8c4e74477a34c45963b9e3ae1cc3c4
bbdcd9bec8276e2c5b9247b604488d89
d48626aca52792c7be23c192b4bb73b6
8c498cb256fc785c1674d6aab5bba888
66945892943c8b8b836faad9754654b5
aa8735467cfc3c86c9914b76618a9d74
7ae6bde4986583f251da99e4bb257a8d
8759ca74551266888945439b5cd81676
ccaaca3871658384a3ab988abc388933
99850697bb4ee05978566a83c3917543
9864480864266bd7aa6176359d61b6d7
b92c7c4cbb84c9e3a56d7799285b7d9c
b34c4b42d688b47a9637288898685b6b
5c76e72b92b85aa4675ae8b3768aa7cd
4c9eb5b292cc947516d8847988e1477c
a63b554877b34a6826a2d9ee522195aa
b99ac4e477c88496c49b9dab58a4328a
6dca888553b61444688dcb26b4b2d5c6
bda874ba4926cac778767ddb5968b483
c4989aaac3e49374a737782b524b8a84
c8e78716457a586b5c771a174c99ca57
44685864698169596c66cc73844aaca9
b92aa331a59981d9b66699e26a93a1a8
87d78b77d63518387586ada9379725ca
b99d1974d98868ad9e41e9ca3aaf1988
c29692657a65e559256e5eb87787c8b6
6ac1cc46ca55b5ca654a4677b5596645
d8b4847e43d682b7a98dd56c3b8c6744
8466ae37541e686ca7b653f778879adb
8f6558b4d336c7b15686669ac95c238b
46a6a2763564d71e9844a88266bb343d
fa93c859e89da98435762a79b341fab9
568b842645c2c8a273b2f71a3a731644
787da6c29bd579a249667b4f977b75c9
64a3ba670936359d5a91a5a85cdd8dd8
6969a56736e555568fd4464875353737
3958b68878cb8aa787568813614d8d47
b9a381d73a36783275537d6991296cb7
926697d79dd6773d3d4aaa65a7b6d84f
99e8ab5ac8eba4bcb75563a954bb6882
36a24a279b97775547b6238803fa7a68
7d79ad6b8b4a7c9855d285c342367bcb
54756482c9a9c54283b96841c42b1241
6a62363d751ca7bb798846b467acb8ba
676dcb8fb38d5eb3a35aac980d45a811
9a45a4aa64abb8c63ca5298cbdabdc95
2bc486b5197baeeb6987884d72594647
68775cb2eb99cb83a5d496c15996527a
69c9477b345ea6a68fb7286c279a387c
935791442962d958a655e87bdac78954
8a471497267b87c97599446f94bb41a9
54c6b0987988579a9463bd2b92494b7a
a9556a3777167584bc9596b797dd9983
77c8a3aee26a87b575955fc7234e1872
d9dbd85998588b282694933563c74775
9549954d4f621a8725895ab89a87a833
a192b48960b772ccae9a5972dba53aa9
5d722486bc66c967651587164884851d
00000000000000000000000000000000
00000000000000000000000000000000
00000000000000000000000000000000
00000000000000000000000000000000
00000000000000000000000000000000
00000000000000000000000000000000
00000000000000000000000000000000
00000000000000000000000000000000
00000000000000000000000000000000
00000000000000000000000000000000
00000000000000000000000000000000
00000000000000000000000000000000
00000000000000000000000000000000
00000000000000000000000000000000
00000000000000000000000000000000
00000000000000000000000000000000
00000000000000000000000000000000
00000000000000000000000000000000
00000000000000000000000000000000
00000000000000000000000000000000
00000000000000000000000000000000
00000000000000000000000000000000
00000000000000000000000000000000
00000000000000000000000000000000
00000000000000000000000000000000
00000000000000000000000000000000
00000000000000000000000000000000
00000000000000000000000000000000
00000000000000000000000000000000
00000000000000000000000000000000
00000000000000000000000000000000
00000000000000000000000000000000
00000000000000000000000000000000
00000000000000000000000000000000
00000000000000000000000000000000
00000000000000000000000000000000
00000000000000000000000000000000
00000000000000000000000000000000
00000000000000000000000000000000
00000000000000000000000000000000
00000000000000000000000000000000
00000000000000000000000000000000
00000000000000000000000000000000
00000000000000000000000000000000
00000000000000000000000000000000
00000000000000000000000000000000
00000000000000000000000000000000
00000000000000000000000000000000
00000000000000000000000000000000
00000000000000000000000000000000
00000000000000000000000000000000
00000000000000000000000000000000
00000000000000000000000000000000
00000000000000000000000000000000
00000000000000000000000000000000
00000000000000000000000000000000
00000000000000000000000000000000
00000000000000000000000000000000
00000000000000000000000000000000
00000000000000000000000000000000
00000000000000000000000000000000
00000000000000000000000000000000
00000000000000000000000000000000
00000000000000000000000000000000
00000000000000000000000000000000
00000000000000000000000000000000
00000000000000000000000000000000
00000000000000000000000000000000
00000000000000000000000000000000
00000000000000000000000000000000
00000000000000000000000000000000
00000000000000000000000000000000
00000000000000000000000000000000
00000000000000000000000000000000
00000000000000000000000000000000
00000000000000000000000000000000
00000000000000000000000000000000
00000000000000000000000000000000
00000000000000000000000000000000
00000000000000000000000000000000
00000000000000000000000000000000
00000000000000000000000000000000
00000000000000000000000000000000
00000000000000000000000000000000
00000000000000000000000000000000
00000000000000000000000000000000
00000000000000000000000000000000
00000000000000000000000000000000
00000000000000000000000000000000
00000000000000000000000000000000
00000000000000000000000000000000
00000000000000000000000000000000
00000000000000000000000000000000
00000000000000000000000000000000
00000000000000000000000000000000
00000000000000000000000000000000
00000000000000000000000000000000
00000000000000000000000000000000
00000000000000000000000000000000
00000000000000000000000000000000
00000000000000000000000000000000
00000000000000000000000000000000
00000000000000000000000000000000
00000000000000000000000000000000
00000000000000000000000000000000
00000000000000000000000000000000
00000000000000000000000000000000
00000000000000000000000000000000
00000000000000000000000000000000
00000000000000000000000000000000
00000000000000000000000000000000
00000000000000000000000000000000
00000000000000000000000000000000
00000000000000000000000000000000
00000000000000000000000000000000
00000000000000000000000000000000
00000000000000000000000000000000
00000000000000000000000000000000
00000000000000000000000000000000
00000000000000000000000000000000
00000000000000000000000000000000
00000000000000000000000000000000
00000000000000000000000000000000
00000000000000000000000000000000
00000000000000000000000000000000
00000000000000000000000000000000
00000000000000000000000000000000
00000000000000000000000000000000
00000000000000000000000000000000
00000000000000000000000000000000
00000000000000000000000000000000
00000000000000000000000000000000
00000000000000000000000000000000
00000000000000000000000000000000
00000000000000000000000000000000
00000000000000000000000000000000
00000000000000000000000000000000
00000000000000000000000000000000
00000000000000000000000000000000
00000000000000000000000000000000
00000000000000000000000000000000
00000000000000000000000000000000
00000000000000000000000000000000
00000000000000000000000000000000
00000000000000000000000000000000
00000000000000000000000000000000
00000000000000000000000000000000
00000000000000000000000000000000
00000000000000000000000000000000
00000000000000000000000000000000
00000000000000000000000000000000
00000000000000000000000000000000
00000000000000000000000000000000
00000000000000000000000000000000
00000000000000000000000000000000
00000000000000000000000000000000
00000000000000000000000000000000
00000000000000000000000000000000
00000000000000000000000000000000
00000000000000000000000000000000
00000000000000000000000000000000
00000000000000000000000000000000
00000000000000000000000000000000
00000000000000000000000000000000
00000000000000000000000000000000
00000000000000000000000000000000
00000000000000000000000000000000
00000000000000000000000000000000
00000000000000000000000000000000
00000000000000000000000000000000
00000000000000000000000000000000
00000000000000000000000000000000
00000000000000000000000000000000
00000000000000000000000000000000
00000000000000000000000000000000
00000000000000000000000000000000
00000000000000000000000000000000
00000000000000000000000000000000
00000000000000000000000000000000
00000000000000000000000000000000
00000000000000000000000000000000
00000000000000000000000000000000
00000000000000000000000000000000
00000000000000000000000000000000
00000000000000000000000000000000
00000000000000000000000000000000
00000000000000000000000000000000
00000000000000000000000000000000
00000000000000000000000000000000
00000000000000000000000000000000
00000000000000000000000000000000
397a681938c33ba3765565753bcb59b1
8389586976d595db4f7337acb2c656bc
74197635d799b76a5612a23477a6e88a
37c695864b998bc4395339927a4371d5
d36ca6642a2802979d9fb599eca87394
847a89ba52ccab3aa61cd936b876a3b8
bcac69bb4d888988c4b7d7436475e9fb
b567b9a3857a93baad829dc6539c99a6
69a7835477821456cdd7935c365c7947
3aa9777c486797b597a6bf397389cc07
2b70a95d93d957ce4ad699aa675637b2
39173837739284c9ad7085a3947895b7
9c69aa77888a5a4a866ca9e47de218c8
28c276493684baa799c77654c9a5495b
8478e67a189c3a4506dc58443c658c64
98682bb958c454911265e2799dbc946b
65d59746367c91bca593ba579d55a963
745968825cb6969dc44861b534b9ca64
dedcbb7ab6c54da4c8c75697a71c5678
d1856f8a6776a6bd4cd8486eaad82c78
7b919839aa1a6d550642d97aca696caa
b656a65ca9a7539665b6272a58937326
9d8293b46459575c78489b65dc6bfb44
6a5744da4b8ca27757d66a5243f5615a
453bc4baac5244a89d049b83a5797b2c
d2c89b9d82d7483636a458f376228959
dc57244447626dbcd206a8666628695a
c48b8894bb274863b90b9cd8e7d32623
34e17785767cca4e25e996ba9ec86923
8c435dba2579a49b7eccd365ceac6678
1b4a439955dda35b4d61f377cc2b9a79
883855787d78527867667255244d9a71
38c61a86295273b596543b8abedaa793
e84573ab650dbb3c6a3378396d9b7854
b5eab7b275d9796955799b46bbaec588
b83a86c3539f4b62638b2875755b565a
ea25859b5b49669dab7bc5554aadd998
6675a3648a8a3eec9b75bcba8a5787b1
79485c58ba4757566e96879723768c75
ceb466b66a6326764b3897a65c687642
a9c857a53326c9d2573276972d9d7793
799534ba7c835ac35829aca65d88c774
2862844ac3b28533664154723586a499
e2b5574c19cc356a9615a793434895ad
8a369b7d75b785187dd36767797b8a25
83ca9518b3c466a89484c7716da496aa
463a5bd55514a5128986ac1b4aeb2a68
cbb6254602a65c88ac6a5d7a6d888ad9
7ba3a5ca6687bac2b23285a355ae2c36
41ba868dca9caa8a6bad8ac354579bb7
664cd975adbfb8d6c8578c17721453b3
64eb97b774599664b75aaa46c8aa685a
78c9876c85483a9ce26199428c3ca9e6
77a4da56757a8ba7ac43788e053a8374
ab93bc1733bbc9841b485b6988b88aa3
9c898bfd6cc7cc964ca4a79281a45c48
6b5b5c8b574a63663694d1565242d277
47b15443cd75327463d9b7d3983716d5
b67276274487a3b99928d2bc57dcd6bc
158977bb6067db9bda30a5e492a0b554
866c586b3476a7247b5687286983a80a
9848d2ed96164a7dc65e177b34876518
386479bb94a764749457e871918ab979
ab6c889539e969d88b6c4648a439852c
b98a33884a849e2dc996e44a88487b73
00000000000000000000000000000000
00000000000000000000000000000000
00000000000000000000000000000000
00000000000000000000000000000000
00000000000000000000000000000000
00000000000000000000000000000000
00000000000000000000000000000000
00000000000000000000000000000000
00000000000000000000000000000000
00000000000000000000000000000000
00000000000000000000000000000000
00000000000000000000000000000000
00000000000000000000000000000000
00000000000000000000000000000000
00000000000000000000000000000000
00000000000000000000000000000000
00000000000000000000000000000000
00000000000000000000000000000000
00000000000000000000000000000000
00000000000000000000000000000000
00000000000000000000000000000000
00000000000000000000000000000000
00000000000000000000000000000000
00000000000000000000000000000000
00000000000000000000000000000000
00000000000000000000000000000000
00000000000000000000000000000000
00000000000000000000000000000000
00000000000000000000000000000000
00000000000000000000000000000000
00000000000000000000000000000000
00000000000000000000000000000000
00000000000000000000000000000000
00000000000000000000000000000000
00000000000000000000000000000000
00000000000000000000000000000000
00000000000000000000000000000000
00000000000000000000000000000000
00000000000000000000000000000000
00000000000000000000000000000000
00000000000000000000000000000000
00000000000000000000000000000000
00000000000000000000000000000000
00000000000000000000000000000000
00000000000000000000000000000000
00000000000000000000000000000000
00000000000000000000000000000000
00000000000000000000000000000000
00000000000000000000000000000000
00000000000000000000000000000000
00000000000000000000000000000000
00000000000000000000000000000000
00000000000000000000000000000000
00000000000000000000000000000000
00000000000000000000000000000000
00000000000000000000000000000000
00000000000000000000000000000000
00000000000000000000000000000000
00000000000000000000000000000000
00000000000000000000000000000000
00000000000000000000000000000000
00000000000000000000000000000000
00000000000000000000000000000000
00000000000000000000000000000000
00000000000000000000000000000000
00000000000000000000000000000000
00000000000000000000000000000000
00000000000000000000000000000000
00000000000000000000000000000000
00000000000000000000000000000000
00000000000000000000000000000000
00000000000000000000000000000000
00000000000000000000000000000000
00000000000000000000000000000000
00000000000000000000000000000000
00000000000000000000000000000000
00000000000000000000000000000000
00000000000000000000000000000000
00000000000000000000000000000000
00000000000000000000000000000000
00000000000000000000000000000000
00000000000000000000000000000000
00000000000000000000000000000000
00000000000000000000000000000000
00000000000000000000000000000000
00000000000000000000000000000000
00000000000000000000000000000000
00000000000000000000000000000000
00000000000000000000000000000000
00000000000000000000000000000000
00000000000000000000000000000000
00000000000000000000000000000000
00000000000000000000000000000000
00000000000000000000000000000000
00000000000000000000000000000000
00000000000000000000000000000000
00000000000000000000000000000000
00000000000000000000000000000000
00000000000000000000000000000000
00000000000000000000000000000000
00000000000000000000000000000000
00000000000000000000000000000000
00000000000000000000000000000000
00000000000000000000000000000000
00000000000000000000000000000000
00000000000000000000000000000000
00000000000000000000000000000000
00000000000000000000000000000000
00000000000000000000000000000000
00000000000000000000000000000000
00000000000000000000000000000000
00000000000000000000000000000000
00000000000000000000000000000000
00000000000000000000000000000000
00000000000000000000000000000000
00000000000000000000000000000000
00000000000000000000000000000000
00000000000000000000000000000000
00000000000000000000000000000000
00000000000000000000000000000000
00000000000000000000000000000000
00000000000000000000000000000000
00000000000000000000000000000000
00000000000000000000000000000000
00000000000000000000000000000000
00000000000000000000000000000000
00000000000000000000000000000000
00000000000000000000000000000000
00000000000000000000000000000000
00000000000000000000000000000000
00000000000000000000000000000000
00000000000000000000000000000000
00000000000000000000000000000000
00000000000000000000000000000000
00000000000000000000000000000000
00000000000000000000000000000000
00000000000000000000000000000000
00000000000000000000000000000000
00000000000000000000000000000000
00000000000000000000000000000000
00000000000000000000000000000000
00000000000000000000000000000000
00000000000000000000000000000000
00000000000000000000000000000000
00000000000000000000000000000000
00000000000000000000000000000000
00000000000000000000000000000000
00000000000000000000000000000000
00000000000000000000000000000000
00000000000000000000000000000000
00000000000000000000000000000000
00000000000000000000000000000000
00000000000000000000000000000000
00000000000000000000000000000000
00000000000000000000000000000000
00000000000000000000000000000000
00000000000000000000000000000000
00000000000000000000000000000000
00000000000000000000000000000000
00000000000000000000000000000000
00000000000000000000000000000000
00000000000000000000000000000000
00000000000000000000000000000000
00000000000000000000000000000000
00000000000000000000000000000000
00000000000000000000000000000000
00000000000000000000000000000000
00000000000000000000000000000000
00000000000000000000000000000000
00000000000000000000000000000000
00000000000000000000000000000000
00000000000000000000000000000000
00000000000000000000000000000000
00000000000000000000000000000000
00000000000000000000000000000000
00000000000000000000000000000000
00000000000000000000000000000000
00000000000000000000000000000000
00000000000000000000000000000000
00000000000000000000000000000000
00000000000000000000000000000000
00000000000000000000000000000000
00000000000000000000000000000000
00000000000000000000000000000000
00000000000000000000000000000000
00000000000000000000000000000000
00000000000000000000000000000000
00000000000000000000000000000000
00000000000000000000000000000000
00000000000000000000000000000000
00000000000000000000000000000000
d9959ef2968d4a6a644e8d869d6a151e
773da6a9355d2663ab8666f893055d7a
d7be8d3b260c7a599f8ea19e9ea48299
d963d1961a949a5d3164d41f9c56e557
fd686f1aa8d8d640751b995e594f1569
a507f549957df5665ad2aa713171c919
9f610040189a59b68962b629eb1d4a66
52a55bf6e563ab89abad6caca7085296
4b8c6b56ac16faaf9395571e15a29ad4
b59da508512a5589975e16fd10553585
3562ce4179e163f76ea949b9599b2941
bda7bad3e75299a3a52539dbef6ab812
2566867994164ac45aa28fb5a785d157
85a9c06bc6aae37238529099a2a9a6a6
aab012471a9cd6117a9a7936595eaa98
8685ea22a2365558b4b94a7b39a555ad
31f7d1b634f955a26255d9388aa18aa1
63d928a15d9da864ed35736d648a63ba
755c90667d466459452611e5a36d9799
4b30f36afdaa568d6ed4ee02d6c066d5
099a15645a96b2ec5a45afac07a5b461
d9211565393b6b9169d76f66a7af269e
a61a611a9e165b9708016d12579df34c
9950158eaacb22d6f55751c8d6ccad14
8659c8699942805ae9bb5261b2b82c81
b668e5561d519908da2aa607e957bd68
898c5099e8a69af7a9bee1a5992cf959
5edf6994c659756f7d49d7820a96842d
2245f51c799c9c87537fa17580669959
545a9a8376a9179b5ebfbd096b6956be
2666e691ba5dc66f25a98029982b859b
c489ea6887d8abf9999914313c8c8625
e637ab842d384666d16ea1a62935a325
52755298263ad9e2ba1a9bb7bc91b87a
568189705241d9ed6996967d8aa748a4
0c7a1991186909e15c26bda6156ca783
a7c711a1a9f9e659c4606f56fc556af5
9917a5da9fe1f5925b5aaa4c86af4519
7d879567e5b6e79d5a1562c6d6235eb6
5a5ace8207686f6959eec985c976e9ba
a5919a6a00757f66d5eb27245509ea32
b67464aaf9a865a790d8caa99b6556a1
6da5e2d2ef5f892585e5e9d299e286e8
bd234a7b665952a6c29879df786d17ad
e9e9a974a565753675562b78a5f351b7
e14eb25ad2a915845a363915da866a5e
16cedbf52bf99b95a53c54ad629655b7
2b29b9428d6e94252db17e5dea449b14
66a85b6d81d6517a455b57e98ac57596
de56883f8e8866ee8e1da999a67aca92
efac09758fa9f22629ea5951866a2946
d699d75a564b77a048c65e09a8a1892b
e7959553361e6b1ade21b5d4b1aaa6d8
aaf8f8a2abf95e1a96ae0d26dd4a0405
593f17d98ec659989521c982768a67e6
66e64aefd84a52e8646042eaab5a2a9b
3645c584eae68d540569e159c246b5a6
646405c89a919aa2ad662b929a49ffb0
99999a9f5b5a6f36b18a454858f2ebe6
3bda925b7d666301a9f594a5ca794d95
5149cd55e9298d1a104a92a19a56125a
d2a250f89dbd89529e49657a59bf7047
1d101b61664681de4f69aa5fabf2a5c1
c6d5755da654a0d547eb7aa5c19899b9
a123615afbe35a491e5e6e956d39aad4
00000000000000000000000000000000
00000000000000000000000000000000
00000000000000000000000000000000
00000000000000000000000000000000
00000000000000000000000000000000
00000000000000000000000000000000
00000000000000000000000000000000
00000000000000000000000000000000
00000000000000000000000000000000
00000000000000000000000000000000
00000000000000000000000000000000
00000000000000000000000000000000
00000000000000000000000000000000
00000000000000000000000000000000
00000000000000000000000000000000
00000000000000000000000000000000
00000000000000000000000000000000
00000000000000000000000000000000
00000000000000000000000000000000
00000000000000000000000000000000
00000000000000000000000000000000
00000000000000000000000000000000
00000000000000000000000000000000
00000000000000000000000000000000
00000000000000000000000000000000
00000000000000000000000000000000
00000000000000000000000000000000
00000000000000000000000000000000
00000000000000000000000000000000
00000000000000000000000000000000
00000000000000000000000000000000
00000000000000000000000000000000
00000000000000000000000000000000
00000000000000000000000000000000
00000000000000000000000000000000
00000000000000000000000000000000
00000000000000000000000000000000
00000000000000000000000000000000
00000000000000000000000000000000
00000000000000000000000000000000
00000000000000000000000000000000
00000000000000000000000000000000
00000000000000000000000000000000
00000000000000000000000000000000
00000000000000000000000000000000
00000000000000000000000000000000
00000000000000000000000000000000
00000000000000000000000000000000
00000000000000000000000000000000
00000000000000000000000000000000
00000000000000000000000000000000
00000000000000000000000000000000
00000000000000000000000000000000
00000000000000000000000000000000
00000000000000000000000000000000
00000000000000000000000000000000
00000000000000000000000000000000
00000000000000000000000000000000
00000000000000000000000000000000
00000000000000000000000000000000
00000000000000000000000000000000
00000000000000000000000000000000
00000000000000000000000000000000
00000000000000000000000000000000
00000000000000000000000000000000
00000000000000000000000000000000
00000000000000000000000000000000
00000000000000000000000000000000
00000000000000000000000000000000
00000000000000000000000000000000
00000000000000000000000000000000
00000000000000000000000000000000
00000000000000000000000000000000
00000000000000000000000000000000
00000000000000000000000000000000
00000000000000000000000000000000
00000000000000000000000000000000
00000000000000000000000000000000
00000000000000000000000000000000
00000000000000000000000000000000
00000000000000000000000000000000
00000000000000000000000000000000
00000000000000000000000000000000
00000000000000000000000000000000
00000000000000000000000000000000
00000000000000000000000000000000
00000000000000000000000000000000
00000000000000000000000000000000
00000000000000000000000000000000
00000000000000000000000000000000
00000000000000000000000000000000
00000000000000000000000000000000
00000000000000000000000000000000
00000000000000000000000000000000
00000000000000000000000000000000
00000000000000000000000000000000
00000000000000000000000000000000
00000000000000000000000000000000
00000000000000000000000000000000
00000000000000000000000000000000
00000000000000000000000000000000
00000000000000000000000000000000
00000000000000000000000000000000
00000000000000000000000000000000
00000000000000000000000000000000
00000000000000000000000000000000
00000000000000000000000000000000
00000000000000000000000000000000
00000000000000000000000000000000
00000000000000000000000000000000
00000000000000000000000000000000
00000000000000000000000000000000
00000000000000000000000000000000
00000000000000000000000000000000
00000000000000000000000000000000
00000000000000000000000000000000
00000000000000000000000000000000
00000000000000000000000000000000
00000000000000000000000000000000
00000000000000000000000000000000
00000000000000000000000000000000
00000000000000000000000000000000
00000000000000000000000000000000
00000000000000000000000000000000
00000000000000000000000000000000
00000000000000000000000000000000
00000000000000000000000000000000
00000000000000000000000000000000
00000000000000000000000000000000
00000000000000000000000000000000
00000000000000000000000000000000
00000000000000000000000000000000
00000000000000000000000000000000
00000000000000000000000000000000
00000000000000000000000000000000
00000000000000000000000000000000
00000000000000000000000000000000
00000000000000000000000000000000
00000000000000000000000000000000
00000000000000000000000000000000
00000000000000000000000000000000
00000000000000000000000000000000
00000000000000000000000000000000
00000000000000000000000000000000
00000000000000000000000000000000
00000000000000000000000000000000
00000000000000000000000000000000
00000000000000000000000000000000
00000000000000000000000000000000
00000000000000000000000000000000
00000000000000000000000000000000
00000000000000000000000000000000
00000000000000000000000000000000
00000000000000000000000000000000
00000000000000000000000000000000
00000000000000000000000000000000
00000000000000000000000000000000
00000000000000000000000000000000
00000000000000000000000000000000
00000000000000000000000000000000
00000000000000000000000000000000
00000000000000000000000000000000
00000000000000000000000000000000
00000000000000000000000000000000
00000000000000000000000000000000
00000000000000000000000000000000
00000000000000000000000000000000
00000000000000000000000000000000
00000000000000000000000000000000
00000000000000000000000000000000
00000000000000000000000000000000
00000000000000000000000000000000
00000000000000000000000000000000
00000000000000000000000000000000
00000000000000000000000000000000
00000000000000000000000000000000
00000000000000000000000000000000
00000000000000000000000000000000
00000000000000000000000000000000
00000000000000000000000000000000
00000000000000000000000000000000
00000000000000000000000000000000
00000000000000000000000000000000
00000000000000000000000000000000
00000000000000000000000000000000
00000000000000000000000000000000
00000000000000000000000000000000
00000000000000000000000000000000
00000000000000000000000000000000
00000000000000000000000000000000
00000000000000000000000000000000
000a000a000b000a00090009000a000a
000a000a000b000a000b000b000a000a
000a000b000a000b0009000a000a0008
000a000b000a000a000a000900080009
000a000c000c000b000b000a000a0009
000b000d000a000c000a0009000a0009
000a0009000a000a000c000a00090009
000b0009000a0009000b000a000a000a
000a000a0008000a000a000b0008000a
000a000a000a000b000a000a00090009
000b000a000d000b000c000b000a000a
0009000a000a000b0009000b000b000b
000a000a000a000a0009000a000a000c
000b000a000a000b000a000b000a000b
000a0009000a000a000c000a000a000b
000a000a000b000b000a000b000b000b
000000000000000000000000000b0009
00000000000000000000000000000000
00000000000000000000000000000000
00000000000000000000000000000000
00000000000000000000000000000000
00000000000000000000000000000000
00000000000000000000000000000000
00000000000000000000000000000000
00000000000000000000000000000000
00000000000000000000000000000000
00000000000000000000000000000000
00000000000000000000000000000000
00000000000000000000000000000000
00000000000000000000000000000000
00000000000000000000000000000000
00000000000000000000000000000000
00000000000000000000000000000000
00000000000000000000000000000000
00000000000000000000000000000000
00000000000000000000000000000000
00000000000000000000000000000000
00000000000000000000000000000000
00000000000000000000000000000000
00000000000000000000000000000000
00000000000000000000000000000000
00000000000000000000000000000000
00000000000000000000000000000000
00000000000000000000000000000000
00000000000000000000000000000000
00000000000000000000000000000000
00000000000000000000000000000000
00000000000000000000000000000000
00000000000000000000000000000000
00000000000000000000000000000000
00000000000000000000000000000000
00000000000000000000000000000000
00000000000000000000000000000000
00000000000000000000000000000000
00000000000000000000000000000000
00000000000000000000000000000000
00000000000000000000000000000000
00000000000000000000000000000000
00000000000000000000000000000000
00000000000000000000000000000000
00000000000000000000000000000000
00000000000000000000000000000000
00000000000000000000000000000000
00000000000000000000000000000000
00000000000000000000000000000000
00000000000000000000000000000000
00000000000000000000000000000000
00000000000000000000000000000000
00000000000000000000000000000000
00000000000000000000000000000000
00000000000000000000000000000000
00000000000000000000000000000000
00000000000000000000000000000000
00000000000000000000000000000000
00000000000000000000000000000000
00000000000000000000000000000000
00000000000000000000000000000000
00000000000000000000000000000000
00000000000000000000000000000000
00000000000000000000000000000000
00000000000000000000000000000000
00000000000000000000000000000000
00000000000000000000000000000000
00000000000000000000000000000000
00000000000000000000000000000000
00000000000000000000000000000000
00000000000000000000000000000000
00000000000000000000000000000000
00000000000000000000000000000000
00000000000000000000000000000000
00000000000000000000000000000000
00000000000000000000000000000000
00000000000000000000000000000000
00000000000000000000000000000000
00000000000000000000000000000000
00000000000000000000000000000000
00000000000000000000000000000000
00000000000000000000000000000000
00000000000000000000000000000000
00000000000000000000000000000000
00000000000000000000000000000000
00000000000000000000000000000000
00000000000000000000000000000000
00000000000000000000000000000000
00000000000000000000000000000000
00000000000000000000000000000000
00000000000000000000000000000000
00000000000000000000000000000000
00000000000000000000000000000000
00000000000000000000000000000000
00000000000000000000000000000000
00000000000000000000000000000000
00000000000000000000000000000000
00000000000000000000000000000000
00000000000000000000000000000000
00000000000000000000000000000000
00000000000000000000000000000000
00000000000000000000000000000000
00000000000000000000000000000000
00000000000000000000000000000000
00000000000000000000000000000000
00000000000000000000000000000000
00000000000000000000000000000000
00000000000000000000000000000000
00000000000000000000000000000000
00000000000000000000000000000000
00000000000000000000000000000000
00000000000000000000000000000000
00000000000000000000000000000000
00000000000000000000000000000000
00000000000000000000000000000000
00000000000000000000000000000000
00000000000000000000000000000000
00000000000000000000000000000000
00000000000000000000000000000000
00000000000000000000000000000000
00000000000000000000000000000000
00000000000000000000000000000000
00000000000000000000000000000000
00000000000000000000000000000000
00000000000000000000000000000000
00000000000000000000000000000000
00000000000000000000000000000000
00000000000000000000000000000000
00000000000000000000000000000000
00000000000000000000000000000000
00000000000000000000000000000000
00000000000000000000000000000000
00000000000000000000000000000000
00000000000000000000000000000000
00000000000000000000000000000000
00000000000000000000000000000000
00000000000000000000000000000000
00000000000000000000000000000000
00000000000000000000000000000000
00000000000000000000000000000000
00000000000000000000000000000000
00000000000000000000000000000000
00000000000000000000000000000000
00000000000000000000000000000000
00000000000000000000000000000000
00000000000000000000000000000000
00000000000000000000000000000000
00000000000000000000000000000000
00000000000000000000000000000000
00000000000000000000000000000000
00000000000000000000000000000000
00000000000000000000000000000000
00000000000000000000000000000000
00000000000000000000000000000000
00000000000000000000000000000000
00000000000000000000000000000000
00000000000000000000000000000000
00000000000000000000000000000000
00000000000000000000000000000000
00000000000000000000000000000000
00000000000000000000000000000000
00000000000000000000000000000000
00000000000000000000000000000000
00000000000000000000000000000000
00000000000000000000000000000000
00000000000000000000000000000000
00000000000000000000000000000000
00000000000000000000000000000000
00000000000000000000000000000000
00000000000000000000000000000000
00000000000000000000000000000000
00000000000000000000000000000000
00000000000000000000000000000000
00000000000000000000000000000000
00000000000000000000000000000000
00000000000000000000000000000000
00000000000000000000000000000000
00000000000000000000000000000000
00000000000000000000000000000000
00000000000000000000000000000000
00000000000000000000000000000000
00000000000000000000000000000000
00000000000000000000000000000000
00000000000000000000000000000000
00000000000000000000000000000000
00000000000000000000000000000000
00000000000000000000000000000000
00000000000000000000000000000000
00000000000000000000000000000000
00000000000000000000000000000000
00000000000000000000000000000000
00000000000000000000000000000000
00000000000000000000000000000000
00000000000000000000000000000000
00000000000000000000000000000000
00000000000000000000000000000000
00000000000000000000000000000000
00000000000000000000000000000000
00000000000000000000000000000000
00000000000000000000000000000000
00000000000000000000000000000000
00000000000000000000000000000000
00000000000000000000000000000000
00000000000000000000000000000000
00000000000000000000000000000000
00000000000000000000000000000000
00000000000000000000000000000000
00000000000000000000000000000000
00000000000000000000000000000000
00000000000000000000000000000000
00000000000000000000000000000000
00000000000000000000000000000000
00000000000000000000000000000000
00000000000000000000000000000000
00000000000000000000000000000000
00000000000000000000000000000000
00000000000000000000000000000000
00000000000000000000000000000000
00000000000000000000000000000000
00000000000000000000000000000000
00000000000000000000000000000000
00000000000000000000000000000000
00000000000000000000000000000000
00000000000000000000000000000000
00000000000000000000000000000000
00000000000000000000000000000000
00000000000000000000000000000000
00000000000000000000000000000000
00000000000000000000000000000000
00000000000000000000000000000000
00000000000000000000000000000000
00000000000000000000000000000000
00000000000000000000000000000000
00000000000000000000000000000000
00000000000000000000000000000000
00000000000000000000000000000000
00000000000000000000000000000000
00000000000000000000000000000000
00000000000000000000000000000000
00000000000000000000000000000000
7e68dad37e786db755e636c562468b96
465baca18caa9903e465bc27aa6b97d7
a99a746abc7a788b84c88839b944478d
9e3986439a7cac733862bc6bc8cbb89d
d9a23c893a4b5c7c544a7e53336c8379
ba9e5af68a4b46b14f4e36bdb5784725
d9bacb6de47b8a95325db5d9b7177578
69837e9887cab467b7386383b73192cb
9aac837647734aa1acb6a5a96588523d
773675736686b648b67a65b1c6448237
2b2176a698276b85424e54424746a98b
968aa94089b76caac7a9ea993a7816a7
4b971c38535573338e7c537bd789348a
581e8275da728f3a65942549b9b75368
e785d6d8d8734ac1c6a4cbcdb2a373cc
6527895c43b7da9d49cc85cb1e5a5887
9949ab8aca91999927d97a246cae6773
56e32f8848b965a847c3d73a966937a8
ab2bc677a1276488448f863842747656
7bd998818b64a6dcbadb75c77b54c245
c7379ba71d18326354bca6ab75c983b3
358ca8a9589052d37c49673622cc7c87
9ac73a46796428dae765dbac4d9d65a8
045cd868b6c74785a4956db450a593a2
9833b93ab77b92756269355665607597
a37b5dd187518b2966aa9b39789e6762
8b67bad8a899d8c94dd95ab237b79674
6b88b66b874d4d7e82e5b446b7c9c7c7
ba4b8647d8c674382376aaa84af48633
4255e7b63b9529899c6336d896bbe3db
98731ac386868657dc4e98cca7ac1583
478c4731d49479186ec48394a9b3a3a8
7b7c625a873433284b2a26dcd69dbc47
9266b7a998982b9c6abc434e65550485
7795e78221a640cccba5d76e96d76729
8ca8f9c154c8d9c9c99a57eb744d9bf8
9be87a4a6466c4865762147cb66f6387
942677bc26b6498ce934998614ba9e2c
38539c76148d8a73bd9578ad6de944b3
a4379675364937ab57c42d6254bd9349
75f773a1c84434bbb96469ab757c9a94
d9426977b52651cb7859cc849b72b9df
8c284735987b893db8ad14723df82869
abae99468b793791a555d4437684b4ab
d2c56259257279a9449bcc5961268476
44574241866ab73dd6a8c3bda9a89b49
74e859b4866433d248aa15a96dbd7c7a
48794ee77659b5a1b789c35556bb68ba
c6cdcb90e964ab9465951cd547d52488
7c8e0b5c54b92d6378e768718d4a7258
3bc59c675a581477b8968675855adc6c
3ba22a76168776a6ba4458b665985961
7d9978b78124b651674bb7ac2dcb8c4d
86542d7e69176631a9dab894437377a7
27a8aa2875a96599c9856e291c9ab48b
48e1bbad56ac6769cd83583b8b847262
426b567667723863cb6ba8a98e6c865d
535962dc38c8d5996729aab7633a6779
d857a7696983ba89793a5a0587279984
c86b97994758c287d649b2da944297b3
985264248576b728a78d66947eca6b57
64545a6dac44b917783b8488879b64d9
6e14454555a2453a706d5a4e28a585c4
78485686a6858823b7dd6d39a8825cbf
4b561a8667887744ec9eb7d945ac775b
00000000000000000000000000000000
00000000000000000000000000000000
00000000000000000000000000000000
00000000000000000000000000000000
00000000000000000000000000000000
00000000000000000000000000000000
00000000000000000000000000000000
00000000000000000000000000000000
00000000000000000000000000000000
00000000000000000000000000000000
00000000000000000000000000000000
00000000000000000000000000000000
00000000000000000000000000000000
00000000000000000000000000000000
00000000000000000000000000000000
00000000000000000000000000000000
00000000000000000000000000000000
00000000000000000000000000000000
00000000000000000000000000000000
00000000000000000000000000000000
00000000000000000000000000000000
00000000000000000000000000000000
00000000000000000000000000000000
00000000000000000000000000000000
00000000000000000000000000000000
00000000000000000000000000000000
00000000000000000000000000000000
00000000000000000000000000000000
00000000000000000000000000000000
00000000000000000000000000000000
00000000000000000000000000000000
00000000000000000000000000000000
00000000000000000000000000000000
00000000000000000000000000000000
00000000000000000000000000000000
00000000000000000000000000000000
00000000000000000000000000000000
00000000000000000000000000000000
00000000000000000000000000000000
00000000000000000000000000000000
00000000000000000000000000000000
00000000000000000000000000000000
00000000000000000000000000000000
00000000000000000000000000000000
00000000000000000000000000000000
00000000000000000000000000000000
00000000000000000000000000000000
00000000000000000000000000000000
00000000000000000000000000000000
00000000000000000000000000000000
00000000000000000000000000000000
00000000000000000000000000000000
00000000000000000000000000000000
00000000000000000000000000000000
00000000000000000000000000000000
00000000000000000000000000000000
00000000000000000000000000000000
00000000000000000000000000000000
00000000000000000000000000000000
00000000000000000000000000000000
00000000000000000000000000000000
00000000000000000000000000000000
00000000000000000000000000000000
00000000000000000000000000000000
00000000000000000000000000000000
00000000000000000000000000000000
00000000000000000000000000000000
00000000000000000000000000000000
00000000000000000000000000000000
00000000000000000000000000000000
00000000000000000000000000000000
00000000000000000000000000000000
00000000000000000000000000000000
00000000000000000000000000000000
00000000000000000000000000000000
00000000000000000000000000000000
00000000000000000000000000000000
00000000000000000000000000000000
00000000000000000000000000000000
00000000000000000000000000000000
00000000000000000000000000000000
00000000000000000000000000000000
00000000000000000000000000000000
00000000000000000000000000000000
00000000000000000000000000000000
00000000000000000000000000000000
00000000000000000000000000000000
00000000000000000000000000000000
00000000000000000000000000000000
00000000000000000000000000000000
00000000000000000000000000000000
00000000000000000000000000000000
00000000000000000000000000000000
00000000000000000000000000000000
00000000000000000000000000000000
00000000000000000000000000000000
00000000000000000000000000000000
00000000000000000000000000000000
00000000000000000000000000000000
00000000000000000000000000000000
00000000000000000000000000000000
00000000000000000000000000000000
00000000000000000000000000000000
00000000000000000000000000000000
00000000000000000000000000000000
00000000000000000000000000000000
00000000000000000000000000000000
00000000000000000000000000000000
00000000000000000000000000000000
00000000000000000000000000000000
00000000000000000000000000000000
00000000000000000000000000000000
00000000000000000000000000000000
00000000000000000000000000000000
00000000000000000000000000000000
00000000000000000000000000000000
00000000000000000000000000000000
00000000000000000000000000000000
00000000000000000000000000000000
00000000000000000000000000000000
00000000000000000000000000000000
00000000000000000000000000000000
00000000000000000000000000000000
00000000000000000000000000000000
00000000000000000000000000000000
00000000000000000000000000000000
00000000000000000000000000000000
00000000000000000000000000000000
00000000000000000000000000000000
00000000000000000000000000000000
00000000000000000000000000000000
00000000000000000000000000000000
00000000000000000000000000000000
00000000000000000000000000000000
00000000000000000000000000000000
00000000000000000000000000000000
00000000000000000000000000000000
00000000000000000000000000000000
00000000000000000000000000000000
00000000000000000000000000000000
00000000000000000000000000000000
00000000000000000000000000000000
00000000000000000000000000000000
00000000000000000000000000000000
00000000000000000000000000000000
00000000000000000000000000000000
00000000000000000000000000000000
00000000000000000000000000000000
00000000000000000000000000000000
00000000000000000000000000000000
00000000000000000000000000000000
00000000000000000000000000000000
00000000000000000000000000000000
00000000000000000000000000000000
00000000000000000000000000000000
00000000000000000000000000000000
00000000000000000000000000000000
00000000000000000000000000000000
00000000000000000000000000000000
00000000000000000000000000000000
00000000000000000000000000000000
00000000000000000000000000000000
00000000000000000000000000000000
00000000000000000000000000000000
00000000000000000000000000000000
00000000000000000000000000000000
00000000000000000000000000000000
00000000000000000000000000000000
00000000000000000000000000000000
00000000000000000000000000000000
00000000000000000000000000000000
00000000000000000000000000000000
00000000000000000000000000000000
00000000000000000000000000000000
00000000000000000000000000000000
00000000000000000000000000000000
00000000000000000000000000000000
00000000000000000000000000000000
00000000000000000000000000000000
00000000000000000000000000000000
00000000000000000000000000000000
00000000000000000000000000000000
00000000000000000000000000000000
00000000000000000000000000000000
00000000000000000000000000000000
00000000000000000000000000000000
00000000000000000000000000000000
00000000000000000000000000000000
00000000000000000000000000000000
00000000000000000000000000000000
00000000000000000000000000000000
a9574e8c8c493b5bc673687b7d818662
6b4a7878d7483588448e49da8672a45a
058a9755bcab978c5ce45e15fc588369
b48457de8552d39bb47a93789ea3bc53
922a57665d5e6cbf6a681597582b784a
7985d5878cb976691bb56a465b7add98
9785d666b276ca59a0ddbd46c9852779
7a8b4b5796638223aa8c4a7c37943223
07565b44acc6ba8dc96e7d467c8c3c8d
998e62a4b655771e9b9c04cabba8463e
b8ae3a34488384c531a798497bb157c7
b11797976b7c58c5979233897152e63b
e745b4346721858e56b36942ecbb8685
876db3358d6d648894d65ea767ccc597
264479961359bb569365827544dd65a6
79a8757773a594caac9b2a0b8c781d59
2ba2443767e9972d42ba28d683859497
bd354349860c7654a6789657c3c55164
8423852966196796a732449c37d4d975
5b996439da19976a83bb6807c2a68a47
8867779a7574222b87f6b5a49d3c368c
54bbb86867a9e3bb859db5c2b72579a2
528da87e738b746977b028a3eb3d8755
a6c6540a7854635b8dc3b6a8354a7674
96615dc55d6445177ca63b8093ecba79
c59da9e8d799bb4946543748a44b949b
dac43d72476a2c3645da67a382803c73
b36b9ba960b645b3f3c78715c78c917c
6d273b73a951557a4cc3766acac1ac8c
996b70936a5488887a876287fa8d6225
abdd68895c82853356647aa7683a98af
73c397864a8766e8a7896dd2e9db3874
96beb92b25848cb59d859928c534393a
c95e72ac5688842886b6d7b1be42aac3
863da7594899741456abb688dc34a5db
a436a4c788c3867339cb5483ad85397d
757aa665826489d7db4c79bdd1195dab
98ca885388671b5a7971a75889b63e95
4a15459c767dcb67d745755e1d453437
83376c69283df416baa958947c49eb72
c85bdee69a88599427972b47b4728337
556d8b7a99ac7e6a658cd9679cac6a85
475787586db86864498b95b2bcb89a6e
45b489bd987273f7ab25a482372b97ad
84a2b3858bc664b752da6177a8ca349b
95c85c8cc7178329669cb88633c54274
467861538ca986c65e8eab89c8da3c2a
b886a757b89a5a451c45367e64250b56
b97688088a63885597769946e6658486
67da617d39be97894a587997e77b384d
199967c55b44752467c19ba53bbab30d
98b341b28ce379523d7a1742a953ea4b
1694b446da4a7774b8c86aa27826ca5c
e696dacbb79587fa78278713fa86b594
64c3290483dca81aa6997a8d89465be9
6bd58d7c66963994248c67561d7aabb3
cb24487b9762cb997368fb8078337186
75b77c3683c9c9959a7e8ea2c38f9a5a
747a4cf57ca7a9b7a55c2f88978b1b5d
8a71599c7e06391ca680775c44789975
b354f34c205259aa6558627753776a25
b4db4778b78587ed97658117df49a2c8
560a847e1ad775a59a9c66838567269a
8be86aa25a615a6c64b555697b45d5db
a3cb849b896688b7a9e61d6ba135c76e
00000000000000000000000000000000
00000000000000000000000000000000
00000000000000000000000000000000
00000000000000000000000000000000
00000000000000000000000000000000
00000000000000000000000000000000
00000000000000000000000000000000
00000000000000000000000000000000
00000000000000000000000000000000
00000000000000000000000000000000
00000000000000000000000000000000
00000000000000000000000000000000
00000000000000000000000000000000
00000000000000000000000000000000
00000000000000000000000000000000
00000000000000000000000000000000
00000000000000000000000000000000
00000000000000000000000000000000
00000000000000000000000000000000
00000000000000000000000000000000
00000000000000000000000000000000
00000000000000000000000000000000
00000000000000000000000000000000
00000000000000000000000000000000
00000000000000000000000000000000
00000000000000000000000000000000
00000000000000000000000000000000
00000000000000000000000000000000
00000000000000000000000000000000
00000000000000000000000000000000
00000000000000000000000000000000
00000000000000000000000000000000
00000000000000000000000000000000
00000000000000000000000000000000
00000000000000000000000000000000
00000000000000000000000000000000
00000000000000000000000000000000
00000000000000000000000000000000
00000000000000000000000000000000
00000000000000000000000000000000
00000000000000000000000000000000
00000000000000000000000000000000
00000000000000000000000000000000
00000000000000000000000000000000
00000000000000000000000000000000
00000000000000000000000000000000
00000000000000000000000000000000
00000000000000000000000000000000
00000000000000000000000000000000
00000000000000000000000000000000
00000000000000000000000000000000
00000000000000000000000000000000
00000000000000000000000000000000
00000000000000000000000000000000
00000000000000000000000000000000
00000000000000000000000000000000
00000000000000000000000000000000
00000000000000000000000000000000
00000000000000000000000000000000
00000000000000000000000000000000
00000000000000000000000000000000
00000000000000000000000000000000
00000000000000000000000000000000
00000000000000000000000000000000
00000000000000000000000000000000
00000000000000000000000000000000
00000000000000000000000000000000
00000000000000000000000000000000
00000000000000000000000000000000
00000000000000000000000000000000
00000000000000000000000000000000
00000000000000000000000000000000
00000000000000000000000000000000
00000000000000000000000000000000
00000000000000000000000000000000
00000000000000000000000000000000
00000000000000000000000000000000
00000000000000000000000000000000
00000000000000000000000000000000
00000000000000000000000000000000
00000000000000000000000000000000
00000000000000000000000000000000
00000000000000000000000000000000
00000000000000000000000000000000
00000000000000000000000000000000
00000000000000000000000000000000
00000000000000000000000000000000
00000000000000000000000000000000
00000000000000000000000000000000
00000000000000000000000000000000
00000000000000000000000000000000
00000000000000000000000000000000
00000000000000000000000000000000
00000000000000000000000000000000
00000000000000000000000000000000
00000000000000000000000000000000
00000000000000000000000000000000
00000000000000000000000000000000
00000000000000000000000000000000
00000000000000000000000000000000
00000000000000000000000000000000
00000000000000000000000000000000
00000000000000000000000000000000
00000000000000000000000000000000
00000000000000000000000000000000
00000000000000000000000000000000
00000000000000000000000000000000
00000000000000000000000000000000
00000000000000000000000000000000
00000000000000000000000000000000
00000000000000000000000000000000
00000000000000000000000000000000
00000000000000000000000000000000
00000000000000000000000000000000
00000000000000000000000000000000
00000000000000000000000000000000
00000000000000000000000000000000
00000000000000000000000000000000
00000000000000000000000000000000
00000000000000000000000000000000
00000000000000000000000000000000
00000000000000000000000000000000
00000000000000000000000000000000
00000000000000000000000000000000
00000000000000000000000000000000
00000000000000000000000000000000
00000000000000000000000000000000
00000000000000000000000000000000
00000000000000000000000000000000
00000000000000000000000000000000
00000000000000000000000000000000
00000000000000000000000000000000
00000000000000000000000000000000
00000000000000000000000000000000
00000000000000000000000000000000
00000000000000000000000000000000
00000000000000000000000000000000
00000000000000000000000000000000
00000000000000000000000000000000
00000000000000000000000000000000
00000000000000000000000000000000
00000000000000000000000000000000
00000000000000000000000000000000
00000000000000000000000000000000
00000000000000000000000000000000
00000000000000000000000000000000
00000000000000000000000000000000
00000000000000000000000000000000
00000000000000000000000000000000
00000000000000000000000000000000
00000000000000000000000000000000
00000000000000000000000000000000
00000000000000000000000000000000
00000000000000000000000000000000
00000000000000000000000000000000
00000000000000000000000000000000
00000000000000000000000000000000
00000000000000000000000000000000
00000000000000000000000000000000
00000000000000000000000000000000
00000000000000000000000000000000
00000000000000000000000000000000
00000000000000000000000000000000
00000000000000000000000000000000
00000000000000000000000000000000
00000000000000000000000000000000
00000000000000000000000000000000
00000000000000000000000000000000
00000000000000000000000000000000
00000000000000000000000000000000
00000000000000000000000000000000
00000000000000000000000000000000
00000000000000000000000000000000
00000000000000000000000000000000
00000000000000000000000000000000
00000000000000000000000000000000
00000000000000000000000000000000
00000000000000000000000000000000
00000000000000000000000000000000
00000000000000000000000000000000
00000000000000000000000000000000
00000000000000000000000000000000
00000000000000000000000000000000
00000000000000000000000000000000
00000000000000000000000000000000
00000000000000000000000000000000
00000000000000000000000000000000
00000000000000000000000000000000
00000000000000000000000000000000
00000000000000000000000000000000
00000000000000000000000000000000
49a2544e6a3beaa6a97ab03d79950264
aa6665bb10629d63aac1eae1462e2098
ea955d1841d062850979f13a979b54bb
d78a050b6549a1f2e9b6a6d59e695a98
54223ada942b591ea9a23aa6bb652175
e5159461239ff0af4a1ea6565a3489a9
579672f6c854a96b44796d1594ba1695
a159f641541587f8974f122a5559a5eb
a2891d4d899d7fb519db89566a7a592e
5aa6c7855743d27fd69ca7a6fba51561
8ea972656b16756a8f8ea9a763e0a7d2
6ed8b2eee6e79e1a225a6a157419a475
95ad9e2f8c687990de52c411b6e7669b
57d5968675695b7dd54ae5a027599a6e
849898a546d44e16bb9aaa39b89ee37f
5de2ed55a972a634ad9e7fe5aa9681a7
87765e642a41da952961b5b6252eb6b8
25576465fb82e8898766b9da89b5be60
b9d084ea9eb58475ac55779854566612
e5e12d15a2a9625697a4672a6d465141
6a89d8b5dd26a9aa5e6661978f41215e
6f5d4f1fa97aa5d985d6d562aec54abb
a564bbbfa818226926e45fc26085186e
4a6ada691ffae489d2124154a4d67796
ddc84696d74fe0a614bae8540db60957
1942e1a9a2f12026806ab86c4a02a99c
21651936d6aba0eacd567552ab9da6e6
6b5a9a68aa8237a4a2ec614f1f6d791d
d5d51b6d99a071ab85ad962ea29a6635
9d017576947a7b64ba4c44827995adc6
55a474ebb9091426557d8e6599aad6c5
133e3993958ea3ad58bda6967925f96a
a76aad5a4a69523cebea6b78911f2da1
56262a365d719c6a605ab6291b0ab1af
869a65e5b3bda8be9e96dea16d4d157d
e48fea16aa1359965a568b540b1a9244
e3fa5cb6a8322e47cad6c6466a588565
7679898f435ae2ee0e9982a51a5926ae
aa6e95c667276922a119ae9ab9c18ea9
71b3d5c4a1bb5f767d5934aa9a8a594a
68e66236624e598658ef9d9e9954d976
5b6aa81669a980b99642093a25d56bb2
a3ab8d6d959663ac909968d5aa806bfe
64abef725beb6b70e843ee56c6a6a5e3
6c51a8705f536a48a996e3fa4e538526
a60915959177a1a509ef914857d6d927
25e466e5679984b57de578f45a39be65
5fabd759fd019a9a696a5e224a6c54e1
a7c9255fd918a84ea25583ddea765595
999cb5826a41797d13a67ee91db9a6a6
8a90aa5b17de55531145e55a7f9765e8
a6baa2675b9d077a186a7d79558be264
95595c3e6a5a63cada618a67b2805c38
97598b58362567b4e1a59a967a79e85b
a5d9b9861ebad97369fc14c6f99aada0
5189b0d9ba56c861aa1256d9723fca7e
29f59a99967e286aad40aa74ae3a5786
d49b9bbbf185aa9d4ac2f655e78a6e5a
658a660819952bbff99b6628445b2a2d
66bbea5544f226a59aa10a59745676ad
b07506a7a9778719e6582b2ea586556d
588a4e965b4686a179d46da81d554e7e
969f56511a8a6eaf9509a1c28ab2ca9c
ee573997e65901aa9a1caaeea64897e2
a26eebe465afaa26ecd5c608589559a0
00000000000000000000000000000000
00000000000000000000000000000000
00000000000000000000000000000000
00000000000000000000000000000000
00000000000000000000000000000000
00000000000000000000000000000000
00000000000000000000000000000000
00000000000000000000000000000000
00000000000000000000000000000000
00000000000000000000000000000000
00000000000000000000000000000000
00000000000000000000000000000000
00000000000000000000000000000000
00000000000000000000000000000000
00000000000000000000000000000000
00000000000000000000000000000000
00000000000000000000000000000000
00000000000000000000000000000000
00000000000000000000000000000000
00000000000000000000000000000000
00000000000000000000000000000000
00000000000000000000000000000000
00000000000000000000000000000000
00000000000000000000000000000000
00000000000000000000000000000000
00000000000000000000000000000000
00000000000000000000000000000000
00000000000000000000000000000000
00000000000000000000000000000000
00000000000000000000000000000000
00000000000000000000000000000000
00000000000000000000000000000000
00000000000000000000000000000000
00000000000000000000000000000000
00000000000000000000000000000000
00000000000000000000000000000000
00000000000000000000000000000000
00000000000000000000000000000000
00000000000000000000000000000000
00000000000000000000000000000000
00000000000000000000000000000000
00000000000000000000000000000000
00000000000000000000000000000000
00000000000000000000000000000000
00000000000000000000000000000000
00000000000000000000000000000000
00000000000000000000000000000000
00000000000000000000000000000000
00000000000000000000000000000000
00000000000000000000000000000000
00000000000000000000000000000000
00000000000000000000000000000000
00000000000000000000000000000000
00000000000000000000000000000000
00000000000000000000000000000000
00000000000000000000000000000000
00000000000000000000000000000000
00000000000000000000000000000000
00000000000000000000000000000000
00000000000000000000000000000000
00000000000000000000000000000000
00000000000000000000000000000000
00000000000000000000000000000000
00000000000000000000000000000000
00000000000000000000000000000000
00000000000000000000000000000000
00000000000000000000000000000000
00000000000000000000000000000000
00000000000000000000000000000000
00000000000000000000000000000000
00000000000000000000000000000000
00000000000000000000000000000000
00000000000000000000000000000000
00000000000000000000000000000000
00000000000000000000000000000000
00000000000000000000000000000000
00000000000000000000000000000000
00000000000000000000000000000000
00000000000000000000000000000000
00000000000000000000000000000000
00000000000000000000000000000000
00000000000000000000000000000000
00000000000000000000000000000000
00000000000000000000000000000000
00000000000000000000000000000000
00000000000000000000000000000000
00000000000000000000000000000000
00000000000000000000000000000000
00000000000000000000000000000000
00000000000000000000000000000000
00000000000000000000000000000000
00000000000000000000000000000000
00000000000000000000000000000000
00000000000000000000000000000000
00000000000000000000000000000000
00000000000000000000000000000000
00000000000000000000000000000000
00000000000000000000000000000000
00000000000000000000000000000000
00000000000000000000000000000000
00000000000000000000000000000000
00000000000000000000000000000000
00000000000000000000000000000000
00000000000000000000000000000000
00000000000000000000000000000000
00000000000000000000000000000000
00000000000000000000000000000000
00000000000000000000000000000000
00000000000000000000000000000000
00000000000000000000000000000000
00000000000000000000000000000000
00000000000000000000000000000000
00000000000000000000000000000000
00000000000000000000000000000000
00000000000000000000000000000000
00000000000000000000000000000000
00000000000000000000000000000000
00000000000000000000000000000000
00000000000000000000000000000000
00000000000000000000000000000000
00000000000000000000000000000000
00000000000000000000000000000000
00000000000000000000000000000000
00000000000000000000000000000000
00000000000000000000000000000000
00000000000000000000000000000000
00000000000000000000000000000000
00000000000000000000000000000000
00000000000000000000000000000000
00000000000000000000000000000000
00000000000000000000000000000000
00000000000000000000000000000000
00000000000000000000000000000000
00000000000000000000000000000000
00000000000000000000000000000000
00000000000000000000000000000000
00000000000000000000000000000000
00000000000000000000000000000000
00000000000000000000000000000000
00000000000000000000000000000000
00000000000000000000000000000000
00000000000000000000000000000000
00000000000000000000000000000000
00000000000000000000000000000000
00000000000000000000000000000000
00000000000000000000000000000000
00000000000000000000000000000000
00000000000000000000000000000000
00000000000000000000000000000000
00000000000000000000000000000000
00000000000000000000000000000000
00000000000000000000000000000000
00000000000000000000000000000000
00000000000000000000000000000000
00000000000000000000000000000000
00000000000000000000000000000000
00000000000000000000000000000000
00000000000000000000000000000000
00000000000000000000000000000000
00000000000000000000000000000000
00000000000000000000000000000000
00000000000000000000000000000000
00000000000000000000000000000000
00000000000000000000000000000000
00000000000000000000000000000000
00000000000000000000000000000000
00000000000000000000000000000000
00000000000000000000000000000000
00000000000000000000000000000000
00000000000000000000000000000000
00000000000000000000000000000000
00000000000000000000000000000000
00000000000000000000000000000000
00000000000000000000000000000000
00000000000000000000000000000000
00000000000000000000000000000000
00000000000000000000000000000000
00000000000000000000000000000000
00000000000000000000000000000000
00000000000000000000000000000000
00000000000000000000000000000000
00000000000000000000000000000000
00000000000000000000000000000000
00000000000000000000000000000000
00000000000000000000000000000000
00000000000000000000000000000000
00000000000000000000000000000000
00000000000000000000000000000000
00000000000000000000000000000000
00000000000000000000000000000000
00000000000000000000000000000000
000a000a000b000a0009000a000a000b
000b000a000b000a00080009000a0009
000a000b000b000b000a000a000c0009
0009000b000a000a000b000b000b0009
000b0009000b000c000a000b000a000b
000a000b000a000b000b000a000b000b
000b0009000b000b0008000b0009000a
000a000b0009000b000b0009000b000a
000c0008000b0009000a000a000a000a
000a000a0009000a0009000b0009000c
0009000b000b000c000b000b000a000a
000a000b000a000a000b000a0008000a
000a000b000b0009000b000b000b000c
0009000b0009000a0008000b000c000b
000b000a000b000b0009000b000b000b
000b000a000a00090008000b000a000a
000000000000000000000000000a000b
00000000000000000000000000000000
00000000000000000000000000000000
00000000000000000000000000000000
00000000000000000000000000000000
00000000000000000000000000000000
00000000000000000000000000000000
00000000000000000000000000000000
00000000000000000000000000000000
00000000000000000000000000000000
00000000000000000000000000000000
00000000000000000000000000000000
00000000000000000000000000000000
00000000000000000000000000000000
00000000000000000000000000000000
00000000000000000000000000000000
00000000000000000000000000000000
00000000000000000000000000000000
00000000000000000000000000000000
00000000000000000000000000000000
00000000000000000000000000000000
00000000000000000000000000000000
00000000000000000000000000000000
00000000000000000000000000000000
00000000000000000000000000000000
00000000000000000000000000000000
00000000000000000000000000000000
00000000000000000000000000000000
00000000000000000000000000000000
00000000000000000000000000000000
00000000000000000000000000000000
00000000000000000000000000000000
00000000000000000000000000000000
00000000000000000000000000000000
00000000000000000000000000000000
00000000000000000000000000000000
00000000000000000000000000000000
00000000000000000000000000000000
00000000000000000000000000000000
00000000000000000000000000000000
00000000000000000000000000000000
00000000000000000000000000000000
00000000000000000000000000000000
00000000000000000000000000000000
00000000000000000000000000000000
00000000000000000000000000000000
00000000000000000000000000000000
00000000000000000000000000000000
00000000000000000000000000000000
00000000000000000000000000000000
00000000000000000000000000000000
00000000000000000000000000000000
00000000000000000000000000000000
00000000000000000000000000000000
00000000000000000000000000000000
00000000000000000000000000000000
00000000000000000000000000000000
00000000000000000000000000000000
00000000000000000000000000000000
00000000000000000000000000000000
00000000000000000000000000000000
00000000000000000000000000000000
00000000000000000000000000000000
00000000000000000000000000000000
00000000000000000000000000000000
00000000000000000000000000000000
00000000000000000000000000000000
00000000000000000000000000000000
00000000000000000000000000000000
00000000000000000000000000000000
00000000000000000000000000000000
00000000000000000000000000000000
00000000000000000000000000000000
00000000000000000000000000000000
00000000000000000000000000000000
00000000000000000000000000000000
00000000000000000000000000000000
00000000000000000000000000000000
00000000000000000000000000000000
00000000000000000000000000000000
00000000000000000000000000000000
00000000000000000000000000000000
00000000000000000000000000000000
00000000000000000000000000000000
00000000000000000000000000000000
00000000000000000000000000000000
00000000000000000000000000000000
00000000000000000000000000000000
00000000000000000000000000000000
00000000000000000000000000000000
00000000000000000000000000000000
00000000000000000000000000000000
00000000000000000000000000000000
00000000000000000000000000000000
00000000000000000000000000000000
00000000000000000000000000000000
00000000000000000000000000000000
00000000000000000000000000000000
00000000000000000000000000000000
00000000000000000000000000000000
00000000000000000000000000000000
00000000000000000000000000000000
00000000000000000000000000000000
00000000000000000000000000000000
00000000000000000000000000000000
00000000000000000000000000000000
00000000000000000000000000000000
00000000000000000000000000000000
00000000000000000000000000000000
00000000000000000000000000000000
00000000000000000000000000000000
00000000000000000000000000000000
00000000000000000000000000000000
00000000000000000000000000000000
00000000000000000000000000000000
00000000000000000000000000000000
00000000000000000000000000000000
00000000000000000000000000000000
00000000000000000000000000000000
00000000000000000000000000000000
00000000000000000000000000000000
00000000000000000000000000000000
00000000000000000000000000000000
00000000000000000000000000000000
00000000000000000000000000000000
00000000000000000000000000000000
00000000000000000000000000000000
00000000000000000000000000000000
00000000000000000000000000000000
00000000000000000000000000000000
00000000000000000000000000000000
00000000000000000000000000000000
00000000000000000000000000000000
00000000000000000000000000000000
00000000000000000000000000000000
00000000000000000000000000000000
00000000000000000000000000000000
00000000000000000000000000000000
00000000000000000000000000000000
00000000000000000000000000000000
00000000000000000000000000000000
00000000000000000000000000000000
00000000000000000000000000000000
00000000000000000000000000000000
00000000000000000000000000000000
00000000000000000000000000000000
00000000000000000000000000000000
00000000000000000000000000000000
00000000000000000000000000000000
00000000000000000000000000000000
00000000000000000000000000000000
00000000000000000000000000000000
00000000000000000000000000000000
00000000000000000000000000000000
00000000000000000000000000000000
00000000000000000000000000000000
00000000000000000000000000000000
00000000000000000000000000000000
00000000000000000000000000000000
00000000000000000000000000000000
00000000000000000000000000000000
00000000000000000000000000000000
00000000000000000000000000000000
00000000000000000000000000000000
00000000000000000000000000000000
00000000000000000000000000000000
00000000000000000000000000000000
00000000000000000000000000000000
00000000000000000000000000000000
00000000000000000000000000000000
00000000000000000000000000000000
00000000000000000000000000000000
00000000000000000000000000000000
00000000000000000000000000000000
00000000000000000000000000000000
00000000000000000000000000000000
00000000000000000000000000000000
00000000000000000000000000000000
00000000000000000000000000000000
00000000000000000000000000000000
00000000000000000000000000000000
00000000000000000000000000000000
00000000000000000000000000000000
00000000000000000000000000000000
00000000000000000000000000000000
00000000000000000000000000000000
00000000000000000000000000000000
00000000000000000000000000000000
00000000000000000000000000000000
00000000000000000000000000000000
00000000000000000000000000000000
00000000000000000000000000000000
00000000000000000000000000000000
00000000000000000000000000000000
00000000000000000000000000000000
00000000000000000000000000000000
00000000000000000000000000000000
00000000000000000000000000000000
00000000000000000000000000000000
00000000000000000000000000000000
00000000000000000000000000000000
00000000000000000000000000000000
00000000000000000000000000000000
00000000000000000000000000000000
00000000000000000000000000000000
00000000000000000000000000000000
00000000000000000000000000000000
00000000000000000000000000000000
00000000000000000000000000000000
00000000000000000000000000000000
00000000000000000000000000000000
00000000000000000000000000000000
00000000000000000000000000000000
00000000000000000000000000000000
00000000000000000000000000000000
00000000000000000000000000000000
00000000000000000000000000000000
00000000000000000000000000000000
00000000000000000000000000000000
00000000000000000000000000000000
00000000000000000000000000000000
00000000000000000000000000000000
00000000000000000000000000000000
00000000000000000000000000000000
00000000000000000000000000000000
00000000000000000000000000000000
00000000000000000000000000000000
00000000000000000000000000000000
00000000000000000000000000000000
00000000000000000000000000000000
00000000000000000000000000000000
00000000000000000000000000000000
00000000000000000000000000000000
00000000000000000000000000000000
00000000000000000000000000000000
00000000000000000000000000000000
00000000000000000000000000000000
00000000000000000000000000000000
00000000000000000000000000000000
00000000000000000000000000000000
738737490589bb6733a4aaa5b3769b6b
c9c893683586a6736b276da48dc9486c
6414e7a7a8291b6a58a84c5196449bb8
c32cedad58763653bfb5d789ea569a95
4419dc798791cd74e87743989d46637b
982328a46678b95a9aa554d279444995
9a5b78a99b6da74c64d93d6319b286a4
26a677442b351a7455362a43cfa76787
289bc888578c5f935e885c788b97c62b
c203cc3877167b7e309d5bb35654bcc9
d668491672568a337e1cd93c8b97367d
5a1388cd98cda84524831eb556697a65
7c9ebb2656a9554b3dc792c954bab442
8ba98944459a9cdabd9999750c8687d5
2a6ae379d584a54365995b49ca72e944
34a4bba2ba455994665475cc73d7d876
b8c7e7684a6ab5376b97b62a69587575
65a7e8712ba974887a5c25bda5aabc24
7624699747a6898a13b8848876567978
cc27397b81d8f6c5cc286988962c8773
e96878a48acd4bed4ba0c82ed6b98856
74967b4b318967b432c85b49ad88f672
609ab62d9b43b80a97e49ad9a669db54
9796e3560746845ebd627772ac774bb5
f9654bb77917377672e34b668c6eb496
7b74db2175989c52c6696766bc68bbfb
d8de96a7aa9346e8be9616961dc2754c
96b5c9f679b666c8883ed4a6db81a387
5579c7dcd4b4597862a6bc93174576c8
a475a8c1b67715d159249ec69899a364
a85c4a6bc26bdba7b08f77b3dc6d76a6
bae84386b7985755d82c96db7b753c57
9e62b58517966d3a158c2a66657c8975
45545793567d954744a95f78a643d276
344a4a71964db3299b57a64394da7bdb
58b7689363894b76196979513782bb78
1476447661a6b7b68727966c889aaa83
536c3db5db5bc197aab76bb8478932b9
4bb495c2ac84372bc729b29a68a4a66f
532c4ab782977688b4383864f58d8995
64a9329b3a93d554954ab26ab38c3983
a35575bd98640a8a48e5b49478e2d635
49847455c595969d881d89427886496a
56a58e4686aa361ccc48998a6cb9ab9f
43ea8d5ba85725a5682db84c6b9e5d85
2bcb8a847637699fb7597eaa924ca5aa
b8a3354697df535c38687283b53a7527
815bba5c6528549958841a8c2b39755d
52b3573862479c756831f598b469db3a
dc894b2afa733b89cc5c965855c3c4b6
c437d776a646399278aeb42afc748a45
68644756959ccdd8312cc14caacd97a8
a1dc59957a1915238c9b944d49371d6b
89e4c686ad7c726d9a7e7a839e329258
7bb16b9a9963e5855ba1296689d88927
95a94a66f6b59ebd85977b92a793bd94
478556259587d23487cc77c8d77b6dcc
559c5d3954749cdb9b3c5e7c875bd4c9
35cdb30a63785899259a9a1886d49637
dc97a3796693ab437473c986858137bb
16ab5b98a5bd93a25acb34c3c887cbda
805726c2c88889b946c6736437a8ac77
e59aa587864bc576b5999eb65459a94b
4b44b8a3a87594480a8327b867e65dbc
98574dd8e61398864547c8ac86ba2786
00000000000000000000000000000000
00000000000000000000000000000000
00000000000000000000000000000000
00000000000000000000000000000000
00000000000000000000000000000000
00000000000000000000000000000000
00000000000000000000000000000000
00000000000000000000000000000000
00000000000000000000000000000000
00000000000000000000000000000000
00000000000000000000000000000000
00000000000000000000000000000000
00000000000000000000000000000000
00000000000000000000000000000000
00000000000000000000000000000000
00000000000000000000000000000000
00000000000000000000000000000000
00000000000000000000000000000000
00000000000000000000000000000000
00000000000000000000000000000000
00000000000000000000000000000000
00000000000000000000000000000000
00000000000000000000000000000000
00000000000000000000000000000000
00000000000000000000000000000000
00000000000000000000000000000000
00000000000000000000000000000000
00000000000000000000000000000000
00000000000000000000000000000000
00000000000000000000000000000000
00000000000000000000000000000000
00000000000000000000000000000000
00000000000000000000000000000000
00000000000000000000000000000000
00000000000000000000000000000000
00000000000000000000000000000000
00000000000000000000000000000000
00000000000000000000000000000000
00000000000000000000000000000000
00000000000000000000000000000000
00000000000000000000000000000000
00000000000000000000000000000000
00000000000000000000000000000000
00000000000000000000000000000000
00000000000000000000000000000000
00000000000000000000000000000000
00000000000000000000000000000000
00000000000000000000000000000000
00000000000000000000000000000000
00000000000000000000000000000000
00000000000000000000000000000000
00000000000000000000000000000000
00000000000000000000000000000000
00000000000000000000000000000000
00000000000000000000000000000000
00000000000000000000000000000000
00000000000000000000000000000000
00000000000000000000000000000000
00000000000000000000000000000000
00000000000000000000000000000000
00000000000000000000000000000000
00000000000000000000000000000000
00000000000000000000000000000000
00000000000000000000000000000000
00000000000000000000000000000000
00000000000000000000000000000000
00000000000000000000000000000000
00000000000000000000000000000000
00000000000000000000000000000000
00000000000000000000000000000000
00000000000000000000000000000000
00000000000000000000000000000000
00000000000000000000000000000000
00000000000000000000000000000000
00000000000000000000000000000000
00000000000000000000000000000000
00000000000000000000000000000000
00000000000000000000000000000000
00000000000000000000000000000000
00000000000000000000000000000000
00000000000000000000000000000000
00000000000000000000000000000000
00000000000000000000000000000000
00000000000000000000000000000000
00000000000000000000000000000000
00000000000000000000000000000000
00000000000000000000000000000000
00000000000000000000000000000000
00000000000000000000000000000000
00000000000000000000000000000000
00000000000000000000000000000000
00000000000000000000000000000000
00000000000000000000000000000000
00000000000000000000000000000000
00000000000000000000000000000000
00000000000000000000000000000000
00000000000000000000000000000000
00000000000000000000000000000000
00000000000000000000000000000000
00000000000000000000000000000000
00000000000000000000000000000000
00000000000000000000000000000000
00000000000000000000000000000000
00000000000000000000000000000000
00000000000000000000000000000000
00000000000000000000000000000000
00000000000000000000000000000000
00000000000000000000000000000000
00000000000000000000000000000000
00000000000000000000000000000000
00000000000000000000000000000000
00000000000000000000000000000000
00000000000000000000000000000000
00000000000000000000000000000000
00000000000000000000000000000000
00000000000000000000000000000000
00000000000000000000000000000000
00000000000000000000000000000000
00000000000000000000000000000000
00000000000000000000000000000000
00000000000000000000000000000000
00000000000000000000000000000000
00000000000000000000000000000000
00000000000000000000000000000000
00000000000000000000000000000000
00000000000000000000000000000000
00000000000000000000000000000000
00000000000000000000000000000000
00000000000000000000000000000000
00000000000000000000000000000000
00000000000000000000000000000000
00000000000000000000000000000000
00000000000000000000000000000000
00000000000000000000000000000000
00000000000000000000000000000000
00000000000000000000000000000000
00000000000000000000000000000000
00000000000000000000000000000000
00000000000000000000000000000000
00000000000000000000000000000000
00000000000000000000000000000000
00000000000000000000000000000000
00000000000000000000000000000000
00000000000000000000000000000000
00000000000000000000000000000000
00000000000000000000000000000000
00000000000000000000000000000000
00000000000000000000000000000000
00000000000000000000000000000000
00000000000000000000000000000000
00000000000000000000000000000000
00000000000000000000000000000000
00000000000000000000000000000000
00000000000000000000000000000000
00000000000000000000000000000000
00000000000000000000000000000000
00000000000000000000000000000000
00000000000000000000000000000000
00000000000000000000000000000000
00000000000000000000000000000000
00000000000000000000000000000000
00000000000000000000000000000000
00000000000000000000000000000000
00000000000000000000000000000000
00000000000000000000000000000000
00000000000000000000000000000000
00000000000000000000000000000000
00000000000000000000000000000000
00000000000000000000000000000000
00000000000000000000000000000000
00000000000000000000000000000000
00000000000000000000000000000000
00000000000000000000000000000000
00000000000000000000000000000000
00000000000000000000000000000000
00000000000000000000000000000000
00000000000000000000000000000000
00000000000000000000000000000000
00000000000000000000000000000000
00000000000000000000000000000000
00000000000000000000000000000000
00000000000000000000000000000000
00000000000000000000000000000000
00000000000000000000000000000000
00000000000000000000000000000000
00000000000000000000000000000000
00000000000000000000000000000000
00000000000000000000000000000000
00000000000000000000000000000000
00000000000000000000000000000000
00000000000000000000000000000000
85ac839cc8c3c956c59e7d9b1d292a94
e6346b7285cc51d5788902875a9b94c1
9777769bb75bccca8339aa555d65785f
765930b7bb89b85842e7a66866a96796
9472cd78bb3b3818368363cb66a5676c
e3f6a58645ceabd977945cf3bc8846ba
79429389922886abd56829a0a7cb5826
bfb26ba72678db4a3a6377ac368c7a95
5b290f8675caaa8b7948709b88667c83
a4648779989695aa85835daa53ab7795
6759586661c7e88eb7ba9255365ba888
996d6bb925c45aada38b977542c546d3
39b5844346365688aec54d8334b76c4a
880c6632bd8868dba7b45b895497a2fa
4d6bf3a8782774ba6c77c99787cb6863
db476726ea25a85bc79ddbced7b38748
7919645dc6b8872c421c145425849143
b6c84b9ab65d25b5cadd2461587587b1
bdbea1c893721e8bc4789a7b14baa97c
b5e576ba36cd8ab5c473a756995cdc92
ac86b4b558b9b48b1ba7748772b88956
b83b9ca871266e4a36397d17776ac59a
bc3dc6486978096c25a376659a854958
5c8b7a6b9838b86c81c17567558a6c87
ab96b941a2b8887a469b5459b95ccb9b
8668b56a58a66e8d6ba14addba4738f3
a67b6658aa9e7a7753b5b7b54db75529
4a54c9b5e78408658eba6237a959aa63
851896997e4b4a9793c836453ea77e39
4a795856678c7a5bb734fee62b51897c
85b9b5478d98bb46b798c27d2ad77566
5d276d37b3278bb6d1bd7798525ec755
8ccfab655649744b1b5bc18c6ea83769
c5635d555d9d2b05925585a496a399a6
882672aa4a4445336bb96e854467e83e
8cfa6a827d33aa7cc33bc5c4b3b3a8b9
2757961f965b73dcdd2545c4e756737b
b86345d2773c921dae8b97ac983eab88
64ba45a39fd86568ac4a947a364a5866
c459ca65628da995fd33575c545a65f6
07db38c6ba2c667b128a7b758a557839
442a78c6d8c52885d8689d87a76e86a2
8e63c5b34cc411dac8a751a256ba72b6
3535794a6ab8ed4588377f5adb9b4a84
69a1964186915597b5563742cbbbd4cc
6c7324366c546a727975314658807916
91aba428aad5c8a397377c5546b672b2
ac31b816c58a8a926dd7799c6448a6dc
68bc6858d954a98b2bc4afd86b0c4ac7
94a153423decc8238c929674755ab788
cacba838344939b662428accd1a8d947
bc5957655cc347d7899d463dab133537
569667468ce25b45aa589746b87489b9
b293638529b9b6e5baa38a8db9dc4967
a77d945e813adb663c648a955c163668
849f95a76929f4bbc4b4b3a7d75a9235
3be618d6e59ab5aa04aca5477a1a7ab7
2469364da426d5ac6a50bb3885679532
d7b46546b976a676d791d7ababbd9924
47bbbb55c56a7237bcb5186a85969d1e
72b95a689979fa585a5ceb29bb99d285
bcd875c25e95746db28e78dc25ab96b6
769dfbb8b494e8a1a3d752157483cc95
bb2b76955a3329a958694a95b281ad3c
27b35572993844d5d7cb17844e8a888d
00000000000000000000000000000000
00000000000000000000000000000000
00000000000000000000000000000000
00000000000000000000000000000000
00000000000000000000000000000000
00000000000000000000000000000000
00000000000000000000000000000000
00000000000000000000000000000000
00000000000000000000000000000000
00000000000000000000000000000000
00000000000000000000000000000000
00000000000000000000000000000000
00000000000000000000000000000000
00000000000000000000000000000000
00000000000000000000000000000000
00000000000000000000000000000000
00000000000000000000000000000000
00000000000000000000000000000000
00000000000000000000000000000000
00000000000000000000000000000000
00000000000000000000000000000000
00000000000000000000000000000000
00000000000000000000000000000000
00000000000000000000000000000000
00000000000000000000000000000000
00000000000000000000000000000000
00000000000000000000000000000000
00000000000000000000000000000000
00000000000000000000000000000000
00000000000000000000000000000000
00000000000000000000000000000000
00000000000000000000000000000000
00000000000000000000000000000000
00000000000000000000000000000000
00000000000000000000000000000000
00000000000000000000000000000000
00000000000000000000000000000000
00000000000000000000000000000000
00000000000000000000000000000000
00000000000000000000000000000000
00000000000000000000000000000000
00000000000000000000000000000000
00000000000000000000000000000000
00000000000000000000000000000000
00000000000000000000000000000000
00000000000000000000000000000000
00000000000000000000000000000000
00000000000000000000000000000000
00000000000000000000000000000000
00000000000000000000000000000000
00000000000000000000000000000000
00000000000000000000000000000000
00000000000000000000000000000000
00000000000000000000000000000000
00000000000000000000000000000000
00000000000000000000000000000000
00000000000000000000000000000000
00000000000000000000000000000000
00000000000000000000000000000000
00000000000000000000000000000000
00000000000000000000000000000000
00000000000000000000000000000000
00000000000000000000000000000000
00000000000000000000000000000000
00000000000000000000000000000000
00000000000000000000000000000000
00000000000000000000000000000000
00000000000000000000000000000000
00000000000000000000000000000000
00000000000000000000000000000000
00000000000000000000000000000000
00000000000000000000000000000000
00000000000000000000000000000000
00000000000000000000000000000000
00000000000000000000000000000000
00000000000000000000000000000000
00000000000000000000000000000000
00000000000000000000000000000000
00000000000000000000000000000000
00000000000000000000000000000000
00000000000000000000000000000000
00000000000000000000000000000000
00000000000000000000000000000000
00000000000000000000000000000000
00000000000000000000000000000000
00000000000000000000000000000000
00000000000000000000000000000000
00000000000000000000000000000000
00000000000000000000000000000000
00000000000000000000000000000000
00000000000000000000000000000000
00000000000000000000000000000000
00000000000000000000000000000000
00000000000000000000000000000000
00000000000000000000000000000000
00000000000000000000000000000000
00000000000000000000000000000000
00000000000000000000000000000000
00000000000000000000000000000000
00000000000000000000000000000000
00000000000000000000000000000000
00000000000000000000000000000000
00000000000000000000000000000000
00000000000000000000000000000000
00000000000000000000000000000000
00000000000000000000000000000000
00000000000000000000000000000000
00000000000000000000000000000000
00000000000000000000000000000000
00000000000000000000000000000000
00000000000000000000000000000000
00000000000000000000000000000000
00000000000000000000000000000000
00000000000000000000000000000000
00000000000000000000000000000000
00000000000000000000000000000000
00000000000000000000000000000000
00000000000000000000000000000000
00000000000000000000000000000000
00000000000000000000000000000000
00000000000000000000000000000000
00000000000000000000000000000000
00000000000000000000000000000000
00000000000000000000000000000000
00000000000000000000000000000000
00000000000000000000000000000000
00000000000000000000000000000000
00000000000000000000000000000000
00000000000000000000000000000000
00000000000000000000000000000000
00000000000000000000000000000000
00000000000000000000000000000000
00000000000000000000000000000000
00000000000000000000000000000000
00000000000000000000000000000000
00000000000000000000000000000000
00000000000000000000000000000000
00000000000000000000000000000000
00000000000000000000000000000000
00000000000000000000000000000000
00000000000000000000000000000000
00000000000000000000000000000000
00000000000000000000000000000000
00000000000000000000000000000000
00000000000000000000000000000000
00000000000000000000000000000000
00000000000000000000000000000000
00000000000000000000000000000000
00000000000000000000000000000000
00000000000000000000000000000000
00000000000000000000000000000000
00000000000000000000000000000000
00000000000000000000000000000000
00000000000000000000000000000000
00000000000000000000000000000000
00000000000000000000000000000000
00000000000000000000000000000000
00000000000000000000000000000000
00000000000000000000000000000000
00000000000000000000000000000000
00000000000000000000000000000000
00000000000000000000000000000000
00000000000000000000000000000000
00000000000000000000000000000000
00000000000000000000000000000000
00000000000000000000000000000000
00000000000000000000000000000000
00000000000000000000000000000000
00000000000000000000000000000000
00000000000000000000000000000000
00000000000000000000000000000000
00000000000000000000000000000000
00000000000000000000000000000000
00000000000000000000000000000000
00000000000000000000000000000000
00000000000000000000000000000000
00000000000000000000000000000000
00000000000000000000000000000000
00000000000000000000000000000000
00000000000000000000000000000000
00000000000000000000000000000000
00000000000000000000000000000000
00000000000000000000000000000000
00000000000000000000000000000000
00000000000000000000000000000000
00000000000000000000000000000000
00000000000000000000000000000000
00000000000000000000000000000000
00000000000000000000000000000000
00000000000000000000000000000000
00000000000000000000000000000000
1f1b16ab228b752a78c5f26227165419
5bb61b9ea51284273f286ad5bda96b6e
2d9551194419767eb6c9498925e43a2a
717555229a50d65a4269417e35e0e3e9
2409b54f34697ca068a55a8941f69a5f
73ea1959852a6a9b6555664991166451
939b4ad785c9c559b795426a8614ec49
58d9eaeb7c14a6eabd48da4aa64b1a88
2d5282a93ad8937e6e9ebb71ae96aa79
6b6a636a7c994b2ebd624926f6a854a1
ea652b690887a5b524394a5a912f592b
ddb6b98767465ae5562d43b6d5999272
839754925b9e51155e6a5145d9e7af5c
9496aeba95e815125c95a1445fa9eb51
1587d9ee90900ba425616f92669560d6
3e619b8e196817a489148142d542669a
64497458dae4d9916979ab0bb1156468
5996e8f2aad12b61f6b45e2664aaae48
52cbdfa77f645c5254eae9f16f14a259
d7f674ab554e2a56a76b55a9dbd55796
a99706b56404686696285586ee387668
59856135778b87b50a2eda6e35af29b4
a69e666d6a8aa83d2be96365656a67b6
9186e59d3de8d592aae6a15554854966
159953f35de765408eea65d3a16a9579
da9c7e55a920b496421eeada1485319b
646432e1da6f9d0e12a3a695e9a59754
6d6bfdb4ca06977665aa9d6ab5676425
5662dbcba7da65394909c4a6d5ad9615
49b75a7a19881961e974e5c91f2672ed
6e7b6a22d4979b9a9ae8e76110455992
9565585527bb392d56515ac81a65ca19
2185a6daee9c386a41656632a8943af9
59aa26b7f9b922f2596ea58656d271d8
895265b786ac2e7e1158619889852a4d
cda1be28a6aa7690a98c96aaab69507e
d5dae862878a2e4819a767ce645a5a66
9de49d8e96666d4a6c88cd482edaa2cd
afab512a549ba8e26b48858ad869589e
dea52a351aa91d6aa6b5c6e5aaa9407b
418566fa5969233501796681d227261a
a793a24a0db2a9a43547ade4d7ad88aa
a56a9d05abe5e6887766ea75f2112279
6eab54651688992659095e62560653d7
106466acb91f36bb5a3a5960751a5a16
5117746b679e3a9a8991694a93aadfa1
98559c55ac999714556b69c7ba8c8b64
da799315998759c5efd45ae5d2a979dd
dcd69ab8d230c3665ab5529815c29ada
3201727a469da7445a9c15ea20695be6
d417e5a28b10959656ba7a4b989b518d
8c494316a9a8698692927e4019b59f64
9982ba6a95d9435c5a754f6938565a31
a64dbbe95247f8053a2e8d7692999785
5817571f28686bda99e0964631d55919
55ed669171e9ea5d65f975dc7de2bb5a
3766b5d0905055976642b69712099a95
d04af35b15a9d05668846eea2d95259e
d855480e7aaea5b94716656aa5b603b4
8a4658daeac56567ea2abacd5f3f4946
2a96622a19988160058987a766163e79
28472485b9f5adb96a666837a39cbaf9
9725d5ba59726af55c601fee88bfe7ef
c62ffa4a9f16dadf627655097ea9a593
4ae6aebfb2a87e205d8d6156856fa4b5
00000000000000000000000000000000
00000000000000000000000000000000
00000000000000000000000000000000
00000000000000000000000000000000
00000000000000000000000000000000
00000000000000000000000000000000
00000000000000000000000000000000
00000000000000000000000000000000
00000000000000000000000000000000
00000000000000000000000000000000
00000000000000000000000000000000
00000000000000000000000000000000
00000000000000000000000000000000
00000000000000000000000000000000
00000000000000000000000000000000
00000000000000000000000000000000
00000000000000000000000000000000
00000000000000000000000000000000
00000000000000000000000000000000
00000000000000000000000000000000
00000000000000000000000000000000
00000000000000000000000000000000
00000000000000000000000000000000
00000000000000000000000000000000
00000000000000000000000000000000
00000000000000000000000000000000
00000000000000000000000000000000
00000000000000000000000000000000
00000000000000000000000000000000
00000000000000000000000000000000
00000000000000000000000000000000
00000000000000000000000000000000
00000000000000000000000000000000
00000000000000000000000000000000
00000000000000000000000000000000
00000000000000000000000000000000
00000000000000000000000000000000
00000000000000000000000000000000
00000000000000000000000000000000
00000000000000000000000000000000
00000000000000000000000000000000
00000000000000000000000000000000
00000000000000000000000000000000
00000000000000000000000000000000
00000000000000000000000000000000
00000000000000000000000000000000
00000000000000000000000000000000
00000000000000000000000000000000
00000000000000000000000000000000
00000000000000000000000000000000
00000000000000000000000000000000
00000000000000000000000000000000
00000000000000000000000000000000
00000000000000000000000000000000
00000000000000000000000000000000
00000000000000000000000000000000
00000000000000000000000000000000
00000000000000000000000000000000
00000000000000000000000000000000
00000000000000000000000000000000
00000000000000000000000000000000
00000000000000000000000000000000
00000000000000000000000000000000
00000000000000000000000000000000
00000000000000000000000000000000
00000000000000000000000000000000
00000000000000000000000000000000
00000000000000000000000000000000
00000000000000000000000000000000
00000000000000000000000000000000
00000000000000000000000000000000
00000000000000000000000000000000
00000000000000000000000000000000
00000000000000000000000000000000
00000000000000000000000000000000
00000000000000000000000000000000
00000000000000000000000000000000
00000000000000000000000000000000
00000000000000000000000000000000
00000000000000000000000000000000
00000000000000000000000000000000
00000000000000000000000000000000
00000000000000000000000000000000
00000000000000000000000000000000
00000000000000000000000000000000
00000000000000000000000000000000
00000000000000000000000000000000
00000000000000000000000000000000
00000000000000000000000000000000
00000000000000000000000000000000
00000000000000000000000000000000
00000000000000000000000000000000
00000000000000000000000000000000
00000000000000000000000000000000
00000000000000000000000000000000
00000000000000000000000000000000
00000000000000000000000000000000
00000000000000000000000000000000
00000000000000000000000000000000
00000000000000000000000000000000
00000000000000000000000000000000
00000000000000000000000000000000
00000000000000000000000000000000
00000000000000000000000000000000
00000000000000000000000000000000
00000000000000000000000000000000
00000000000000000000000000000000
00000000000000000000000000000000
00000000000000000000000000000000
00000000000000000000000000000000
00000000000000000000000000000000
00000000000000000000000000000000
00000000000000000000000000000000
00000000000000000000000000000000
00000000000000000000000000000000
00000000000000000000000000000000
00000000000000000000000000000000
00000000000000000000000000000000
00000000000000000000000000000000
00000000000000000000000000000000
00000000000000000000000000000000
00000000000000000000000000000000
00000000000000000000000000000000
00000000000000000000000000000000
00000000000000000000000000000000
00000000000000000000000000000000
00000000000000000000000000000000
00000000000000000000000000000000
00000000000000000000000000000000
00000000000000000000000000000000
00000000000000000000000000000000
00000000000000000000000000000000
00000000000000000000000000000000
00000000000000000000000000000000
00000000000000000000000000000000
00000000000000000000000000000000
00000000000000000000000000000000
00000000000000000000000000000000
00000000000000000000000000000000
00000000000000000000000000000000
00000000000000000000000000000000
00000000000000000000000000000000
00000000000000000000000000000000
00000000000000000000000000000000
00000000000000000000000000000000
00000000000000000000000000000000
00000000000000000000000000000000
00000000000000000000000000000000
00000000000000000000000000000000
00000000000000000000000000000000
00000000000000000000000000000000
00000000000000000000000000000000
00000000000000000000000000000000
00000000000000000000000000000000
00000000000000000000000000000000
00000000000000000000000000000000
00000000000000000000000000000000
00000000000000000000000000000000
00000000000000000000000000000000
00000000000000000000000000000000
00000000000000000000000000000000
00000000000000000000000000000000
00000000000000000000000000000000
00000000000000000000000000000000
00000000000000000000000000000000
00000000000000000000000000000000
00000000000000000000000000000000
00000000000000000000000000000000
00000000000000000000000000000000
00000000000000000000000000000000
00000000000000000000000000000000
00000000000000000000000000000000
00000000000000000000000000000000
00000000000000000000000000000000
00000000000000000000000000000000
00000000000000000000000000000000
00000000000000000000000000000000
00000000000000000000000000000000
00000000000000000000000000000000
00000000000000000000000000000000
00000000000000000000000000000000
00000000000000000000000000000000
00000000000000000000000000000000
00000000000000000000000000000000
00000000000000000000000000000000
00000000000000000000000000000000
00000000000000000000000000000000
00000000000000000000000000000000
00000000000000000000000000000000
00000000000000000000000000000000
00000000000000000000000000000000
000b00090009000b000b0009000a000a
000a000a0009000a000a000a0009000b
000b000a000900080008000b000b000b
0009000b000c000a000b000a000a000b
000b000a0009000a000a000a000b000b
000a00090009000a000b000b000a000a
000a000800080008000b000a0008000c
000a000a000c000a00090009000a000d
000b000b000b000b000a000b000b000c
000b0009000a000b000b000c000a000b
000a000c000b0009000a000b000d000b
0009000a000a000a000a000a000b0009
000a0009000a0009000b0009000a000a
00090009000a000a000b000a000b000b
000b000b000a000c000b0008000a0009
0009000a000b000b000a000b000a000b
0000000000000000000000000009000a
00000000000000000000000000000000
00000000000000000000000000000000
00000000000000000000000000000000
00000000000000000000000000000000
00000000000000000000000000000000
00000000000000000000000000000000
00000000000000000000000000000000
00000000000000000000000000000000
00000000000000000000000000000000
00000000000000000000000000000000
00000000000000000000000000000000
00000000000000000000000000000000
00000000000000000000000000000000
00000000000000000000000000000000
00000000000000000000000000000000
00000000000000000000000000000000
00000000000000000000000000000000
00000000000000000000000000000000
00000000000000000000000000000000
00000000000000000000000000000000
00000000000000000000000000000000
00000000000000000000000000000000
00000000000000000000000000000000
00000000000000000000000000000000
00000000000000000000000000000000
00000000000000000000000000000000
00000000000000000000000000000000
00000000000000000000000000000000
00000000000000000000000000000000
00000000000000000000000000000000
00000000000000000000000000000000
00000000000000000000000000000000
00000000000000000000000000000000
00000000000000000000000000000000
00000000000000000000000000000000
00000000000000000000000000000000
00000000000000000000000000000000
00000000000000000000000000000000
00000000000000000000000000000000
00000000000000000000000000000000
00000000000000000000000000000000
00000000000000000000000000000000
00000000000000000000000000000000
00000000000000000000000000000000
00000000000000000000000000000000
00000000000000000000000000000000
00000000000000000000000000000000
00000000000000000000000000000000
00000000000000000000000000000000
00000000000000000000000000000000
00000000000000000000000000000000
00000000000000000000000000000000
00000000000000000000000000000000
00000000000000000000000000000000
00000000000000000000000000000000
00000000000000000000000000000000
00000000000000000000000000000000
00000000000000000000000000000000
00000000000000000000000000000000
00000000000000000000000000000000
00000000000000000000000000000000
00000000000000000000000000000000
00000000000000000000000000000000
00000000000000000000000000000000
00000000000000000000000000000000
00000000000000000000000000000000
00000000000000000000000000000000
00000000000000000000000000000000
00000000000000000000000000000000
00000000000000000000000000000000
00000000000000000000000000000000
00000000000000000000000000000000
00000000000000000000000000000000
00000000000000000000000000000000
00000000000000000000000000000000
00000000000000000000000000000000
00000000000000000000000000000000
00000000000000000000000000000000
00000000000000000000000000000000
00000000000000000000000000000000
00000000000000000000000000000000
00000000000000000000000000000000
00000000000000000000000000000000
00000000000000000000000000000000
00000000000000000000000000000000
00000000000000000000000000000000
00000000000000000000000000000000
00000000000000000000000000000000
00000000000000000000000000000000
00000000000000000000000000000000
00000000000000000000000000000000
00000000000000000000000000000000
00000000000000000000000000000000
00000000000000000000000000000000
00000000000000000000000000000000
00000000000000000000000000000000
00000000000000000000000000000000
00000000000000000000000000000000
00000000000000000000000000000000
00000000000000000000000000000000
00000000000000000000000000000000
00000000000000000000000000000000
00000000000000000000000000000000
00000000000000000000000000000000
00000000000000000000000000000000
00000000000000000000000000000000
00000000000000000000000000000000
00000000000000000000000000000000
00000000000000000000000000000000
00000000000000000000000000000000
00000000000000000000000000000000
00000000000000000000000000000000
00000000000000000000000000000000
00000000000000000000000000000000
00000000000000000000000000000000
00000000000000000000000000000000
00000000000000000000000000000000
00000000000000000000000000000000
00000000000000000000000000000000
00000000000000000000000000000000
00000000000000000000000000000000
00000000000000000000000000000000
00000000000000000000000000000000
00000000000000000000000000000000
00000000000000000000000000000000
00000000000000000000000000000000
00000000000000000000000000000000
00000000000000000000000000000000
00000000000000000000000000000000
00000000000000000000000000000000
00000000000000000000000000000000
00000000000000000000000000000000
00000000000000000000000000000000
00000000000000000000000000000000
00000000000000000000000000000000
00000000000000000000000000000000
00000000000000000000000000000000
00000000000000000000000000000000
00000000000000000000000000000000
00000000000000000000000000000000
00000000000000000000000000000000
00000000000000000000000000000000
00000000000000000000000000000000
00000000000000000000000000000000
00000000000000000000000000000000
00000000000000000000000000000000
00000000000000000000000000000000
00000000000000000000000000000000
00000000000000000000000000000000
00000000000000000000000000000000
00000000000000000000000000000000
00000000000000000000000000000000
00000000000000000000000000000000
00000000000000000000000000000000
00000000000000000000000000000000
00000000000000000000000000000000
00000000000000000000000000000000
00000000000000000000000000000000
00000000000000000000000000000000
00000000000000000000000000000000
00000000000000000000000000000000
00000000000000000000000000000000
00000000000000000000000000000000
00000000000000000000000000000000
00000000000000000000000000000000
00000000000000000000000000000000
00000000000000000000000000000000
00000000000000000000000000000000
00000000000000000000000000000000
00000000000000000000000000000000
00000000000000000000000000000000
00000000000000000000000000000000
00000000000000000000000000000000
00000000000000000000000000000000
00000000000000000000000000000000
00000000000000000000000000000000
00000000000000000000000000000000
00000000000000000000000000000000
00000000000000000000000000000000
00000000000000000000000000000000
00000000000000000000000000000000
00000000000000000000000000000000
00000000000000000000000000000000
00000000000000000000000000000000
00000000000000000000000000000000
00000000000000000000000000000000
00000000000000000000000000000000
00000000000000000000000000000000
00000000000000000000000000000000
00000000000000000000000000000000
00000000000000000000000000000000
00000000000000000000000000000000
00000000000000000000000000000000
00000000000000000000000000000000
00000000000000000000000000000000
00000000000000000000000000000000
00000000000000000000000000000000
00000000000000000000000000000000
00000000000000000000000000000000
00000000000000000000000000000000
00000000000000000000000000000000
00000000000000000000000000000000
00000000000000000000000000000000
00000000000000000000000000000000
00000000000000000000000000000000
00000000000000000000000000000000
00000000000000000000000000000000
00000000000000000000000000000000
00000000000000000000000000000000
00000000000000000000000000000000
00000000000000000000000000000000
00000000000000000000000000000000
00000000000000000000000000000000
00000000000000000000000000000000
00000000000000000000000000000000
00000000000000000000000000000000
00000000000000000000000000000000
00000000000000000000000000000000
00000000000000000000000000000000
00000000000000000000000000000000
00000000000000000000000000000000
00000000000000000000000000000000
00000000000000000000000000000000
00000000000000000000000000000000
00000000000000000000000000000000
00000000000000000000000000000000
00000000000000000000000000000000
00000000000000000000000000000000
00000000000000000000000000000000
00000000000000000000000000000000
00000000000000000000000000000000
00000000000000000000000000000000
00000000000000000000000000000000
00000000000000000000000000000000
00000000000000000000000000000000
00000000000000000000000000000000
00000000000000000000000000000000
00000000000000000000000000000000
00000000000000000000000000000000
676a3a5d868a4998436e667d6c5a64b4
cb9d588ca1484c97647a5b99373782d7
9758bb3658faa7952d55446aab40dc4a
771b57999442b7abc86ec0976c3d5954
b4a1789cc5e91332b73692298c9144b8
52dc6ac87656164583658bf59bd6b8a8
7776c4058974ba6d78ea45b7ad422ba4
9a9acc7b551e3984bda598798e45833c
6468784c5a714486952a99abeaa758ce
4c5569464bcb5d9298446a6359a5b749
68749897b50aaa7833dac94b5b19c17a
5db58d4cd66652b732747755d2ff3c98
247cd858a89a7ac8be9662549d62da9b
7745846845a8a862b4d45b94929ccc61
6a95517b7956ad5c49727cc77a42c8a3
7c56799922dc987263adee6378c53345
be59656d3687953c9a3e575bac77ab91
96bb5996647859e386989a0a766ca79b
68b86869c8ee1c3a6a7b289d85a189bd
814c766a46aeab35e7936937551ae634
b56d66ccd9c97547d9c89b4576828a15
73673976d158593d13a64b666d894c56
5a95cd7b8897ada9b99abc264f639787
7ab82567427652acb5e7634f76667b86
873967984abaa55dc52463ca66c5c8f7
d7a5784b5992156785a9c85a33de9b94
5356b8a254c1c938aec281b3b443b82b
4a953aa74533a77ab767ddb9906c3c68
58c4a1714b3388f56832ad5a66555873
54866a8ac47b5a56ba97451747d2ecb7
5754cbad25bb6345241bb9a656efa781
719ce839bca50978994b35c9dc9a59b7
f86188a537976d89b6869b95a7c64587
c929c596568b88de6c6939595a9a9777
4251856c6a1938872a2572768d58b3ba
c3a952fa67a643849a896ad27ae97684
d5710846a627968b696b6b735889e497
be446757537abab9b6927b2a45557909
49d76b9e974cb31b3888759743a47458
4d78bd48bbdb4a54a35eb4a96bc4ab85
d5a7537532a155668b7a6e87347a88a5
356a28399d1966676272a699a27c4b99
4a749e96a995d327495baaa9832bbea9
7a79661b644898a8ba9531a775669999
d5b2c2c6184396542846bc76e3564caa
b756a978be6a3bb31d26a6ba74d6386b
57494956487e58d0cb17862777bbe8ba
55538c46388e7d4f8759b65338a4738c
168b48b388588b77e85a327949b71dab
3787ab7c8cc8250ba2ad6557d5b95ac8
49594f152838a5c3b3ccf57a87d53541
e6c89edc4627e736eba96793799f57c8
b493c539766c8c8b82bc8b954acc8cba
283e7b74c6d8ce99777e84b968aa7b4a
8c750a7aa85a274263669747c9bcceb9
e2e599b354a9b5fd2bc8d66b7432aa54
a9496ab47a66eac5ab2552887555e476
ac6d24b0d79a85b94b49557b558c66b4
76a5e7549c9db77416daa54b8dac9a94
79467e1dc8b9b9c80d82276b99669d2b
49b5456371a84e3641bcda31db48a56b
4e824d7d560c8696b8935655a2846526
c961da3598463474b827b54db9c41a96
725cb042bbbdc79a8369169b347889ab
57267d6bb8888784c76a2c694942c9b1
00000000000000000000000000000000
00000000000000000000000000000000
00000000000000000000000000000000
00000000000000000000000000000000
00000000000000000000000000000000
00000000000000000000000000000000
00000000000000000000000000000000
00000000000000000000000000000000
00000000000000000000000000000000
00000000000000000000000000000000
00000000000000000000000000000000
00000000000000000000000000000000
00000000000000000000000000000000
00000000000000000000000000000000
00000000000000000000000000000000
00000000000000000000000000000000
00000000000000000000000000000000
00000000000000000000000000000000
00000000000000000000000000000000
00000000000000000000000000000000
00000000000000000000000000000000
00000000000000000000000000000000
00000000000000000000000000000000
00000000000000000000000000000000
00000000000000000000000000000000
00000000000000000000000000000000
00000000000000000000000000000000
00000000000000000000000000000000
00000000000000000000000000000000
00000000000000000000000000000000
00000000000000000000000000000000
00000000000000000000000000000000
00000000000000000000000000000000
00000000000000000000000000000000
00000000000000000000000000000000
00000000000000000000000000000000
00000000000000000000000000000000
00000000000000000000000000000000
00000000000000000000000000000000
00000000000000000000000000000000
00000000000000000000000000000000
00000000000000000000000000000000
00000000000000000000000000000000
00000000000000000000000000000000
00000000000000000000000000000000
00000000000000000000000000000000
00000000000000000000000000000000
00000000000000000000000000000000
00000000000000000000000000000000
00000000000000000000000000000000
00000000000000000000000000000000
00000000000000000000000000000000
00000000000000000000000000000000
00000000000000000000000000000000
00000000000000000000000000000000
00000000000000000000000000000000
00000000000000000000000000000000
00000000000000000000000000000000
00000000000000000000000000000000
00000000000000000000000000000000
00000000000000000000000000000000
00000000000000000000000000000000
00000000000000000000000000000000
00000000000000000000000000000000
00000000000000000000000000000000
00000000000000000000000000000000
00000000000000000000000000000000
00000000000000000000000000000000
00000000000000000000000000000000
00000000000000000000000000000000
00000000000000000000000000000000
00000000000000000000000000000000
00000000000000000000000000000000
00000000000000000000000000000000
00000000000000000000000000000000
00000000000000000000000000000000
00000000000000000000000000000000
00000000000000000000000000000000
00000000000000000000000000000000
00000000000000000000000000000000
00000000000000000000000000000000
00000000000000000000000000000000
00000000000000000000000000000000
00000000000000000000000000000000
00000000000000000000000000000000
00000000000000000000000000000000
00000000000000000000000000000000
00000000000000000000000000000000
00000000000000000000000000000000
00000000000000000000000000000000
00000000000000000000000000000000
00000000000000000000000000000000
00000000000000000000000000000000
00000000000000000000000000000000
00000000000000000000000000000000
00000000000000000000000000000000
00000000000000000000000000000000
00000000000000000000000000000000
00000000000000000000000000000000
00000000000000000000000000000000
00000000000000000000000000000000
00000000000000000000000000000000
00000000000000000000000000000000
00000000000000000000000000000000
00000000000000000000000000000000
00000000000000000000000000000000
00000000000000000000000000000000
00000000000000000000000000000000
00000000000000000000000000000000
00000000000000000000000000000000
00000000000000000000000000000000
00000000000000000000000000000000
00000000000000000000000000000000
00000000000000000000000000000000
00000000000000000000000000000000
00000000000000000000000000000000
00000000000000000000000000000000
00000000000000000000000000000000
00000000000000000000000000000000
00000000000000000000000000000000
00000000000000000000000000000000
00000000000000000000000000000000
00000000000000000000000000000000
00000000000000000000000000000000
00000000000000000000000000000000
00000000000000000000000000000000
00000000000000000000000000000000
00000000000000000000000000000000
00000000000000000000000000000000
00000000000000000000000000000000
00000000000000000000000000000000
00000000000000000000000000000000
00000000000000000000000000000000
00000000000000000000000000000000
00000000000000000000000000000000
00000000000000000000000000000000
00000000000000000000000000000000
00000000000000000000000000000000
00000000000000000000000000000000
00000000000000000000000000000000
00000000000000000000000000000000
00000000000000000000000000000000
00000000000000000000000000000000
00000000000000000000000000000000
00000000000000000000000000000000
00000000000000000000000000000000
00000000000000000000000000000000
00000000000000000000000000000000
00000000000000000000000000000000
00000000000000000000000000000000
00000000000000000000000000000000
00000000000000000000000000000000
00000000000000000000000000000000
00000000000000000000000000000000
00000000000000000000000000000000
00000000000000000000000000000000
00000000000000000000000000000000
00000000000000000000000000000000
00000000000000000000000000000000
00000000000000000000000000000000
00000000000000000000000000000000
00000000000000000000000000000000
00000000000000000000000000000000
00000000000000000000000000000000
00000000000000000000000000000000
00000000000000000000000000000000
00000000000000000000000000000000
00000000000000000000000000000000
00000000000000000000000000000000
00000000000000000000000000000000
00000000000000000000000000000000
00000000000000000000000000000000
00000000000000000000000000000000
00000000000000000000000000000000
00000000000000000000000000000000
00000000000000000000000000000000
00000000000000000000000000000000
00000000000000000000000000000000
00000000000000000000000000000000
00000000000000000000000000000000
00000000000000000000000000000000
00000000000000000000000000000000
00000000000000000000000000000000
00000000000000000000000000000000
00000000000000000000000000000000
00000000000000000000000000000000
00000000000000000000000000000000
00000000000000000000000000000000
00000000000000000000000000000000
00000000000000000000000000000000
00000000000000000000000000000000
56aa4625aaa24c14427b866b95c6db30
6d294e85d80b997ae4674d643adaccaa
55abcc8bbe36838566d5c9b99a479633
c459578e5778538821998a27b81a64c6
a8374eab577b67a63b85997344c66d59
7669a6884455cad1a938956b19a8b78a
d9c896928b77b2ddc7aa685355c9478a
b6a6bac6cc285a88841843bd4547d998
9c8637b37453d63dc2a567413aa6559c
564ca239c637bac5a840075bab7d7869
eb237acbb7463ad6aa66367435596551
73c336b3683d88b484a4d6c968696a46
7c3862548f46649a53ca32ab1866846a
33653d4233368c4a1c53ca7b57199a57
6cf862797856d92aad2cb798866c5396
98788e2597635c74e38ac4d9c817789b
14755ac13538975b94ce7658458b6928
82b7829ab04aaeb9c3ee566bb37c9525
a26494446361b669b60475a7cb38b79a
983695a528aba3aa79126228d8c7baa9
352476ada96a573d47bc52b3dda2a488
58d62db976e8d7ba51b56a8409694c56
53738b6c0494ac407629759558887e8f
746cca48655c9e3a8b97aca351ccc931
26862bea7a8a77bad38b57459547e3ae
3c49635c48e5c58c9a1a937348a23376
75b67108a89e557979994738b4438677
58632c2297c885c3925358925777b989
c584a896d54ab944e537794b478d67cc
8d257664b85b5c2d69d8b2932279ac15
bb659a7b75c336e88b83d9a7a5895993
be75c28a895aaa9b5779d87178d65786
e25ad395eb4a2a618bb86943d3b8a52d
d8d8a2f39c634c7b45255cc25d879599
74a167a5693396615382aaec29998988
863a682653fbe436a795b8a6e953885a
aa9865bb6958acc5619d656689317b41
7523e7e8c868432b91db74388ed99326
b972a1ad30c36b48e1aae95649384a49
60c93ca5e7c2777a88554797abd5879a
ed0528d7b63568427b68a754774bf387
57ca4b842878948a8968ce3a1a92523c
546677372ea869966d447362914608ce
6f99e0781487c89586988f6b6384935c
45753952be47989135386e5598898a57
e6d67be9366dc7582e959246786991bd
96d4664c9773a597a27c84277c68bca6
b57555dabb9979aaa6d748a1a83596b2
d85a59515ca5bc95c78bba99a5aaa122
c6556818c8a5170959b7c6a87b54a495
8967235667486795d3b884c63ca4b891
7a966d5274736b7517c9db8546673182
8885c2cb55d4bd689ec8ca8e45c89827
5ae698c9e9e58a2336d357bc7d7b932a
b2488bbca9a6a27b6d893e897d9778b2
9569157742eba5bb43a9b448996786b7
a1987618d5bc5a6b8c84bd82a8eaf382
3a532d4e16769bb9364898987568673d
94572b7c74a239326575c945dd649d49
64872a8733342b4277c8c7bb7a944a6e
c7c2550a27d7359a5baab349b9b98767
8694b349cb81774281757ba7ab4955a2
cb49575b1bdaab3849b5761786e7bc43
a33a8973b87878317a67cd3c76532863
474b769bc4b5f1379e86792283a75b12
00000000000000000000000000000000
00000000000000000000000000000000
00000000000000000000000000000000
00000000000000000000000000000000
00000000000000000000000000000000
00000000000000000000000000000000
00000000000000000000000000000000
00000000000000000000000000000000
00000000000000000000000000000000
00000000000000000000000000000000
00000000000000000000000000000000
00000000000000000000000000000000
00000000000000000000000000000000
00000000000000000000000000000000
00000000000000000000000000000000
00000000000000000000000000000000
00000000000000000000000000000000
00000000000000000000000000000000
00000000000000000000000000000000
00000000000000000000000000000000
00000000000000000000000000000000
00000000000000000000000000000000
00000000000000000000000000000000
00000000000000000000000000000000
00000000000000000000000000000000
00000000000000000000000000000000
00000000000000000000000000000000
00000000000000000000000000000000
00000000000000000000000000000000
00000000000000000000000000000000
00000000000000000000000000000000
00000000000000000000000000000000
00000000000000000000000000000000
00000000000000000000000000000000
00000000000000000000000000000000
00000000000000000000000000000000
00000000000000000000000000000000
00000000000000000000000000000000
00000000000000000000000000000000
00000000000000000000000000000000
00000000000000000000000000000000
00000000000000000000000000000000
00000000000000000000000000000000
00000000000000000000000000000000
00000000000000000000000000000000
00000000000000000000000000000000
00000000000000000000000000000000
00000000000000000000000000000000
00000000000000000000000000000000
00000000000000000000000000000000
00000000000000000000000000000000
00000000000000000000000000000000
00000000000000000000000000000000
00000000000000000000000000000000
00000000000000000000000000000000
00000000000000000000000000000000
00000000000000000000000000000000
00000000000000000000000000000000
00000000000000000000000000000000
00000000000000000000000000000000
00000000000000000000000000000000
00000000000000000000000000000000
00000000000000000000000000000000
00000000000000000000000000000000
00000000000000000000000000000000
00000000000000000000000000000000
00000000000000000000000000000000
00000000000000000000000000000000
00000000000000000000000000000000
00000000000000000000000000000000
00000000000000000000000000000000
00000000000000000000000000000000
00000000000000000000000000000000
00000000000000000000000000000000
00000000000000000000000000000000
00000000000000000000000000000000
00000000000000000000000000000000
00000000000000000000000000000000
00000000000000000000000000000000
00000000000000000000000000000000
00000000000000000000000000000000
00000000000000000000000000000000
00000000000000000000000000000000
00000000000000000000000000000000
00000000000000000000000000000000
00000000000000000000000000000000
00000000000000000000000000000000
00000000000000000000000000000000
00000000000000000000000000000000
00000000000000000000000000000000
00000000000000000000000000000000
00000000000000000000000000000000
00000000000000000000000000000000
00000000000000000000000000000000
00000000000000000000000000000000
00000000000000000000000000000000
00000000000000000000000000000000
00000000000000000000000000000000
00000000000000000000000000000000
00000000000000000000000000000000
00000000000000000000000000000000
00000000000000000000000000000000
00000000000000000000000000000000
00000000000000000000000000000000
00000000000000000000000000000000
00000000000000000000000000000000
00000000000000000000000000000000
00000000000000000000000000000000
00000000000000000000000000000000
00000000000000000000000000000000
00000000000000000000000000000000
00000000000000000000000000000000
00000000000000000000000000000000
00000000000000000000000000000000
00000000000000000000000000000000
00000000000000000000000000000000
00000000000000000000000000000000
00000000000000000000000000000000
00000000000000000000000000000000
00000000000000000000000000000000
00000000000000000000000000000000
00000000000000000000000000000000
00000000000000000000000000000000
00000000000000000000000000000000
00000000000000000000000000000000
00000000000000000000000000000000
00000000000000000000000000000000
00000000000000000000000000000000
00000000000000000000000000000000
00000000000000000000000000000000
00000000000000000000000000000000
00000000000000000000000000000000
00000000000000000000000000000000
00000000000000000000000000000000
00000000000000000000000000000000
00000000000000000000000000000000
00000000000000000000000000000000
00000000000000000000000000000000
00000000000000000000000000000000
00000000000000000000000000000000
00000000000000000000000000000000
00000000000000000000000000000000
00000000000000000000000000000000
00000000000000000000000000000000
00000000000000000000000000000000
00000000000000000000000000000000
00000000000000000000000000000000
00000000000000000000000000000000
00000000000000000000000000000000
00000000000000000000000000000000
00000000000000000000000000000000
00000000000000000000000000000000
00000000000000000000000000000000
00000000000000000000000000000000
00000000000000000000000000000000
00000000000000000000000000000000
00000000000000000000000000000000
00000000000000000000000000000000
00000000000000000000000000000000
00000000000000000000000000000000
00000000000000000000000000000000
00000000000000000000000000000000
00000000000000000000000000000000
00000000000000000000000000000000
00000000000000000000000000000000
00000000000000000000000000000000
00000000000000000000000000000000
00000000000000000000000000000000
00000000000000000000000000000000
00000000000000000000000000000000
00000000000000000000000000000000
00000000000000000000000000000000
00000000000000000000000000000000
00000000000000000000000000000000
00000000000000000000000000000000
00000000000000000000000000000000
00000000000000000000000000000000
00000000000000000000000000000000
00000000000000000000000000000000
00000000000000000000000000000000
00000000000000000000000000000000
00000000000000000000000000000000
00000000000000000000000000000000
00000000000000000000000000000000
00000000000000000000000000000000
00000000000000000000000000000000
00000000000000000000000000000000
00000000000000000000000000000000
00000000000000000000000000000000
00000000000000000000000000000000
00000000000000000000000000000000
8866a788dba663cbaa9a0009b7abb52a
a6a95b99095b787196ab2aad1947f5ef
7295950b250928a69c6b57194640aee4
d595b14da99f2ec85a6b5f899ae38a6a
2d5429aec7e99dd7d27b566cdea42564
28e942db21aa14d719b2722a94a6e91d
66987286db091590c5b1959e67d52a6b
6a71bc2d41e4a7314baac2a695519b8a
96955588a62e88a2429a6bae20e6496d
0266155c69412fd579a6565b26655480
a9847d77b26548a0d517be54ae55655b
76cd9568a46e354561e8456165d99796
654f95be9d08cdad9416e00aaa97071e
daa0eebaf06e6932790099815eb654e8
ebea9af479eebab9dd5aba66bb91aaab
698956d9a1f6eb9bd6a89658b5e73c4f
a758b2b16661224595ee8be2ebb1016b
861791695e19d167c914bc6369469b15
20b96d43aa9b599a6669556ba5b4f5b4
3f55a52e9a6eaa76aca4a5c156f53815
3f958ae9340d45a586a7a73ae7c55d96
f26977e55e557a685e2a8499635e0342
98596842b6eb6c5ad84587925e162628
2d865f4a6f597a4ea89eba2d6137399d
6f8aa1850555ba56a5d749196028be3a
5e595367a70537fc31bb676ab5b49895
5457669751b5c9b29c6997209459bafd
10f595ae6c1f7e85a4598c58b5631125
643a0ada65159677d69aaac693901764
d99945abbc49dd957671add92e558946
9aba1182bde7635a57e186aa8d6e646a
ca165d95e81ae9a298a1eea91bea89a5
7559b5939785b999951d265aab6980ee
e74242618f0a47b79a5ad495779d88c9
9b25caecf1552d59d662219c6d86a8a0
25b71206adb9d18672e54d9556a399a6
038d7e144a56baabc8aa54588a861625
4b6bc7693553af2fe5959260796789a9
6b75e56797e55016e95470b5e66ed059
999e29572de9a382481a5279a8d4d4aa
90a15b46a76d911ed931ad4557b1aa25
c725a291925b68b6dfd9a61be9d0e2a7
5f98a5c15858a2e3c4965a29e9ae4dfa
68327c71857491986a26759936438f77
56998317a9efd8657a5a53265e15e61b
67e9a8a664a95d9e14743362555d5726
4d1ad769144bf24d4e6e85be6264e2b1
a6c4a977a455a65696650b17a74deb2f
b6aa09556684232e5f0bad5910fc5597
5a885ff5c766a156955ab0f83e7e5459
8ece5481626a5aba65baa8996180eb7f
fd4949aa89a8158a9fd8469d99daff51
7576a9621b8a5a49ae1a14c646e5682b
c2759d9979ea9dcae9ea747da62c8b6d
956fe03e73aa5936fa611e512ae975a3
7ac5876e79f21e4764462654ee6ea2a5
eda5e94972ce739b9a9694785c988a5a
ade696a76da532a90a49d1d66538ee6a
869a6cbca9698936846036b9191d1255
b9e59967b996915de026dc8939a0852f
3a7a52049af14a9a4258829268c96957
b30972a566e9aa79e9d266a2a31d02d5
559b7a9a450612ab2ba943e9948c9edd
d7689bf29f5d6502d19451869595191a
979661145808a71d56a1738c9d952886
00000000000000000000000000000000
00000000000000000000000000000000
00000000000000000000000000000000
00000000000000000000000000000000
00000000000000000000000000000000
00000000000000000000000000000000
00000000000000000000000000000000
00000000000000000000000000000000
00000000000000000000000000000000
00000000000000000000000000000000
00000000000000000000000000000000
00000000000000000000000000000000
00000000000000000000000000000000
00000000000000000000000000000000
00000000000000000000000000000000
00000000000000000000000000000000
00000000000000000000000000000000
00000000000000000000000000000000
00000000000000000000000000000000
00000000000000000000000000000000
00000000000000000000000000000000
00000000000000000000000000000000
00000000000000000000000000000000
00000000000000000000000000000000
00000000000000000000000000000000
00000000000000000000000000000000
00000000000000000000000000000000
00000000000000000000000000000000
00000000000000000000000000000000
00000000000000000000000000000000
00000000000000000000000000000000
00000000000000000000000000000000
00000000000000000000000000000000
00000000000000000000000000000000
00000000000000000000000000000000
00000000000000000000000000000000
00000000000000000000000000000000
00000000000000000000000000000000
00000000000000000000000000000000
00000000000000000000000000000000
00000000000000000000000000000000
00000000000000000000000000000000
00000000000000000000000000000000
00000000000000000000000000000000
00000000000000000000000000000000
00000000000000000000000000000000
00000000000000000000000000000000
00000000000000000000000000000000
00000000000000000000000000000000
00000000000000000000000000000000
00000000000000000000000000000000
00000000000000000000000000000000
00000000000000000000000000000000
00000000000000000000000000000000
00000000000000000000000000000000
00000000000000000000000000000000
00000000000000000000000000000000
00000000000000000000000000000000
00000000000000000000000000000000
00000000000000000000000000000000
00000000000000000000000000000000
00000000000000000000000000000000
00000000000000000000000000000000
00000000000000000000000000000000
00000000000000000000000000000000
00000000000000000000000000000000
00000000000000000000000000000000
00000000000000000000000000000000
00000000000000000000000000000000
00000000000000000000000000000000
00000000000000000000000000000000
00000000000000000000000000000000
00000000000000000000000000000000
00000000000000000000000000000000
00000000000000000000000000000000
00000000000000000000000000000000
00000000000000000000000000000000
00000000000000000000000000000000
00000000000000000000000000000000
00000000000000000000000000000000
00000000000000000000000000000000
00000000000000000000000000000000
00000000000000000000000000000000
00000000000000000000000000000000
00000000000000000000000000000000
00000000000000000000000000000000
00000000000000000000000000000000
00000000000000000000000000000000
00000000000000000000000000000000
00000000000000000000000000000000
00000000000000000000000000000000
00000000000000000000000000000000
00000000000000000000000000000000
00000000000000000000000000000000
00000000000000000000000000000000
00000000000000000000000000000000
00000000000000000000000000000000
00000000000000000000000000000000
00000000000000000000000000000000
00000000000000000000000000000000
00000000000000000000000000000000
00000000000000000000000000000000
00000000000000000000000000000000
00000000000000000000000000000000
00000000000000000000000000000000
00000000000000000000000000000000
00000000000000000000000000000000
00000000000000000000000000000000
00000000000000000000000000000000
00000000000000000000000000000000
00000000000000000000000000000000
00000000000000000000000000000000
00000000000000000000000000000000
00000000000000000000000000000000
00000000000000000000000000000000
00000000000000000000000000000000
00000000000000000000000000000000
00000000000000000000000000000000
00000000000000000000000000000000
00000000000000000000000000000000
00000000000000000000000000000000
00000000000000000000000000000000
00000000000000000000000000000000
00000000000000000000000000000000
00000000000000000000000000000000
00000000000000000000000000000000
00000000000000000000000000000000
00000000000000000000000000000000
00000000000000000000000000000000
00000000000000000000000000000000
00000000000000000000000000000000
00000000000000000000000000000000
00000000000000000000000000000000
00000000000000000000000000000000
00000000000000000000000000000000
00000000000000000000000000000000
00000000000000000000000000000000
00000000000000000000000000000000
00000000000000000000000000000000
00000000000000000000000000000000
00000000000000000000000000000000
00000000000000000000000000000000
00000000000000000000000000000000
00000000000000000000000000000000
00000000000000000000000000000000
00000000000000000000000000000000
00000000000000000000000000000000
00000000000000000000000000000000
00000000000000000000000000000000
00000000000000000000000000000000
00000000000000000000000000000000
00000000000000000000000000000000
00000000000000000000000000000000
00000000000000000000000000000000
00000000000000000000000000000000
00000000000000000000000000000000
00000000000000000000000000000000
00000000000000000000000000000000
00000000000000000000000000000000
00000000000000000000000000000000
00000000000000000000000000000000
00000000000000000000000000000000
00000000000000000000000000000000
00000000000000000000000000000000
00000000000000000000000000000000
00000000000000000000000000000000
00000000000000000000000000000000
00000000000000000000000000000000
00000000000000000000000000000000
00000000000000000000000000000000
00000000000000000000000000000000
00000000000000000000000000000000
00000000000000000000000000000000
00000000000000000000000000000000
00000000000000000000000000000000
00000000000000000000000000000000
00000000000000000000000000000000
00000000000000000000000000000000
00000000000000000000000000000000
00000000000000000000000000000000
00000000000000000000000000000000
00000000000000000000000000000000
00000000000000000000000000000000
00000000000000000000000000000000
00000000000000000000000000000000
00000000000000000000000000000000
00000000000000000000000000000000
00000000000000000000000000000000
00000000000000000000000000000000
00000000000000000000000000000000
00000000000000000000000000000000
000c000a000b000a000c000a000b000c
0008000a0009000a000c000a000a000a
000a0009000a0009000a000a000a000b
000b0009000b00090009000c0009000a
0009000a000a000b000a000b0009000a
000b000b000a000a000a000a00090009
000a000b000b0009000900090009000b
000a000a000b000b000b0009000a000c
000a000c0009000b000b000a000a0009
000c000a000a0009000b0009000a0008
000a000a000a000b000b000a0009000a
000b0009000a000a000c0009000a000a
00090009000c000a000b000a000d000b
000a000a000b0009000c0009000a000a
000a0009000b0009000a000a000b000a
000a000b000a000b000a0009000a0009
00000000000000000000000000090009
00000000000000000000000000000000
00000000000000000000000000000000
00000000000000000000000000000000
00000000000000000000000000000000
00000000000000000000000000000000
00000000000000000000000000000000
00000000000000000000000000000000
00000000000000000000000000000000
00000000000000000000000000000000
00000000000000000000000000000000
00000000000000000000000000000000
00000000000000000000000000000000
00000000000000000000000000000000
00000000000000000000000000000000
00000000000000000000000000000000
00000000000000000000000000000000
00000000000000000000000000000000
00000000000000000000000000000000
00000000000000000000000000000000
00000000000000000000000000000000
00000000000000000000000000000000
00000000000000000000000000000000
00000000000000000000000000000000
00000000000000000000000000000000
00000000000000000000000000000000
00000000000000000000000000000000
00000000000000000000000000000000
00000000000000000000000000000000
00000000000000000000000000000000
00000000000000000000000000000000
00000000000000000000000000000000
00000000000000000000000000000000
00000000000000000000000000000000
00000000000000000000000000000000
00000000000000000000000000000000
00000000000000000000000000000000
00000000000000000000000000000000
00000000000000000000000000000000
00000000000000000000000000000000
00000000000000000000000000000000
00000000000000000000000000000000
00000000000000000000000000000000
00000000000000000000000000000000
00000000000000000000000000000000
00000000000000000000000000000000
00000000000000000000000000000000
00000000000000000000000000000000
00000000000000000000000000000000
00000000000000000000000000000000
00000000000000000000000000000000
00000000000000000000000000000000
00000000000000000000000000000000
00000000000000000000000000000000
00000000000000000000000000000000
00000000000000000000000000000000
00000000000000000000000000000000
00000000000000000000000000000000
00000000000000000000000000000000
00000000000000000000000000000000
00000000000000000000000000000000
00000000000000000000000000000000
00000000000000000000000000000000
00000000000000000000000000000000
00000000000000000000000000000000
00000000000000000000000000000000
00000000000000000000000000000000
00000000000000000000000000000000
00000000000000000000000000000000
00000000000000000000000000000000
00000000000000000000000000000000
00000000000000000000000000000000
00000000000000000000000000000000
00000000000000000000000000000000
00000000000000000000000000000000
00000000000000000000000000000000
00000000000000000000000000000000
00000000000000000000000000000000
00000000000000000000000000000000
00000000000000000000000000000000
00000000000000000000000000000000
00000000000000000000000000000000
00000000000000000000000000000000
00000000000000000000000000000000
00000000000000000000000000000000
00000000000000000000000000000000
00000000000000000000000000000000
00000000000000000000000000000000
00000000000000000000000000000000
00000000000000000000000000000000
00000000000000000000000000000000
00000000000000000000000000000000
00000000000000000000000000000000
00000000000000000000000000000000
00000000000000000000000000000000
00000000000000000000000000000000
00000000000000000000000000000000
00000000000000000000000000000000
00000000000000000000000000000000
00000000000000000000000000000000
00000000000000000000000000000000
00000000000000000000000000000000
00000000000000000000000000000000
00000000000000000000000000000000
00000000000000000000000000000000
00000000000000000000000000000000
00000000000000000000000000000000
00000000000000000000000000000000
00000000000000000000000000000000
00000000000000000000000000000000
00000000000000000000000000000000
00000000000000000000000000000000
00000000000000000000000000000000
00000000000000000000000000000000
00000000000000000000000000000000
00000000000000000000000000000000
00000000000000000000000000000000
00000000000000000000000000000000
00000000000000000000000000000000
00000000000000000000000000000000
00000000000000000000000000000000
00000000000000000000000000000000
00000000000000000000000000000000
00000000000000000000000000000000
00000000000000000000000000000000
00000000000000000000000000000000
00000000000000000000000000000000
00000000000000000000000000000000
00000000000000000000000000000000
00000000000000000000000000000000
00000000000000000000000000000000
00000000000000000000000000000000
00000000000000000000000000000000
00000000000000000000000000000000
00000000000000000000000000000000
00000000000000000000000000000000
00000000000000000000000000000000
00000000000000000000000000000000
00000000000000000000000000000000
00000000000000000000000000000000
00000000000000000000000000000000
00000000000000000000000000000000
00000000000000000000000000000000
00000000000000000000000000000000
00000000000000000000000000000000
00000000000000000000000000000000
00000000000000000000000000000000
00000000000000000000000000000000
00000000000000000000000000000000
00000000000000000000000000000000
00000000000000000000000000000000
00000000000000000000000000000000
00000000000000000000000000000000
00000000000000000000000000000000
00000000000000000000000000000000
00000000000000000000000000000000
00000000000000000000000000000000
00000000000000000000000000000000
00000000000000000000000000000000
00000000000000000000000000000000
00000000000000000000000000000000
00000000000000000000000000000000
00000000000000000000000000000000
00000000000000000000000000000000
00000000000000000000000000000000
00000000000000000000000000000000
00000000000000000000000000000000
00000000000000000000000000000000
00000000000000000000000000000000
00000000000000000000000000000000
00000000000000000000000000000000
00000000000000000000000000000000
00000000000000000000000000000000
00000000000000000000000000000000
00000000000000000000000000000000
00000000000000000000000000000000
00000000000000000000000000000000
00000000000000000000000000000000
00000000000000000000000000000000
00000000000000000000000000000000
00000000000000000000000000000000
00000000000000000000000000000000
00000000000000000000000000000000
00000000000000000000000000000000
00000000000000000000000000000000
00000000000000000000000000000000
00000000000000000000000000000000
00000000000000000000000000000000
00000000000000000000000000000000
00000000000000000000000000000000
00000000000000000000000000000000
00000000000000000000000000000000
00000000000000000000000000000000
00000000000000000000000000000000
00000000000000000000000000000000
00000000000000000000000000000000
00000000000000000000000000000000
00000000000000000000000000000000
00000000000000000000000000000000
00000000000000000000000000000000
00000000000000000000000000000000
00000000000000000000000000000000
00000000000000000000000000000000
00000000000000000000000000000000
00000000000000000000000000000000
00000000000000000000000000000000
00000000000000000000000000000000
00000000000000000000000000000000
00000000000000000000000000000000
00000000000000000000000000000000
00000000000000000000000000000000
00000000000000000000000000000000
00000000000000000000000000000000
00000000000000000000000000000000
00000000000000000000000000000000
00000000000000000000000000000000
00000000000000000000000000000000
00000000000000000000000000000000
00000000000000000000000000000000
00000000000000000000000000000000
00000000000000000000000000000000
00000000000000000000000000000000
00000000000000000000000000000000
00000000000000000000000000000000
00000000000000000000000000000000
00000000000000000000000000000000
00000000000000000000000000000000
00000000000000000000000000000000
00000000000000000000000000000000
00000000000000000000000000000000
00000000000000000000000000000000
00000000000000000000000000000000
00000000000000000000000000000000
00000000000000000000000000000000
00000000000000000000000000000000
00000000000000000000000000000000
00000000000000000000000000000000
00000000000000000000000000000000
00000000000000000000000000000000
00000000000000000000000000000000
4399b69d820ac67b1673459d7ca93a33
07c85278da55661c54c68e3969673a99
879e74a388a1055418a5376d68679d35
d1a6a5d62b788d49947b37ae689862a9
c96837913b1e57b7b9583b6447ccb5b6
9472aacd84a6c755a5835b7fe6474462
fb1816a367a9c8b66157d987656998bd
d75b973533964bd78abb9aadf92491bd
2526b988596ea59589c98a66c98b656b
867186df96c4ccb73ab9d98266287576
2937ac39778845448a978993d694aa8a
4434a8c24a1aeba458a944a4adcbdd45
bc8c9535945969d75bac79a37cf3a99d
629c7a2c39b595b8d5d6bb5364875ae7
237888e9fa6ba6b388a796da3965b8c3
ad98ab2b57c4c79a83985c4c944b9423
a385627a668ec584b410b9ca5a5e2d2b
7a975b5416c669b6cdd8cd88b7bb9249
95ba7a41d9c6d975864a8a8b19be62d8
a9464593ad2d291c276376bb96a7a857
6ab7a64bbe93c79c26782496d9337d79
31756695857817175a457795a7c15bf5
7997264729a45866788c5fc740ed9555
ab5ba9aa7f5963634d7b6c62683556bc
87829779894db77c843bd915764c6297
a88745177439a94a56a7c7a4e4c5a830
aa58ce37d816dce96b4a7ad686674a2b
4aa8ac3a35dd55c5b8378bc463b37237
13847c989652a9864a5679b5c288ebb7
8895332b64cd97a245e5695b6751dba7
3d51aa698a56745c2cd78372a3344947
55acca82a15253495a667c648d6843b5
339b78d9d18c58c7514984aab783899a
55a9b4b835687858ad88926a989b1ca6
c26db675c1849cbaaa162743ba324a78
9a67b1e8b98d57618794b4716a7447ad
a39d147555a4c965e6696ad648c3ba48
8d4d6928ddc7bb69a5aa3622e85378c9
578e96a49cecd69f96159bbc879b3336
347727acb4c599649672696e96576c2b
647c98b7e56ea276977a4a7b9d69955b
8d9684ac795924a1834696963f76cd96
5958142d6c2a39a33e8ad28dc49bb854
83549538cbd429787532286445dd6895
8ac52aa5b45b8134a164846ba74787b4
469ab2474d6253b67954b9a59595d3f7
56b33833a7a728bc856078898d76a862
e72abca77db4c7db5eadb675a585738a
b678b8d93d39b89c6f9b5967a95a6aa4
3a39b7693e8b56584763256c5b825727
c5a8a794931a80d75c9b845461435e65
1b46a9344964447857b29eb25e326797
239458ba47cb3ab13489a1aa18357db4
8683687c487191edca296e7584db2198
7929b659926bb5d266b968781b5a6547
da6ba76c697a8ab88aa8373683a9dd73
621a9cca7780b28a96a4868aa3489494
6a47acb39985db59ae77433685a932b2
555538663ab99c7b882ce969e99970b7
d7c56d561aa5176ab6f575bcc88c856b
898cd66477d75d3d2d838c2a96423b56
595a54c8195382a6d69aa975a3ea6998
9a53165b389db86c464fac96179687a3
46ca4d9b998f9b96cb962557ac881d15
1db369e694756d1d5258ba8b256589a3
00000000000000000000000000000000
00000000000000000000000000000000
00000000000000000000000000000000
00000000000000000000000000000000
00000000000000000000000000000000
00000000000000000000000000000000
00000000000000000000000000000000
00000000000000000000000000000000
00000000000000000000000000000000
00000000000000000000000000000000
00000000000000000000000000000000
00000000000000000000000000000000
00000000000000000000000000000000
00000000000000000000000000000000
00000000000000000000000000000000
00000000000000000000000000000000
00000000000000000000000000000000
00000000000000000000000000000000
00000000000000000000000000000000
00000000000000000000000000000000
00000000000000000000000000000000
00000000000000000000000000000000
00000000000000000000000000000000
00000000000000000000000000000000
00000000000000000000000000000000
00000000000000000000000000000000
00000000000000000000000000000000
00000000000000000000000000000000
00000000000000000000000000000000
00000000000000000000000000000000
00000000000000000000000000000000
00000000000000000000000000000000
00000000000000000000000000000000
00000000000000000000000000000000
00000000000000000000000000000000
00000000000000000000000000000000
00000000000000000000000000000000
00000000000000000000000000000000
00000000000000000000000000000000
00000000000000000000000000000000
00000000000000000000000000000000
00000000000000000000000000000000
00000000000000000000000000000000
00000000000000000000000000000000
00000000000000000000000000000000
00000000000000000000000000000000
00000000000000000000000000000000
00000000000000000000000000000000
00000000000000000000000000000000
00000000000000000000000000000000
00000000000000000000000000000000
00000000000000000000000000000000
00000000000000000000000000000000
00000000000000000000000000000000
00000000000000000000000000000000
00000000000000000000000000000000
00000000000000000000000000000000
00000000000000000000000000000000
00000000000000000000000000000000
00000000000000000000000000000000
00000000000000000000000000000000
00000000000000000000000000000000
00000000000000000000000000000000
00000000000000000000000000000000
00000000000000000000000000000000
00000000000000000000000000000000
00000000000000000000000000000000
00000000000000000000000000000000
00000000000000000000000000000000
00000000000000000000000000000000
00000000000000000000000000000000
00000000000000000000000000000000
00000000000000000000000000000000
00000000000000000000000000000000
00000000000000000000000000000000
00000000000000000000000000000000
00000000000000000000000000000000
00000000000000000000000000000000
00000000000000000000000000000000
00000000000000000000000000000000
00000000000000000000000000000000
00000000000000000000000000000000
00000000000000000000000000000000
00000000000000000000000000000000
00000000000000000000000000000000
00000000000000000000000000000000
00000000000000000000000000000000
00000000000000000000000000000000
00000000000000000000000000000000
00000000000000000000000000000000
00000000000000000000000000000000
00000000000000000000000000000000
00000000000000000000000000000000
00000000000000000000000000000000
00000000000000000000000000000000
00000000000000000000000000000000
00000000000000000000000000000000
00000000000000000000000000000000
00000000000000000000000000000000
00000000000000000000000000000000
00000000000000000000000000000000
00000000000000000000000000000000
00000000000000000000000000000000
00000000000000000000000000000000
00000000000000000000000000000000
00000000000000000000000000000000
00000000000000000000000000000000
00000000000000000000000000000000
00000000000000000000000000000000
00000000000000000000000000000000
00000000000000000000000000000000
00000000000000000000000000000000
00000000000000000000000000000000
00000000000000000000000000000000
00000000000000000000000000000000
00000000000000000000000000000000
00000000000000000000000000000000
00000000000000000000000000000000
00000000000000000000000000000000
00000000000000000000000000000000
00000000000000000000000000000000
00000000000000000000000000000000
00000000000000000000000000000000
00000000000000000000000000000000
00000000000000000000000000000000
00000000000000000000000000000000
00000000000000000000000000000000
00000000000000000000000000000000
00000000000000000000000000000000
00000000000000000000000000000000
00000000000000000000000000000000
00000000000000000000000000000000
00000000000000000000000000000000
00000000000000000000000000000000
00000000000000000000000000000000
00000000000000000000000000000000
00000000000000000000000000000000
00000000000000000000000000000000
00000000000000000000000000000000
00000000000000000000000000000000
00000000000000000000000000000000
00000000000000000000000000000000
00000000000000000000000000000000
00000000000000000000000000000000
00000000000000000000000000000000
00000000000000000000000000000000
00000000000000000000000000000000
00000000000000000000000000000000
00000000000000000000000000000000
00000000000000000000000000000000
00000000000000000000000000000000
00000000000000000000000000000000
00000000000000000000000000000000
00000000000000000000000000000000
00000000000000000000000000000000
00000000000000000000000000000000
00000000000000000000000000000000
00000000000000000000000000000000
00000000000000000000000000000000
00000000000000000000000000000000
00000000000000000000000000000000
00000000000000000000000000000000
00000000000000000000000000000000
00000000000000000000000000000000
00000000000000000000000000000000
00000000000000000000000000000000
00000000000000000000000000000000
00000000000000000000000000000000
00000000000000000000000000000000
00000000000000000000000000000000
00000000000000000000000000000000
00000000000000000000000000000000
00000000000000000000000000000000
00000000000000000000000000000000
00000000000000000000000000000000
00000000000000000000000000000000
00000000000000000000000000000000
00000000000000000000000000000000
00000000000000000000000000000000
00000000000000000000000000000000
00000000000000000000000000000000
00000000000000000000000000000000
00000000000000000000000000000000
00000000000000000000000000000000
00000000000000000000000000000000
00000000000000000000000000000000
00000000000000000000000000000000
00000000000000000000000000000000
00000000000000000000000000000000
00000000000000000000000000000000
00000000000000000000000000000000
bada339d4456986a5474979b2516693b
b789a39976346483a36e113749a850c6
d9a76617b955445298cb9098eb783d8a
3be596c968c77183dc64c9294274968a
28868b9846665889b26c4dca769b9e62
97c898485c148448544b37b7485dc45e
8b5aac498bc2768fd5ea387aa34ba73d
69148474eb68ab644828747a17c97d83
9b16325921c4826e9c5e2b8a7a8a3983
2b4983b94567867a72bc916ac57b6b54
a989ce83b5a5c96376c34277baff85c8
4a85694bb9bcbaa57a3722a7369ba5c7
adec879ddc8a78a98484ba26cabcb779
7cb2362c66e2c969849baa53c6ac236c
94657a9d747741c444a895ca95882933
848c5193e254c9a7d446b8aca94dbbb7
a197a5a7b375a869c77545b647c78962
429bb9eb97349bbcc5c6ac7989b4426b
5854aae6a51684c3429cc46257c756b8
36818e6ab7883d53b988daa768524869
4b6cd678448825fb778d2579858585a1
bad6c59168584d762cb7a5c296d65715
86bb457acfe989b4c9ca736288587367
9c5748998ba33cb5e6eb77c89a355333
93b627d6db585bbc862387ebbac34866
4697a9922b169c32d98585ab595436bb
4154a3449ba474ae9781975a6663b7a6
9889bc9cb3949bb739bea5bcd7187843
2f6669895acf838babe553b744a88226
da7c42b688d7887b4aad2ebb785b8298
c5aa2a9ea2489f957dc36669c19a8576
87464d5bbe28c25d77bb6e27d87bdba6
e54e5b2fc93364474785543b8544d688
a6c6846b8f384c458481a3c859eed622
8453635936d188a5c84694a5a58d478b
3b5a9889d8b9d484e81ba98099a8723c
c59ccfc4b9678a62a5c47e823947a32d
d82ba7a223ae86ea6946cb7796777817
758d34a77362372776aa3ebdc3859ca6
78ab15ae89989ba241e6367c3bd8895d
8923a9467d541473568d776c9dd3933e
8a5b797d64b757b73e6a32494db34566
684428276b84b4a576d54875b56a3532
87b995ae8fa7c4447879609579386b87
78d5cb38b6674aba93344dc95dbaa307
471b89db4bb3474c27c3abcb67d78957
69c65c244a7a8589b682f723c6a5c799
86592a26b490c2487a738c5676542c57
44aab1ac97bd4475657b2368e9a54c8b
695a6bda46a5583b6279825995e53181
a85326dd8b7c3766ad538a9d734b7c86
8cc4a479b3668695b5332967d5988cb6
644b36483c5b9d8596c97944d9848356
5878397995b93e65a5b5b689b6447833
d68c52c78c47555c54d18d9a75816eb6
7783260dc4b7a945ce698c222b089e74
2148b93aa8ce609d23c36c789377c242
d95b3681751b704d88a8878827faa247
27835a2756b77775b13674e9cabb896d
5a5bd89685c468c83b9a464b67b8d336
6146dc79b79b766b209a96424854a9c7
790d47e9599669a8aa5b5615c4d84860
28a526ac95ca47477fbcd754ba69b978
e87a57848542cac3a7814793b96ab8a6
87d4c949a64867934cdd4384497b59e4
00000000000000000000000000000000
00000000000000000000000000000000
00000000000000000000000000000000
00000000000000000000000000000000
00000000000000000000000000000000
00000000000000000000000000000000
00000000000000000000000000000000
00000000000000000000000000000000
00000000000000000000000000000000
00000000000000000000000000000000
00000000000000000000000000000000
00000000000000000000000000000000
00000000000000000000000000000000
00000000000000000000000000000000
00000000000000000000000000000000
00000000000000000000000000000000
00000000000000000000000000000000
00000000000000000000000000000000
00000000000000000000000000000000
00000000000000000000000000000000
00000000000000000000000000000000
00000000000000000000000000000000
00000000000000000000000000000000
00000000000000000000000000000000
00000000000000000000000000000000
00000000000000000000000000000000
00000000000000000000000000000000
00000000000000000000000000000000
00000000000000000000000000000000
00000000000000000000000000000000
00000000000000000000000000000000
00000000000000000000000000000000
00000000000000000000000000000000
00000000000000000000000000000000
00000000000000000000000000000000
00000000000000000000000000000000
00000000000000000000000000000000
00000000000000000000000000000000
00000000000000000000000000000000
00000000000000000000000000000000
00000000000000000000000000000000
00000000000000000000000000000000
00000000000000000000000000000000
00000000000000000000000000000000
00000000000000000000000000000000
00000000000000000000000000000000
00000000000000000000000000000000
00000000000000000000000000000000
00000000000000000000000000000000
00000000000000000000000000000000
00000000000000000000000000000000
00000000000000000000000000000000
00000000000000000000000000000000
00000000000000000000000000000000
00000000000000000000000000000000
00000000000000000000000000000000
00000000000000000000000000000000
00000000000000000000000000000000
00000000000000000000000000000000
00000000000000000000000000000000
00000000000000000000000000000000
00000000000000000000000000000000
00000000000000000000000000000000
00000000000000000000000000000000
00000000000000000000000000000000
00000000000000000000000000000000
00000000000000000000000000000000
00000000000000000000000000000000
00000000000000000000000000000000
00000000000000000000000000000000
00000000000000000000000000000000
00000000000000000000000000000000
00000000000000000000000000000000
00000000000000000000000000000000
00000000000000000000000000000000
00000000000000000000000000000000
00000000000000000000000000000000
00000000000000000000000000000000
00000000000000000000000000000000
00000000000000000000000000000000
00000000000000000000000000000000
00000000000000000000000000000000
00000000000000000000000000000000
00000000000000000000000000000000
00000000000000000000000000000000
00000000000000000000000000000000
00000000000000000000000000000000
00000000000000000000000000000000
00000000000000000000000000000000
00000000000000000000000000000000
00000000000000000000000000000000
00000000000000000000000000000000
00000000000000000000000000000000
00000000000000000000000000000000
00000000000000000000000000000000
00000000000000000000000000000000
00000000000000000000000000000000
00000000000000000000000000000000
00000000000000000000000000000000
00000000000000000000000000000000
00000000000000000000000000000000
00000000000000000000000000000000
00000000000000000000000000000000
00000000000000000000000000000000
00000000000000000000000000000000
00000000000000000000000000000000
00000000000000000000000000000000
00000000000000000000000000000000
00000000000000000000000000000000
00000000000000000000000000000000
00000000000000000000000000000000
00000000000000000000000000000000
00000000000000000000000000000000
00000000000000000000000000000000
00000000000000000000000000000000
00000000000000000000000000000000
00000000000000000000000000000000
00000000000000000000000000000000
00000000000000000000000000000000
00000000000000000000000000000000
00000000000000000000000000000000
00000000000000000000000000000000
00000000000000000000000000000000
00000000000000000000000000000000
00000000000000000000000000000000
00000000000000000000000000000000
00000000000000000000000000000000
00000000000000000000000000000000
00000000000000000000000000000000
00000000000000000000000000000000
00000000000000000000000000000000
00000000000000000000000000000000
00000000000000000000000000000000
00000000000000000000000000000000
00000000000000000000000000000000
00000000000000000000000000000000
00000000000000000000000000000000
00000000000000000000000000000000
00000000000000000000000000000000
00000000000000000000000000000000
00000000000000000000000000000000
00000000000000000000000000000000
00000000000000000000000000000000
00000000000000000000000000000000
00000000000000000000000000000000
00000000000000000000000000000000
00000000000000000000000000000000
00000000000000000000000000000000
00000000000000000000000000000000
00000000000000000000000000000000
00000000000000000000000000000000
00000000000000000000000000000000
00000000000000000000000000000000
00000000000000000000000000000000
00000000000000000000000000000000
00000000000000000000000000000000
00000000000000000000000000000000
00000000000000000000000000000000
00000000000000000000000000000000
00000000000000000000000000000000
00000000000000000000000000000000
00000000000000000000000000000000
00000000000000000000000000000000
00000000000000000000000000000000
00000000000000000000000000000000
00000000000000000000000000000000
00000000000000000000000000000000
00000000000000000000000000000000
00000000000000000000000000000000
00000000000000000000000000000000
00000000000000000000000000000000
00000000000000000000000000000000
00000000000000000000000000000000
00000000000000000000000000000000
00000000000000000000000000000000
00000000000000000000000000000000
00000000000000000000000000000000
00000000000000000000000000000000
00000000000000000000000000000000
00000000000000000000000000000000
00000000000000000000000000000000
00000000000000000000000000000000
00000000000000000000000000000000
00000000000000000000000000000000
00000000000000000000000000000000
00000000000000000000000000000000
00000000000000000000000000000000
00000000000000000000000000000000
00000000000000000000000000000000
00000000000000000000000000000000
00000000000000000000000000000000
b9628dc6a3155b742dc1a7942b61a396
574066fb9e65a99e7a67611aae91768c
445f46e2b54720e2570a575659438a57
c2255448266a8aaa4221f99728f84ba3
69753a0267b954ee649f201194754505
65d19b9e66712b89d225469ce8c92795
6b995efd5fa2b1ab3c435155aa595662
5dec249654b69b36b66b4d6e6c685eaa
e69796fde769f7067bb7559a1813dab8
885a97996aa8a9872790109aea54a84d
640b07de69b7a6ac72a17d88d659ea3a
67591fb988d89b8e696d6495adc819ec
d7c5e92a6df4ee62e96566ada9a95472
aa08a9a95ba66659cb2ae692ed1fa99b
a057d25e1ea4a3d969d4e44b67b59589
85950d7dd222e3d22596eaf763465665
416e6a60627564ea72ef56572472052a
5bfda9ee5559a5e45e77e7656ba7b294
8aa81d6b4d5a96973295dbd1e769566a
86465a98aa8319a6f14ac47a15470696
1058da696095dadee225f9e11259a551
a53965486ed45b9d99973d0811446196
059496d4868020bb55ea3a23bd591492
1a4ea66e69f9e28599f4a4a50a919ae3
ef9562d5a5ac1a82e863c2b1a46524ba
54a6b6748bd560549916528725aae2b7
9f8a0f477a19b357ad654632694979ab
430935aa655e8a0da022669559973505
aaa77978b5669989fb5d680231950bc9
1a4565791e5776e2bd161f86ed362aaa
1f428e5afb572576774478997d5f9aad
124680b4467d519655cb4a5551be65ab
93ae569415a2b58f46aa30b68262996a
a3e16436aa265e092838a5424986da68
d298866d936755ffaaec8095959df54a
5f925a935e7d54b9aa6c19a4d9c6adb4
65d549464a591b355526560ed9b52cad
9e675aa9757418878d5ac5d975794aad
a578901694c28695a5a6579e443aa475
e855a1846b77152b9f1a66b2ae996c75
e946b62dd99560d9e4257a28626d5628
a2d64568a826ecb7e54d982a7c9d7936
0330d955d2a5fbf945fe6ad154522995
bab6d65c96e8547299ebcd63455306f6
549599868e11a8ed5651918a5b20e909
9dab8c47a56a9317565e8bdd753967d4
c9969454d9686995384619ae92ec5669
a9e54226c4a565b006da75dabe0b52ed
cb869b669a57a76a894497d4935763cf
865f37b21f49095da4b5ba347966b48b
54b776ad986a9b0545e674b5ebaba5b7
f559d5da85e361940d59c0bbe6646592
f9845b6996f440b865f0f9689a5ee272
9547adc565fde59ad8588d65ea3cfb16
55549a183bab9b2a147d46523b2298d6
aa595a31adc73b7a497922650daec92b
68a75aead9befc6d25665daef7635e67
34ff68e728f5e5b686a7118a996952d6
0127bca9596ed48ea1efd549a45464ca
1b9859d99e7878a98825aacbbe58ab19
a5a86995457eb55c41c9ecb592408229
691a2649e160f266549ef2a2f9d35a53
eeebead9a1d5b2917996996a8f4b7764
54a0bde191d11699896853ad932a1551
1b55ea654faa61aadc9a1afbe456e0bd
00000000000000000000000000000000
00000000000000000000000000000000
00000000000000000000000000000000
00000000000000000000000000000000
00000000000000000000000000000000
00000000000000000000000000000000
00000000000000000000000000000000
00000000000000000000000000000000
00000000000000000000000000000000
00000000000000000000000000000000
00000000000000000000000000000000
00000000000000000000000000000000
00000000000000000000000000000000
00000000000000000000000000000000
00000000000000000000000000000000
00000000000000000000000000000000
00000000000000000000000000000000
00000000000000000000000000000000
00000000000000000000000000000000
00000000000000000000000000000000
00000000000000000000000000000000
00000000000000000000000000000000
00000000000000000000000000000000
00000000000000000000000000000000
00000000000000000000000000000000
00000000000000000000000000000000
00000000000000000000000000000000
00000000000000000000000000000000
00000000000000000000000000000000
00000000000000000000000000000000
00000000000000000000000000000000
00000000000000000000000000000000
00000000000000000000000000000000
00000000000000000000000000000000
00000000000000000000000000000000
00000000000000000000000000000000
00000000000000000000000000000000
00000000000000000000000000000000
00000000000000000000000000000000
00000000000000000000000000000000
00000000000000000000000000000000
00000000000000000000000000000000
00000000000000000000000000000000
00000000000000000000000000000000
00000000000000000000000000000000
00000000000000000000000000000000
00000000000000000000000000000000
00000000000000000000000000000000
00000000000000000000000000000000
00000000000000000000000000000000
00000000000000000000000000000000
00000000000000000000000000000000
00000000000000000000000000000000
00000000000000000000000000000000
00000000000000000000000000000000
00000000000000000000000000000000
00000000000000000000000000000000
00000000000000000000000000000000
00000000000000000000000000000000
00000000000000000000000000000000
00000000000000000000000000000000
00000000000000000000000000000000
00000000000000000000000000000000
00000000000000000000000000000000
00000000000000000000000000000000
00000000000000000000000000000000
00000000000000000000000000000000
00000000000000000000000000000000
00000000000000000000000000000000
00000000000000000000000000000000
00000000000000000000000000000000
00000000000000000000000000000000
00000000000000000000000000000000
00000000000000000000000000000000
00000000000000000000000000000000
00000000000000000000000000000000
00000000000000000000000000000000
00000000000000000000000000000000
00000000000000000000000000000000
00000000000000000000000000000000
00000000000000000000000000000000
00000000000000000000000000000000
00000000000000000000000000000000
00000000000000000000000000000000
00000000000000000000000000000000
00000000000000000000000000000000
00000000000000000000000000000000
00000000000000000000000000000000
00000000000000000000000000000000
00000000000000000000000000000000
00000000000000000000000000000000
00000000000000000000000000000000
00000000000000000000000000000000
00000000000000000000000000000000
00000000000000000000000000000000
00000000000000000000000000000000
00000000000000000000000000000000
00000000000000000000000000000000
00000000000000000000000000000000
00000000000000000000000000000000
00000000000000000000000000000000
00000000000000000000000000000000
00000000000000000000000000000000
00000000000000000000000000000000
00000000000000000000000000000000
00000000000000000000000000000000
00000000000000000000000000000000
00000000000000000000000000000000
00000000000000000000000000000000
00000000000000000000000000000000
00000000000000000000000000000000
00000000000000000000000000000000
00000000000000000000000000000000
00000000000000000000000000000000
00000000000000000000000000000000
00000000000000000000000000000000
00000000000000000000000000000000
00000000000000000000000000000000
00000000000000000000000000000000
00000000000000000000000000000000
00000000000000000000000000000000
00000000000000000000000000000000
00000000000000000000000000000000
00000000000000000000000000000000
00000000000000000000000000000000
00000000000000000000000000000000
00000000000000000000000000000000
00000000000000000000000000000000
00000000000000000000000000000000
00000000000000000000000000000000
00000000000000000000000000000000
00000000000000000000000000000000
00000000000000000000000000000000
00000000000000000000000000000000
00000000000000000000000000000000
00000000000000000000000000000000
00000000000000000000000000000000
00000000000000000000000000000000
00000000000000000000000000000000
00000000000000000000000000000000
00000000000000000000000000000000
00000000000000000000000000000000
00000000000000000000000000000000
00000000000000000000000000000000
00000000000000000000000000000000
00000000000000000000000000000000
00000000000000000000000000000000
00000000000000000000000000000000
00000000000000000000000000000000
00000000000000000000000000000000
00000000000000000000000000000000
00000000000000000000000000000000
00000000000000000000000000000000
00000000000000000000000000000000
00000000000000000000000000000000
00000000000000000000000000000000
00000000000000000000000000000000
00000000000000000000000000000000
00000000000000000000000000000000
00000000000000000000000000000000
00000000000000000000000000000000
00000000000000000000000000000000
00000000000000000000000000000000
00000000000000000000000000000000
00000000000000000000000000000000
00000000000000000000000000000000
00000000000000000000000000000000
00000000000000000000000000000000
00000000000000000000000000000000
00000000000000000000000000000000
00000000000000000000000000000000
00000000000000000000000000000000
00000000000000000000000000000000
00000000000000000000000000000000
00000000000000000000000000000000
00000000000000000000000000000000
00000000000000000000000000000000
00000000000000000000000000000000
00000000000000000000000000000000
00000000000000000000000000000000
00000000000000000000000000000000
00000000000000000000000000000000
00000000000000000000000000000000
00000000000000000000000000000000
00000000000000000000000000000000
00000000000000000000000000000000
00000000000000000000000000000000
00000000000000000000000000000000
00000000000000000000000000000000
00000000000000000000000000000000
00000000000000000000000000000000
000a000c0009000900090008000a0009
000900090009000b000a0009000b000b
000b000b000a000b0009000c000a000a
000a0009000b000d000b000a000b000a
000b0009000b000b000a000a000c000b
000c000b0008000a000b000b000a000b
00080009000c0009000a000b000a0009
000a0009000a000a000a000a000a0009
000a000a000a000a000a0009000b000b
000b0009000c000a000b000a000c0009
000c000b0009000a000b00090009000b
000b000a000a000c0009000b000a000a
000a000a000a0009000a000c00090009
000b000a000b000b000a000a000c000a
0009000a000a000b0009000a000a000a
000a000b000b00090009000a000a000a
000000000000000000000000000b000b
00000000000000000000000000000000
00000000000000000000000000000000
00000000000000000000000000000000
00000000000000000000000000000000
00000000000000000000000000000000
00000000000000000000000000000000
00000000000000000000000000000000
00000000000000000000000000000000
00000000000000000000000000000000
00000000000000000000000000000000
00000000000000000000000000000000
00000000000000000000000000000000
00000000000000000000000000000000
00000000000000000000000000000000
00000000000000000000000000000000
00000000000000000000000000000000
00000000000000000000000000000000
00000000000000000000000000000000
00000000000000000000000000000000
00000000000000000000000000000000
00000000000000000000000000000000
00000000000000000000000000000000
00000000000000000000000000000000
00000000000000000000000000000000
00000000000000000000000000000000
00000000000000000000000000000000
00000000000000000000000000000000
00000000000000000000000000000000
00000000000000000000000000000000
00000000000000000000000000000000
00000000000000000000000000000000
00000000000000000000000000000000
00000000000000000000000000000000
00000000000000000000000000000000
00000000000000000000000000000000
00000000000000000000000000000000
00000000000000000000000000000000
00000000000000000000000000000000
00000000000000000000000000000000
00000000000000000000000000000000
00000000000000000000000000000000
00000000000000000000000000000000
00000000000000000000000000000000
00000000000000000000000000000000
00000000000000000000000000000000
00000000000000000000000000000000
00000000000000000000000000000000
00000000000000000000000000000000
00000000000000000000000000000000
00000000000000000000000000000000
00000000000000000000000000000000
00000000000000000000000000000000
00000000000000000000000000000000
00000000000000000000000000000000
00000000000000000000000000000000
00000000000000000000000000000000
00000000000000000000000000000000
00000000000000000000000000000000
00000000000000000000000000000000
00000000000000000000000000000000
00000000000000000000000000000000
00000000000000000000000000000000
00000000000000000000000000000000
00000000000000000000000000000000
00000000000000000000000000000000
00000000000000000000000000000000
00000000000000000000000000000000
00000000000000000000000000000000
00000000000000000000000000000000
00000000000000000000000000000000
00000000000000000000000000000000
00000000000000000000000000000000
00000000000000000000000000000000
00000000000000000000000000000000
00000000000000000000000000000000
00000000000000000000000000000000
00000000000000000000000000000000
00000000000000000000000000000000
00000000000000000000000000000000
00000000000000000000000000000000
00000000000000000000000000000000
00000000000000000000000000000000
00000000000000000000000000000000
00000000000000000000000000000000
00000000000000000000000000000000
00000000000000000000000000000000
00000000000000000000000000000000
00000000000000000000000000000000
00000000000000000000000000000000
00000000000000000000000000000000
00000000000000000000000000000000
00000000000000000000000000000000
00000000000000000000000000000000
00000000000000000000000000000000
00000000000000000000000000000000
00000000000000000000000000000000
00000000000000000000000000000000
00000000000000000000000000000000
00000000000000000000000000000000
00000000000000000000000000000000
00000000000000000000000000000000
00000000000000000000000000000000
00000000000000000000000000000000
00000000000000000000000000000000
00000000000000000000000000000000
00000000000000000000000000000000
00000000000000000000000000000000
00000000000000000000000000000000
00000000000000000000000000000000
00000000000000000000000000000000
00000000000000000000000000000000
00000000000000000000000000000000
00000000000000000000000000000000
00000000000000000000000000000000
00000000000000000000000000000000
00000000000000000000000000000000
00000000000000000000000000000000
00000000000000000000000000000000
00000000000000000000000000000000
00000000000000000000000000000000
00000000000000000000000000000000
00000000000000000000000000000000
00000000000000000000000000000000
00000000000000000000000000000000
00000000000000000000000000000000
00000000000000000000000000000000
00000000000000000000000000000000
00000000000000000000000000000000
00000000000000000000000000000000
00000000000000000000000000000000
00000000000000000000000000000000
00000000000000000000000000000000
00000000000000000000000000000000
00000000000000000000000000000000
00000000000000000000000000000000
00000000000000000000000000000000
00000000000000000000000000000000
00000000000000000000000000000000
00000000000000000000000000000000
00000000000000000000000000000000
00000000000000000000000000000000
00000000000000000000000000000000
00000000000000000000000000000000
00000000000000000000000000000000
00000000000000000000000000000000
00000000000000000000000000000000
00000000000000000000000000000000
00000000000000000000000000000000
00000000000000000000000000000000
00000000000000000000000000000000
00000000000000000000000000000000
00000000000000000000000000000000
00000000000000000000000000000000
00000000000000000000000000000000
00000000000000000000000000000000
00000000000000000000000000000000
00000000000000000000000000000000
00000000000000000000000000000000
00000000000000000000000000000000
00000000000000000000000000000000
00000000000000000000000000000000
00000000000000000000000000000000
00000000000000000000000000000000
00000000000000000000000000000000
00000000000000000000000000000000
00000000000000000000000000000000
00000000000000000000000000000000
00000000000000000000000000000000
00000000000000000000000000000000
00000000000000000000000000000000
00000000000000000000000000000000
00000000000000000000000000000000
00000000000000000000000000000000
00000000000000000000000000000000
00000000000000000000000000000000
00000000000000000000000000000000
00000000000000000000000000000000
00000000000000000000000000000000
00000000000000000000000000000000
00000000000000000000000000000000
00000000000000000000000000000000
00000000000000000000000000000000
00000000000000000000000000000000
00000000000000000000000000000000
00000000000000000000000000000000
00000000000000000000000000000000
00000000000000000000000000000000
00000000000000000000000000000000
00000000000000000000000000000000
00000000000000000000000000000000
00000000000000000000000000000000
00000000000000000000000000000000
00000000000000000000000000000000
00000000000000000000000000000000
00000000000000000000000000000000
00000000000000000000000000000000
00000000000000000000000000000000
00000000000000000000000000000000
00000000000000000000000000000000
00000000000000000000000000000000
00000000000000000000000000000000
00000000000000000000000000000000
00000000000000000000000000000000
00000000000000000000000000000000
00000000000000000000000000000000
00000000000000000000000000000000
00000000000000000000000000000000
00000000000000000000000000000000
00000000000000000000000000000000
00000000000000000000000000000000
00000000000000000000000000000000
00000000000000000000000000000000
00000000000000000000000000000000
00000000000000000000000000000000
00000000000000000000000000000000
00000000000000000000000000000000
00000000000000000000000000000000
00000000000000000000000000000000
00000000000000000000000000000000
00000000000000000000000000000000
00000000000000000000000000000000
00000000000000000000000000000000
00000000000000000000000000000000
00000000000000000000000000000000
00000000000000000000000000000000
00000000000000000000000000000000
00000000000000000000000000000000
00000000000000000000000000000000
00000000000000000000000000000000
00000000000000000000000000000000
00000000000000000000000000000000
00000000000000000000000000000000
00000000000000000000000000000000
00000000000000000000000000000000
00000000000000000000000000000000
00000000000000000000000000000000
00000000000000000000000000000000
00000000000000000000000000000000
00000000000000000000000000000000
ba27e1a6641a744c2897893859854829
59dd7454d7671fd7bb5ad557847c7dbd
674d9b5d9d93bb8447a4648cc7da7946
999467ed91aab6398a533a58ae8bea5d
67a49e9ab290942c8aba7b5b7a3888a9
d457ad892afda42b8a35bd934dd9c955
7a36d4cc435ac0bca84cc4adab66ba89
8856e56f64abbb57459445db6515ca66
95bdb39ebe4b7692c6ccc8989a866fc5
56a72a5d14763d9a58ae66a6738676a9
baaaab68596567be5c6cc5cc9635953a
86ca879582932889a8a2589a17767899
83a3226b19a4a5bba7c83253dac69584
acb3a8a7962943bd676d9b4d85cbbc1c
2674a9a2bc9406cc54bb999b6066bc7a
c96a458a855a6e95d8b659978e7d58e7
533481b6866ab86b834cdba695e4a346
438e2d7e508ac795973a8a8c6b5993b4
874912891698ba277d77c9971b873477
981deff53665777672112825b598d758
c353c9bd3453375a933c589394985a7a
94823396a994b95a56f9d787ca68354b
c23474c9ba964998db9b98f376484a3e
65599188c4665406d5aa6bc5bb4847ba
bb37397cc88d936597748256d9e53198
d76bd26379d67ac299875fba1d65b234
b6d108868489c1bc66242ab85169bbca
55795ba28464bd7896763dabc586ac95
6db986b14b977898c86c4630cfa5e69a
ea382675278b5943b6045963dc7a3d79
b29ebece6a98585bca83bd7865919976
271a42646aab9ab6d888cd832a5ada3a
ca2a8a23c85bb789834e8e1a754d957b
968888079b5963587684689d6badab24
d947d53d8d2567768795ea97c62553d6
c6dc85b2d6977872bb6aceb0a648a7c8
d6a78dbba3ba21981a915a465734ac6e
d99765c5978cb46d3453dab8c45c22b8
361597ca76e7b6c8aa726e5ad1695818
3c75ae4c523d1748b58d96ea5ba97532
631c67bed9be1d8448987893a39da8ab
d75c3b987848a4e8b27ad8567248d91d
9939d4c83d826b728896d4c85876f735
5d7fc637d45c9c6316c74974a5946979
d26a8797e75b4cd5d899db1b2a697538
98c7abb37854493978395836594b70e4
d587a6487d67ad643ab6a3687908a65d
38974be288a6d13c545a8843baac7a15
3b68296b428b7a3879e7618369353b35
b7ad25268824798a9b755985e84dc665
87692ac77a9ad718375c763eab75548a
4218867b64a7c5782c74776778616968
2e9da93a46b1c3c569666a61589d767c
4466484494a65bd9e8b9de444aa97154
3a9bb39d2734974a4f8b97cac488c9b7
90a595737a6a557a933257184d65d372
bf34cca4658eba853989c8a498779a55
a5492b78872b4848585ad7c7079753ae
5533d1a9a73a5853a65924c99c6c9446
54642a884273995263f63496c9b82b5d
6385c6ac2692472236994e2ba6389535
5583b577c8f8a615d19b278738619575
6d88a2a5f56652d76bcd69a26388846a
85dd61717c34716c96ab5a7b839384ab
992e0704a4d9a97997a967c69b54b492
00000000000000000000000000000000
00000000000000000000000000000000
00000000000000000000000000000000
00000000000000000000000000000000
00000000000000000000000000000000
00000000000000000000000000000000
00000000000000000000000000000000
00000000000000000000000000000000
00000000000000000000000000000000
00000000000000000000000000000000
00000000000000000000000000000000
00000000000000000000000000000000
00000000000000000000000000000000
00000000000000000000000000000000
00000000000000000000000000000000
00000000000000000000000000000000
00000000000000000000000000000000
00000000000000000000000000000000
00000000000000000000000000000000
00000000000000000000000000000000
00000000000000000000000000000000
00000000000000000000000000000000
00000000000000000000000000000000
00000000000000000000000000000000
00000000000000000000000000000000
00000000000000000000000000000000
00000000000000000000000000000000
00000000000000000000000000000000
00000000000000000000000000000000
00000000000000000000000000000000
00000000000000000000000000000000
00000000000000000000000000000000
00000000000000000000000000000000
00000000000000000000000000000000
00000000000000000000000000000000
00000000000000000000000000000000
00000000000000000000000000000000
00000000000000000000000000000000
00000000000000000000000000000000
00000000000000000000000000000000
00000000000000000000000000000000
00000000000000000000000000000000
00000000000000000000000000000000
00000000000000000000000000000000
00000000000000000000000000000000
00000000000000000000000000000000
00000000000000000000000000000000
00000000000000000000000000000000
00000000000000000000000000000000
00000000000000000000000000000000
00000000000000000000000000000000
00000000000000000000000000000000
00000000000000000000000000000000
00000000000000000000000000000000
00000000000000000000000000000000
00000000000000000000000000000000
00000000000000000000000000000000
00000000000000000000000000000000
00000000000000000000000000000000
00000000000000000000000000000000
00000000000000000000000000000000
00000000000000000000000000000000
00000000000000000000000000000000
00000000000000000000000000000000
00000000000000000000000000000000
00000000000000000000000000000000
00000000000000000000000000000000
00000000000000000000000000000000
00000000000000000000000000000000
00000000000000000000000000000000
00000000000000000000000000000000
00000000000000000000000000000000
00000000000000000000000000000000
00000000000000000000000000000000
00000000000000000000000000000000
00000000000000000000000000000000
00000000000000000000000000000000
00000000000000000000000000000000
00000000000000000000000000000000
00000000000000000000000000000000
00000000000000000000000000000000
00000000000000000000000000000000
00000000000000000000000000000000
00000000000000000000000000000000
00000000000000000000000000000000
00000000000000000000000000000000
00000000000000000000000000000000
00000000000000000000000000000000
00000000000000000000000000000000
00000000000000000000000000000000
00000000000000000000000000000000
00000000000000000000000000000000
00000000000000000000000000000000
00000000000000000000000000000000
00000000000000000000000000000000
00000000000000000000000000000000
00000000000000000000000000000000
00000000000000000000000000000000
00000000000000000000000000000000
00000000000000000000000000000000
00000000000000000000000000000000
00000000000000000000000000000000
00000000000000000000000000000000
00000000000000000000000000000000
00000000000000000000000000000000
00000000000000000000000000000000
00000000000000000000000000000000
00000000000000000000000000000000
00000000000000000000000000000000
00000000000000000000000000000000
00000000000000000000000000000000
00000000000000000000000000000000
00000000000000000000000000000000
00000000000000000000000000000000
00000000000000000000000000000000
00000000000000000000000000000000
00000000000000000000000000000000
00000000000000000000000000000000
00000000000000000000000000000000
00000000000000000000000000000000
00000000000000000000000000000000
00000000000000000000000000000000
00000000000000000000000000000000
00000000000000000000000000000000
00000000000000000000000000000000
00000000000000000000000000000000
00000000000000000000000000000000
00000000000000000000000000000000
00000000000000000000000000000000
00000000000000000000000000000000
00000000000000000000000000000000
00000000000000000000000000000000
00000000000000000000000000000000
00000000000000000000000000000000
00000000000000000000000000000000
00000000000000000000000000000000
00000000000000000000000000000000
00000000000000000000000000000000
00000000000000000000000000000000
00000000000000000000000000000000
00000000000000000000000000000000
00000000000000000000000000000000
00000000000000000000000000000000
00000000000000000000000000000000
00000000000000000000000000000000
00000000000000000000000000000000
00000000000000000000000000000000
00000000000000000000000000000000
00000000000000000000000000000000
00000000000000000000000000000000
00000000000000000000000000000000
00000000000000000000000000000000
00000000000000000000000000000000
00000000000000000000000000000000
00000000000000000000000000000000
00000000000000000000000000000000
00000000000000000000000000000000
00000000000000000000000000000000
00000000000000000000000000000000
00000000000000000000000000000000
00000000000000000000000000000000
00000000000000000000000000000000
00000000000000000000000000000000
00000000000000000000000000000000
00000000000000000000000000000000
00000000000000000000000000000000
00000000000000000000000000000000
00000000000000000000000000000000
00000000000000000000000000000000
00000000000000000000000000000000
00000000000000000000000000000000
00000000000000000000000000000000
00000000000000000000000000000000
00000000000000000000000000000000
00000000000000000000000000000000
00000000000000000000000000000000
00000000000000000000000000000000
00000000000000000000000000000000
00000000000000000000000000000000
00000000000000000000000000000000
00000000000000000000000000000000
00000000000000000000000000000000
00000000000000000000000000000000
00000000000000000000000000000000
00000000000000000000000000000000
00000000000000000000000000000000
00000000000000000000000000000000
00000000000000000000000000000000
00000000000000000000000000000000
00000000000000000000000000000000
00000000000000000000000000000000
624d66344899a59a4a727c9be33bb765
bc827a999432aa9b6642d62dd65ab77a
cdb5a1c8a8c38688e7e2eb742426aa7b
8c9bba46555bd92b47a8ac3a45465d79
858ce6bd98b7c34a34842c64d23e7c93
6ce96aa99776c6b9799b8668967d8274
d55d5958d78c1788686688789bc38557
6abec79488b6c5844f883295964dc69a
7879673379957cb74d86ae47015aaa49
53ca5474e544455136aa66a72bd884a4
bb34d9b458bc2ec6bb89a327683574b2
c8f739186127b3bb49b538496234583a
987cababe5c767473a3c6a53a49e7b61
88ba3d64c683e8ad864a29c378949e88
5a89c545523da8318bc27c87885382a8
836947acbac5eaa891f8c9b695b44d33
964a7a6a5184e15de83a87966da97926
7936b5ba96788a32688aeb9db4627879
3409160bab7a6878996d79660958c759
8dc46b5357ba69ab67898aaca979688d
73484732a7990ad9429949bd8cc6bd66
8835979bcc4582653692b53c6b9322ca
4c6c8d83ab95b9c75ac63b3a58373294
62b7ac92c33b3b2bd992695ba6dc787a
37e3878fa6428b66a37aca94aba3378b
69cb757389856878b86045186c647cba
4d76736748698b56e77cc66ca75af387
6af1878c5bba67b5f4b298636b284529
92985b86635e4a565464477a89883522
9a5b972c2c5769c273b5554524859a7c
47b336a59437579ef68d2b34668844c5
9b6cd561254b349bc645556d953bd37a
966e56282799423bbaa688bc73ac7876
a95c7eb57e478845fd76db9be977b3e2
5950d4278c449597b6033b48b889b834
7b7d77a67367aaed289a899918c8cca8
23977a7a68590a8797a9858e57877b39
642f92b7b45db56e7758579c58636aa8
477d4e25a2657ca8878c165e58499b7b
1868788b1548abba944e88b273a95299
46838a3634b876358b8a7885d4c278bc
a798960b5889a43782da6766684ac275
1166db6488af875a59538882993c9ba4
8765a9bd17497b9cd47ebc4b75858689
98b7b2696647555879b23505a23a91cc
76b33dd526575c4ab363023966d9d728
a6a668b698e63896181e3763b7c977d5
6a5a5ac1cacd7a658a496d6727b74867
7a37aa5cb9574e4af51bc433a998ba73
7b5f6ad89db91c295cb846a3c8698f32
543a9e336aa3d9947675b3e8573a9eb5
73741c63abbe596d568e7883b5aaf568
8da94f97a249c6b3ab2c676b394755a1
1a886bab86eb39d44e5638b42c37c5ab
d977878cdc4658c5a6c63b17a257637b
dd5862289b648cb147b454cb55765ce5
5bec89894ac7d577753a7851a62cd77c
6ad64b766c189a223b687955b4eb3a74
b6b9eb47c5c465658eb589727bd386e7
14659298798692357b87da9775145dc7
c48cca97a7baba65c41967948ced58d8
84746cdac556643e7547c5e9a575e47b
56586a54a932349296903bc3a19c48a7
4a4b6857c683a446c87af5073726b839
548789a9aea75bc276476453739cb849
00000000000000000000000000000000
00000000000000000000000000000000
00000000000000000000000000000000
00000000000000000000000000000000
00000000000000000000000000000000
00000000000000000000000000000000
00000000000000000000000000000000
00000000000000000000000000000000
00000000000000000000000000000000
00000000000000000000000000000000
00000000000000000000000000000000
00000000000000000000000000000000
00000000000000000000000000000000
00000000000000000000000000000000
00000000000000000000000000000000
00000000000000000000000000000000
00000000000000000000000000000000
00000000000000000000000000000000
00000000000000000000000000000000
00000000000000000000000000000000
00000000000000000000000000000000
00000000000000000000000000000000
00000000000000000000000000000000
00000000000000000000000000000000
00000000000000000000000000000000
00000000000000000000000000000000
00000000000000000000000000000000
00000000000000000000000000000000
00000000000000000000000000000000
00000000000000000000000000000000
00000000000000000000000000000000
00000000000000000000000000000000
00000000000000000000000000000000
00000000000000000000000000000000
00000000000000000000000000000000
00000000000000000000000000000000
00000000000000000000000000000000
00000000000000000000000000000000
00000000000000000000000000000000
00000000000000000000000000000000
00000000000000000000000000000000
00000000000000000000000000000000
00000000000000000000000000000000
00000000000000000000000000000000
00000000000000000000000000000000
00000000000000000000000000000000
00000000000000000000000000000000
00000000000000000000000000000000
00000000000000000000000000000000
00000000000000000000000000000000
00000000000000000000000000000000
00000000000000000000000000000000
00000000000000000000000000000000
00000000000000000000000000000000
00000000000000000000000000000000
00000000000000000000000000000000
00000000000000000000000000000000
00000000000000000000000000000000
00000000000000000000000000000000
00000000000000000000000000000000
00000000000000000000000000000000
00000000000000000000000000000000
00000000000000000000000000000000
00000000000000000000000000000000
00000000000000000000000000000000
00000000000000000000000000000000
00000000000000000000000000000000
00000000000000000000000000000000
00000000000000000000000000000000
00000000000000000000000000000000
00000000000000000000000000000000
00000000000000000000000000000000
00000000000000000000000000000000
00000000000000000000000000000000
00000000000000000000000000000000
00000000000000000000000000000000
00000000000000000000000000000000
00000000000000000000000000000000
00000000000000000000000000000000
00000000000000000000000000000000
00000000000000000000000000000000
00000000000000000000000000000000
00000000000000000000000000000000
00000000000000000000000000000000
00000000000000000000000000000000
00000000000000000000000000000000
00000000000000000000000000000000
00000000000000000000000000000000
00000000000000000000000000000000
00000000000000000000000000000000
00000000000000000000000000000000
00000000000000000000000000000000
00000000000000000000000000000000
00000000000000000000000000000000
00000000000000000000000000000000
00000000000000000000000000000000
00000000000000000000000000000000
00000000000000000000000000000000
00000000000000000000000000000000
00000000000000000000000000000000
00000000000000000000000000000000
00000000000000000000000000000000
00000000000000000000000000000000
00000000000000000000000000000000
00000000000000000000000000000000
00000000000000000000000000000000
00000000000000000000000000000000
00000000000000000000000000000000
00000000000000000000000000000000
00000000000000000000000000000000
00000000000000000000000000000000
00000000000000000000000000000000
00000000000000000000000000000000
00000000000000000000000000000000
00000000000000000000000000000000
00000000000000000000000000000000
00000000000000000000000000000000
00000000000000000000000000000000
00000000000000000000000000000000
00000000000000000000000000000000
00000000000000000000000000000000
00000000000000000000000000000000
00000000000000000000000000000000
00000000000000000000000000000000
00000000000000000000000000000000
00000000000000000000000000000000
00000000000000000000000000000000
00000000000000000000000000000000
00000000000000000000000000000000
00000000000000000000000000000000
00000000000000000000000000000000
00000000000000000000000000000000
00000000000000000000000000000000
00000000000000000000000000000000
00000000000000000000000000000000
00000000000000000000000000000000
00000000000000000000000000000000
00000000000000000000000000000000
00000000000000000000000000000000
00000000000000000000000000000000
00000000000000000000000000000000
00000000000000000000000000000000
00000000000000000000000000000000
00000000000000000000000000000000
00000000000000000000000000000000
00000000000000000000000000000000
00000000000000000000000000000000
00000000000000000000000000000000
00000000000000000000000000000000
00000000000000000000000000000000
00000000000000000000000000000000
00000000000000000000000000000000
00000000000000000000000000000000
00000000000000000000000000000000
00000000000000000000000000000000
00000000000000000000000000000000
00000000000000000000000000000000
00000000000000000000000000000000
00000000000000000000000000000000
00000000000000000000000000000000
00000000000000000000000000000000
00000000000000000000000000000000
00000000000000000000000000000000
00000000000000000000000000000000
00000000000000000000000000000000
00000000000000000000000000000000
00000000000000000000000000000000
00000000000000000000000000000000
00000000000000000000000000000000
00000000000000000000000000000000
00000000000000000000000000000000
00000000000000000000000000000000
00000000000000000000000000000000
00000000000000000000000000000000
00000000000000000000000000000000
00000000000000000000000000000000
00000000000000000000000000000000
00000000000000000000000000000000
00000000000000000000000000000000
00000000000000000000000000000000
00000000000000000000000000000000
00000000000000000000000000000000
00000000000000000000000000000000
00000000000000000000000000000000
00000000000000000000000000000000
00000000000000000000000000000000
00000000000000000000000000000000
00000000000000000000000000000000
00000000000000000000000000000000
00000000000000000000000000000000
00000000000000000000000000000000
6e5e6e0aa736a61ca784fab695d91a97
575d5d557b2aa6a79796add38529a6d2
d1524aa2e2abfba6b5b148a2d99e9dc4
9ed509af19ba549d9a44eec96c7a4b8a
61edff5d6469632f968b9a4ab55e559e
21b79a7a5be60d4422ec6f76f3958954
497c50253967ba2a55265d198a9696e5
b64d37652915be95a66e57e1659efacf
d3e0db6a6d87451ab9387931146e79a1
f92b04a25ce4445abdaa8960bb69bbd6
b4d95d466e54992450a42512e6caead5
5e3d627d1adf6c686f9d889b8968bbcb
69f64697d04d65666a426989959068aa
e563e6a9b927a609e7a59114a64b2256
9a2596a18b177c4655677a54adc627bf
2a96e295e5e024ea49b977eb5689d4a5
aad0971aa8786112e45995549197589b
55479b917461f255a71a62db92a66163
4a7a8d6a66f12a889a5cd95a9a167b59
be90ba55e5e13c2da6491a295fc124a5
cda5a8e1b3985562a55978b159468910
a81d6429582de9495d04fa5af59e5656
ebd50aa3ba5a4991a26a6d3a8b5a6c16
1c565696df941b995d30be4979b59564
c9bf9445939db55ae6aa58b8e659be44
5aeda8eed1e9a5b5d51924b18ab29a6a
d90d9617a5de5cdb59d29f51be99716d
5599de8a41c6a5bdac53445b40a921d8
9ed066a32e6fe567ba897a25cf30a64f
6a6692ed9e55d191a2186771533ba492
c566a2ba6640c555958d950d82b346a5
47a65a316fb99a515b5d786949266811
75c8a1b69a555a098d965d26e85aa1e8
d935261aa965a1e2a20b5ecea60e4b8e
5ef52b684667d21e8ced6965d6571b54
92e95eceb5ab86e536ab6bb6e605ce7a
c51355959496986eb55a1617522515ac
6ea6e78473dc5392f65546768dd19a22
9581a56c9d6a90b929d850b55668a9ca
461e6ac5b4241a564d629a92bb6acae7
55e9a35658def4ddaaed7be9ab8ae387
5b9fb944bacb92991b98a772ae95b294
19969b68a8566919cc696e2d16d299a2
66ad95a455413859b697be2443dd7da7
24b9bbd19ab4a1eb3262ad6d0c181ad6
a5a6ad6d1ad6a442af9b46755942a7a8
b9aa2cc595a1ae6a539d609a9794204b
52b16667fb236a5ee139c9da516a9f94
268665d9ffeba6a91a5aa34b989bb292
0496bb950999a4196938077b9a9ababf
a8454eaf2a5b56b9807a7aed9816ca57
bbdaf49e5d8128a652ae6e7231dd6636
126c98a6b856c5af8ea57b1a251ae946
4a57db982fd4a679ed2d95ee1554e685
644a02ad4d7a445a6aba5445ed6cb47e
055ba866678734a57e9aaf5fd085ebed
066e7b8f6d935a5621491d6dabacf1c0
59112699c81596b90da217dda1afa9a6
65abd26aac11265af2e74a74e3ead96f
751aa9e978a56f4a2d5871a4212a5705
06654759a05b26e5e2da499863b431b5
44d55ed522b99bc6e7a6ec55db17d599
959190d6b9f1a526dbc4a3115d4f5b9b
f6d49869ad2661a8a7af63757661473a
e89e146a50ada66a9fe1a6a7f9bb8702
00000000000000000000000000000000
00000000000000000000000000000000
00000000000000000000000000000000
00000000000000000000000000000000
00000000000000000000000000000000
00000000000000000000000000000000
00000000000000000000000000000000
00000000000000000000000000000000
00000000000000000000000000000000
00000000000000000000000000000000
00000000000000000000000000000000
00000000000000000000000000000000
00000000000000000000000000000000
00000000000000000000000000000000
00000000000000000000000000000000
00000000000000000000000000000000
00000000000000000000000000000000
00000000000000000000000000000000
00000000000000000000000000000000
00000000000000000000000000000000
00000000000000000000000000000000
00000000000000000000000000000000
00000000000000000000000000000000
00000000000000000000000000000000
00000000000000000000000000000000
00000000000000000000000000000000
00000000000000000000000000000000
00000000000000000000000000000000
00000000000000000000000000000000
00000000000000000000000000000000
00000000000000000000000000000000
00000000000000000000000000000000
00000000000000000000000000000000
00000000000000000000000000000000
00000000000000000000000000000000
00000000000000000000000000000000
00000000000000000000000000000000
00000000000000000000000000000000
00000000000000000000000000000000
00000000000000000000000000000000
00000000000000000000000000000000
00000000000000000000000000000000
00000000000000000000000000000000
00000000000000000000000000000000
00000000000000000000000000000000
00000000000000000000000000000000
00000000000000000000000000000000
00000000000000000000000000000000
00000000000000000000000000000000
00000000000000000000000000000000
00000000000000000000000000000000
00000000000000000000000000000000
00000000000000000000000000000000
00000000000000000000000000000000
00000000000000000000000000000000
00000000000000000000000000000000
00000000000000000000000000000000
00000000000000000000000000000000
00000000000000000000000000000000
00000000000000000000000000000000
00000000000000000000000000000000
00000000000000000000000000000000
00000000000000000000000000000000
00000000000000000000000000000000
00000000000000000000000000000000
00000000000000000000000000000000
00000000000000000000000000000000
00000000000000000000000000000000
00000000000000000000000000000000
00000000000000000000000000000000
00000000000000000000000000000000
00000000000000000000000000000000
00000000000000000000000000000000
00000000000000000000000000000000
00000000000000000000000000000000
00000000000000000000000000000000
00000000000000000000000000000000
00000000000000000000000000000000
00000000000000000000000000000000
00000000000000000000000000000000
00000000000000000000000000000000
00000000000000000000000000000000
00000000000000000000000000000000
00000000000000000000000000000000
00000000000000000000000000000000
00000000000000000000000000000000
00000000000000000000000000000000
00000000000000000000000000000000
00000000000000000000000000000000
00000000000000000000000000000000
00000000000000000000000000000000
00000000000000000000000000000000
00000000000000000000000000000000
00000000000000000000000000000000
00000000000000000000000000000000
00000000000000000000000000000000
00000000000000000000000000000000
00000000000000000000000000000000
00000000000000000000000000000000
00000000000000000000000000000000
00000000000000000000000000000000
00000000000000000000000000000000
00000000000000000000000000000000
00000000000000000000000000000000
00000000000000000000000000000000
00000000000000000000000000000000
00000000000000000000000000000000
00000000000000000000000000000000
00000000000000000000000000000000
00000000000000000000000000000000
00000000000000000000000000000000
00000000000000000000000000000000
00000000000000000000000000000000
00000000000000000000000000000000
00000000000000000000000000000000
00000000000000000000000000000000
00000000000000000000000000000000
00000000000000000000000000000000
00000000000000000000000000000000
00000000000000000000000000000000
00000000000000000000000000000000
00000000000000000000000000000000
00000000000000000000000000000000
00000000000000000000000000000000
00000000000000000000000000000000
00000000000000000000000000000000
00000000000000000000000000000000
00000000000000000000000000000000
00000000000000000000000000000000
00000000000000000000000000000000
00000000000000000000000000000000
00000000000000000000000000000000
00000000000000000000000000000000
00000000000000000000000000000000
00000000000000000000000000000000
00000000000000000000000000000000
00000000000000000000000000000000
00000000000000000000000000000000
00000000000000000000000000000000
00000000000000000000000000000000
00000000000000000000000000000000
00000000000000000000000000000000
00000000000000000000000000000000
00000000000000000000000000000000
00000000000000000000000000000000
00000000000000000000000000000000
00000000000000000000000000000000
00000000000000000000000000000000
00000000000000000000000000000000
00000000000000000000000000000000
00000000000000000000000000000000
00000000000000000000000000000000
00000000000000000000000000000000
00000000000000000000000000000000
00000000000000000000000000000000
00000000000000000000000000000000
00000000000000000000000000000000
00000000000000000000000000000000
00000000000000000000000000000000
00000000000000000000000000000000
00000000000000000000000000000000
00000000000000000000000000000000
00000000000000000000000000000000
00000000000000000000000000000000
00000000000000000000000000000000
00000000000000000000000000000000
00000000000000000000000000000000
00000000000000000000000000000000
00000000000000000000000000000000
00000000000000000000000000000000
00000000000000000000000000000000
00000000000000000000000000000000
00000000000000000000000000000000
00000000000000000000000000000000
00000000000000000000000000000000
00000000000000000000000000000000
00000000000000000000000000000000
00000000000000000000000000000000
00000000000000000000000000000000
00000000000000000000000000000000
00000000000000000000000000000000
00000000000000000000000000000000
00000000000000000000000000000000
00000000000000000000000000000000
00000000000000000000000000000000
00000000000000000000000000000000
00000000000000000000000000000000
00000000000000000000000000000000
00000000000000000000000000000000
00000000000000000000000000000000
00000000000000000000000000000000
000a000b000a0008000c000a000a0009
000a0009000a000b000b000a000a0008
000a000b000b0009000a000a000b0009
000b000a000b000a000b0009000b000b
000a0008000b0009000a000b000c000b
000b000a000c0009000a000a000c000c
000a000b000a000a000a000a000b000a
000a0009000a000a000a0008000b000b
000a000a000a000a000a000b000b000b
0008000a000a000b000a000c0008000a
000a000c000b000b000a0009000b000b
000b000b000b000c000b000a000a000a
0009000a000a000b000b000a000b000b
0009000a000b000b000a000b00090009
0009000a000a000a00090009000a000c
000a000a000a000a0009000a000a000a
000000000000000000000000000c000a
00000000000000000000000000000000
00000000000000000000000000000000
00000000000000000000000000000000
00000000000000000000000000000000
00000000000000000000000000000000
00000000000000000000000000000000
00000000000000000000000000000000
00000000000000000000000000000000
00000000000000000000000000000000
00000000000000000000000000000000
00000000000000000000000000000000
00000000000000000000000000000000
00000000000000000000000000000000
00000000000000000000000000000000
00000000000000000000000000000000
00000000000000000000000000000000
00000000000000000000000000000000
00000000000000000000000000000000
00000000000000000000000000000000
00000000000000000000000000000000
00000000000000000000000000000000
00000000000000000000000000000000
00000000000000000000000000000000
00000000000000000000000000000000
00000000000000000000000000000000
00000000000000000000000000000000
00000000000000000000000000000000
00000000000000000000000000000000
00000000000000000000000000000000
00000000000000000000000000000000
00000000000000000000000000000000
00000000000000000000000000000000
00000000000000000000000000000000
00000000000000000000000000000000
00000000000000000000000000000000
00000000000000000000000000000000
00000000000000000000000000000000
00000000000000000000000000000000
00000000000000000000000000000000
00000000000000000000000000000000
00000000000000000000000000000000
00000000000000000000000000000000
00000000000000000000000000000000
00000000000000000000000000000000
00000000000000000000000000000000
00000000000000000000000000000000
00000000000000000000000000000000
00000000000000000000000000000000
00000000000000000000000000000000
00000000000000000000000000000000
00000000000000000000000000000000
00000000000000000000000000000000
00000000000000000000000000000000
00000000000000000000000000000000
00000000000000000000000000000000
00000000000000000000000000000000
00000000000000000000000000000000
00000000000000000000000000000000
00000000000000000000000000000000
00000000000000000000000000000000
00000000000000000000000000000000
00000000000000000000000000000000
00000000000000000000000000000000
00000000000000000000000000000000
00000000000000000000000000000000
00000000000000000000000000000000
00000000000000000000000000000000
00000000000000000000000000000000
00000000000000000000000000000000
00000000000000000000000000000000
00000000000000000000000000000000
00000000000000000000000000000000
00000000000000000000000000000000
00000000000000000000000000000000
00000000000000000000000000000000
00000000000000000000000000000000
00000000000000000000000000000000
00000000000000000000000000000000
00000000000000000000000000000000
00000000000000000000000000000000
00000000000000000000000000000000
00000000000000000000000000000000
00000000000000000000000000000000
00000000000000000000000000000000
00000000000000000000000000000000
00000000000000000000000000000000
00000000000000000000000000000000
00000000000000000000000000000000
00000000000000000000000000000000
00000000000000000000000000000000
00000000000000000000000000000000
00000000000000000000000000000000
00000000000000000000000000000000
00000000000000000000000000000000
00000000000000000000000000000000
00000000000000000000000000000000
00000000000000000000000000000000
00000000000000000000000000000000
00000000000000000000000000000000
00000000000000000000000000000000
00000000000000000000000000000000
00000000000000000000000000000000
00000000000000000000000000000000
00000000000000000000000000000000
00000000000000000000000000000000
00000000000000000000000000000000
00000000000000000000000000000000
00000000000000000000000000000000
00000000000000000000000000000000
00000000000000000000000000000000
00000000000000000000000000000000
00000000000000000000000000000000
00000000000000000000000000000000
00000000000000000000000000000000
00000000000000000000000000000000
00000000000000000000000000000000
00000000000000000000000000000000
00000000000000000000000000000000
00000000000000000000000000000000
00000000000000000000000000000000
00000000000000000000000000000000
00000000000000000000000000000000
00000000000000000000000000000000
00000000000000000000000000000000
00000000000000000000000000000000
00000000000000000000000000000000
00000000000000000000000000000000
00000000000000000000000000000000
00000000000000000000000000000000
00000000000000000000000000000000
00000000000000000000000000000000
00000000000000000000000000000000
00000000000000000000000000000000
00000000000000000000000000000000
00000000000000000000000000000000
00000000000000000000000000000000
00000000000000000000000000000000
00000000000000000000000000000000
00000000000000000000000000000000
00000000000000000000000000000000
00000000000000000000000000000000
00000000000000000000000000000000
00000000000000000000000000000000
00000000000000000000000000000000
00000000000000000000000000000000
00000000000000000000000000000000
00000000000000000000000000000000
00000000000000000000000000000000
00000000000000000000000000000000
00000000000000000000000000000000
00000000000000000000000000000000
00000000000000000000000000000000
00000000000000000000000000000000
00000000000000000000000000000000
00000000000000000000000000000000
00000000000000000000000000000000
00000000000000000000000000000000
00000000000000000000000000000000
00000000000000000000000000000000
00000000000000000000000000000000
00000000000000000000000000000000
00000000000000000000000000000000
00000000000000000000000000000000
00000000000000000000000000000000
00000000000000000000000000000000
00000000000000000000000000000000
00000000000000000000000000000000
00000000000000000000000000000000
00000000000000000000000000000000
00000000000000000000000000000000
00000000000000000000000000000000
00000000000000000000000000000000
00000000000000000000000000000000
00000000000000000000000000000000
00000000000000000000000000000000
00000000000000000000000000000000
00000000000000000000000000000000
00000000000000000000000000000000
00000000000000000000000000000000
00000000000000000000000000000000
00000000000000000000000000000000
00000000000000000000000000000000
00000000000000000000000000000000
00000000000000000000000000000000
00000000000000000000000000000000
00000000000000000000000000000000
00000000000000000000000000000000
00000000000000000000000000000000
00000000000000000000000000000000
00000000000000000000000000000000
00000000000000000000000000000000
00000000000000000000000000000000
00000000000000000000000000000000
00000000000000000000000000000000
00000000000000000000000000000000
00000000000000000000000000000000
00000000000000000000000000000000
00000000000000000000000000000000
00000000000000000000000000000000
00000000000000000000000000000000
00000000000000000000000000000000
00000000000000000000000000000000
00000000000000000000000000000000
00000000000000000000000000000000
00000000000000000000000000000000
00000000000000000000000000000000
00000000000000000000000000000000
00000000000000000000000000000000
00000000000000000000000000000000
00000000000000000000000000000000
00000000000000000000000000000000
00000000000000000000000000000000
00000000000000000000000000000000
00000000000000000000000000000000
00000000000000000000000000000000
00000000000000000000000000000000
00000000000000000000000000000000
00000000000000000000000000000000
00000000000000000000000000000000
00000000000000000000000000000000
00000000000000000000000000000000
00000000000000000000000000000000
00000000000000000000000000000000
00000000000000000000000000000000
00000000000000000000000000000000
00000000000000000000000000000000
00000000000000000000000000000000
00000000000000000000000000000000
00000000000000000000000000000000
00000000000000000000000000000000
00000000000000000000000000000000
00000000000000000000000000000000
00000000000000000000000000000000
00000000000000000000000000000000
00000000000000000000000000000000
00000000000000000000000000000000
00000000000000000000000000000000
00000000000000000000000000000000
00000000000000000000000000000000
547751c5677a575b9468f706b2437e52
08e9aeea45bcab80b5b98a445948b932
9b288277887695a18b3904c36432b642
be75833489799b6b972d6a377c274367
b45cb79682a91a9a895a4785b9b648b5
797cc3cd7677a37878332a9434aa7273
2c958d895263779bc4c6c6ae86c34845
446e248ca6a6d83b534c98c97785c675
395aa695b9a9b86804b679bac26ca483
be9a0c7bba386d6554b9a2ab184e7765
64bde789295575581455c139685c44a9
c8322a259c5362968c6e596e81695365
8234721c28b89a2b929aeba58cbb8876
c656a79a36979a576ae3a77a865b8c5e
d82682d7c4b83487a82cccaa388c315a
c963346794d69a46c25588d6b45db587
d54b65c8997752ba985cb22ba5ad358a
82748bab7796d9496257a88759c7b52c
c88732d3d5a92bd628ac3547a94d6376
bc533387474c248993456db6ca428ee5
93b4345d5a666544b7c8b399843b9b56
479c3b54aa855b78b35546706538a4b2
bc65e29b2a5ac9a83499bc6bc9a91d2b
adb29aa678a4769862d65e33293977ec
69ad7e57ca7a9b12541a7b5cca771c65
4cc47a3d54d41586a86270a975a59536
7d8c98625c86a883432c73331474a7d9
ebb733c1b6da9371cc5b649977a5657d
a67c681297d5055b9866ba26c8b2c674
da5c7822543e3849da7995a827545947
2542bc9c2c42e7837b6759a445438774
35a1ac836b2718998a512a5b9da868b5
9ad7a7b3a4564e759b285b4388d549b7
446e5cfb688699dd9882997b3cc8f978
15839ba8c6a865d8585738830295d7b5
b86f6a2541a5887b48acd33ccb85a7da
78539d72c776b3e8c45867939c42b177
56818a6a67a6809286e5d7ca34487446
42a654484b5929b4814854f7a9a846e3
a5ba3d70b85534464b896c769557c366
6d6c664bca5b66427373077ea8682366
ad5b415d8589987bb79c1948cc55ae87
b2a7499c394883bf7973c876cb85b9b9
21e7877719d88ca96b9f685d68b589c5
83cb6a6cd054a239a97526243be413a5
6a66aa38e26cb8a9bc545aa584b27b07
193528a42a973e5959c8c1a5b5594718
74b678b8588df6774312474263843245
39276be9e86b95bc179a592956393a39
76fbfabb8b275b775e69d689ad5778ac
55c5428aaa44a0ec7cc7ea576b6b4a45
849d6a99248c8c8259956e84bcb80355
52a79577b5b2294b746d5295b565727d
596bc5542ba4b76bcaca7b3459c818b8
6c99ab43d95b6ae48b1c565ab68aab8a
4585c4493858976a48775d543734975f
497b6213b663979b49e7cd444261d289
507634d7556226e89ae7a54855c8aba6
43d8b8e29a66b964582b7948b0e428ce
52e464996a81a35b9d9436b527d9893a
2b8fc27bb6fbb6883b51b94db8b57b44
6299d38c9963d3b509c4714454b95aa1
ccaa7adb27aa79e776cd506526b468f5
be48a74c7cabac45bc3a4984c3750b75
b86739bb3d7478d9ab458bb4269878c7
00000000000000000000000000000000
00000000000000000000000000000000
00000000000000000000000000000000
00000000000000000000000000000000
00000000000000000000000000000000
00000000000000000000000000000000
00000000000000000000000000000000
00000000000000000000000000000000
00000000000000000000000000000000
00000000000000000000000000000000
00000000000000000000000000000000
00000000000000000000000000000000
00000000000000000000000000000000
00000000000000000000000000000000
00000000000000000000000000000000
00000000000000000000000000000000
00000000000000000000000000000000
00000000000000000000000000000000
00000000000000000000000000000000
00000000000000000000000000000000
00000000000000000000000000000000
00000000000000000000000000000000
00000000000000000000000000000000
00000000000000000000000000000000
00000000000000000000000000000000
00000000000000000000000000000000
00000000000000000000000000000000
00000000000000000000000000000000
00000000000000000000000000000000
00000000000000000000000000000000
00000000000000000000000000000000
00000000000000000000000000000000
00000000000000000000000000000000
00000000000000000000000000000000
00000000000000000000000000000000
00000000000000000000000000000000
00000000000000000000000000000000
00000000000000000000000000000000
00000000000000000000000000000000
00000000000000000000000000000000
00000000000000000000000000000000
00000000000000000000000000000000
00000000000000000000000000000000
00000000000000000000000000000000
00000000000000000000000000000000
00000000000000000000000000000000
00000000000000000000000000000000
00000000000000000000000000000000
00000000000000000000000000000000
00000000000000000000000000000000
00000000000000000000000000000000
00000000000000000000000000000000
00000000000000000000000000000000
00000000000000000000000000000000
00000000000000000000000000000000
00000000000000000000000000000000
00000000000000000000000000000000
00000000000000000000000000000000
00000000000000000000000000000000
00000000000000000000000000000000
00000000000000000000000000000000
00000000000000000000000000000000
00000000000000000000000000000000
00000000000000000000000000000000
00000000000000000000000000000000
00000000000000000000000000000000
00000000000000000000000000000000
00000000000000000000000000000000
00000000000000000000000000000000
00000000000000000000000000000000
00000000000000000000000000000000
00000000000000000000000000000000
00000000000000000000000000000000
00000000000000000000000000000000
00000000000000000000000000000000
00000000000000000000000000000000
00000000000000000000000000000000
00000000000000000000000000000000
00000000000000000000000000000000
00000000000000000000000000000000
00000000000000000000000000000000
00000000000000000000000000000000
00000000000000000000000000000000
00000000000000000000000000000000
00000000000000000000000000000000
00000000000000000000000000000000
00000000000000000000000000000000
00000000000000000000000000000000
00000000000000000000000000000000
00000000000000000000000000000000
00000000000000000000000000000000
00000000000000000000000000000000
00000000000000000000000000000000
00000000000000000000000000000000
00000000000000000000000000000000
00000000000000000000000000000000
00000000000000000000000000000000
00000000000000000000000000000000
00000000000000000000000000000000
00000000000000000000000000000000
00000000000000000000000000000000
00000000000000000000000000000000
00000000000000000000000000000000
00000000000000000000000000000000
00000000000000000000000000000000
00000000000000000000000000000000
00000000000000000000000000000000
00000000000000000000000000000000
00000000000000000000000000000000
00000000000000000000000000000000
00000000000000000000000000000000
00000000000000000000000000000000
00000000000000000000000000000000
00000000000000000000000000000000
00000000000000000000000000000000
00000000000000000000000000000000
00000000000000000000000000000000
00000000000000000000000000000000
00000000000000000000000000000000
00000000000000000000000000000000
00000000000000000000000000000000
00000000000000000000000000000000
00000000000000000000000000000000
00000000000000000000000000000000
00000000000000000000000000000000
00000000000000000000000000000000
00000000000000000000000000000000
00000000000000000000000000000000
00000000000000000000000000000000
00000000000000000000000000000000
00000000000000000000000000000000
00000000000000000000000000000000
00000000000000000000000000000000
00000000000000000000000000000000
00000000000000000000000000000000
00000000000000000000000000000000
00000000000000000000000000000000
00000000000000000000000000000000
00000000000000000000000000000000
00000000000000000000000000000000
00000000000000000000000000000000
00000000000000000000000000000000
00000000000000000000000000000000
00000000000000000000000000000000
00000000000000000000000000000000
00000000000000000000000000000000
00000000000000000000000000000000
00000000000000000000000000000000
00000000000000000000000000000000
00000000000000000000000000000000
00000000000000000000000000000000
00000000000000000000000000000000
00000000000000000000000000000000
00000000000000000000000000000000
00000000000000000000000000000000
00000000000000000000000000000000
00000000000000000000000000000000
00000000000000000000000000000000
00000000000000000000000000000000
00000000000000000000000000000000
00000000000000000000000000000000
00000000000000000000000000000000
00000000000000000000000000000000
00000000000000000000000000000000
00000000000000000000000000000000
00000000000000000000000000000000
00000000000000000000000000000000
00000000000000000000000000000000
00000000000000000000000000000000
00000000000000000000000000000000
00000000000000000000000000000000
00000000000000000000000000000000
00000000000000000000000000000000
00000000000000000000000000000000
00000000000000000000000000000000
00000000000000000000000000000000
00000000000000000000000000000000
00000000000000000000000000000000
00000000000000000000000000000000
00000000000000000000000000000000
00000000000000000000000000000000
00000000000000000000000000000000
00000000000000000000000000000000
00000000000000000000000000000000
00000000000000000000000000000000
00000000000000000000000000000000
00000000000000000000000000000000
00000000000000000000000000000000
00000000000000000000000000000000
00000000000000000000000000000000
00000000000000000000000000000000
98c9b59384b577569746936514a1d4c9
68d9534985824c36b98794849588e81d
756d75b9865bb777833b88fe9483bad4
bc1bccc7aad82c89bcacac8a7a8a953d
7a66b76e51d288b372addcaea2a63acc
7eab893a867952592dda44049d83626c
7863f85ab5c96ca595bbcdbea774da3b
b946ac59a6c9bad6199d64024776a743
e946c6a9958fb2e72a86a94568b97983
b7b739382155cbb792726492646495db
c582b833399486b52a9a931312948767
e592a9a4dcc2387795a632b37697a85b
c5457ba57c65b978ad58b666866d0995
86966bdca9ce9777db6b164de85e71ac
6c79b871594ae849d76968ab89a7d5cd
92e8b5276c218686da577897744865e3
75c3b81a81a440867892644b799bc2a3
9c82999378d85d31ecb9ab04bc37bc75
873799f7928338658c88264ed35a4267
47967d37259caa3a4996419acb7e6779
9bfba7a9702c5d3a9a796893c430ac56
dcc392a14a286aa6b53c6c8a86561344
0c8578a59b89387cbd57487a8594aa7e
4962ab52168c355bae69b55693481975
d82bb9da96787da9c859c275997bd684
5a97b63639c5c8c5b828aa5ed76a85aa
ca7e9699c53824476c19a78746aa6394
a6f4ca24a59693c6648da9b8676b86b4
7bb3495966678776217d4c9a9ca5aaad
e5665f098aab6944259a8d7c829556d6
8656799d9be7abb5bae295565e7463da
aaf958195a996897c7d08d9956765372
67862dd57c697476749c95bbab12639e
c568b71a96c989fb85cc89aeaa6c4425
45aec4c53a876a7a8bc783ca187b8794
97484d75c11d447496c8a5886567986d
c7577771426645b75256899ceb8aabe4
7e5db96ab4bbabd48c74b9abb3a2c749
66578ace534b4bba2c393897d7646e15
45b6d5e5b5ba6ce7585d7692854b6b8b
5bb86a93475453727db63a6d4ae9876a
7baac66486a26b46753b75926af296c8
abaa49f9d7985618c7a327ac6a89aab3
c4accd9699768ab6aa52594837e21542
6738472349644bdb5659aa6a7d4b7245
5aa51e4ba778ab967db938f67c68bcd9
4935e892e95b377875899c58c77c299c
4a8492c437b59b47a853ca64748c5441
a4dba948654aa383c219654a2eca2426
5a5adc2896795bc8524b69ccf2458566
685479a366bd25cb50974a4724ca926b
3c8845dbb74a9a50b5993435b9247c98
a895b4857897882a6c04e96e54ba8aa4
6a95ba5266a7d7a962541a95802a57a2
58aca59bc3ae261c98a253514994858d
843856473643b694e94e464871aec3de
86974334684232aa5b9b5d3383a6ab4c
879596536253399a9b69c6cc46c845e7
8b899de97648965cb668227ad567b9a4
678666049453c67234c898a76288b8bd
bb6a5549965867768e71494b88436b96
64b5476aca9c88837c657c8a638385d6
9bba0b6a4256699aa9d4c8eab5554b79
d683b71287498c4ea5b77962d26a245a
73627c5bd736e73707899e97c557ac81
00000000000000000000000000000000
00000000000000000000000000000000
00000000000000000000000000000000
00000000000000000000000000000000
00000000000000000000000000000000
00000000000000000000000000000000
00000000000000000000000000000000
00000000000000000000000000000000
00000000000000000000000000000000
00000000000000000000000000000000
00000000000000000000000000000000
00000000000000000000000000000000
00000000000000000000000000000000
00000000000000000000000000000000
00000000000000000000000000000000
00000000000000000000000000000000
00000000000000000000000000000000
00000000000000000000000000000000
00000000000000000000000000000000
00000000000000000000000000000000
00000000000000000000000000000000
00000000000000000000000000000000
00000000000000000000000000000000
00000000000000000000000000000000
00000000000000000000000000000000
00000000000000000000000000000000
00000000000000000000000000000000
00000000000000000000000000000000
00000000000000000000000000000000
00000000000000000000000000000000
00000000000000000000000000000000
00000000000000000000000000000000
00000000000000000000000000000000
00000000000000000000000000000000
00000000000000000000000000000000
00000000000000000000000000000000
00000000000000000000000000000000
00000000000000000000000000000000
00000000000000000000000000000000
00000000000000000000000000000000
00000000000000000000000000000000
00000000000000000000000000000000
00000000000000000000000000000000
00000000000000000000000000000000
00000000000000000000000000000000
00000000000000000000000000000000
00000000000000000000000000000000
00000000000000000000000000000000
00000000000000000000000000000000
00000000000000000000000000000000
00000000000000000000000000000000
00000000000000000000000000000000
00000000000000000000000000000000
00000000000000000000000000000000
00000000000000000000000000000000
00000000000000000000000000000000
00000000000000000000000000000000
00000000000000000000000000000000
00000000000000000000000000000000
00000000000000000000000000000000
00000000000000000000000000000000
00000000000000000000000000000000
00000000000000000000000000000000
00000000000000000000000000000000
00000000000000000000000000000000
00000000000000000000000000000000
00000000000000000000000000000000
00000000000000000000000000000000
00000000000000000000000000000000
00000000000000000000000000000000
00000000000000000000000000000000
00000000000000000000000000000000
00000000000000000000000000000000
00000000000000000000000000000000
00000000000000000000000000000000
00000000000000000000000000000000
00000000000000000000000000000000
00000000000000000000000000000000
00000000000000000000000000000000
00000000000000000000000000000000
00000000000000000000000000000000
00000000000000000000000000000000
00000000000000000000000000000000
00000000000000000000000000000000
00000000000000000000000000000000
00000000000000000000000000000000
00000000000000000000000000000000
00000000000000000000000000000000
00000000000000000000000000000000
00000000000000000000000000000000
00000000000000000000000000000000
00000000000000000000000000000000
00000000000000000000000000000000
00000000000000000000000000000000
00000000000000000000000000000000
00000000000000000000000000000000
00000000000000000000000000000000
00000000000000000000000000000000
00000000000000000000000000000000
00000000000000000000000000000000
00000000000000000000000000000000
00000000000000000000000000000000
00000000000000000000000000000000
00000000000000000000000000000000
00000000000000000000000000000000
00000000000000000000000000000000
00000000000000000000000000000000
00000000000000000000000000000000
00000000000000000000000000000000
00000000000000000000000000000000
00000000000000000000000000000000
00000000000000000000000000000000
00000000000000000000000000000000
00000000000000000000000000000000
00000000000000000000000000000000
00000000000000000000000000000000
00000000000000000000000000000000
00000000000000000000000000000000
00000000000000000000000000000000
00000000000000000000000000000000
00000000000000000000000000000000
00000000000000000000000000000000
00000000000000000000000000000000
00000000000000000000000000000000
00000000000000000000000000000000
00000000000000000000000000000000
00000000000000000000000000000000
00000000000000000000000000000000
00000000000000000000000000000000
00000000000000000000000000000000
00000000000000000000000000000000
00000000000000000000000000000000
00000000000000000000000000000000
00000000000000000000000000000000
00000000000000000000000000000000
00000000000000000000000000000000
00000000000000000000000000000000
00000000000000000000000000000000
00000000000000000000000000000000
00000000000000000000000000000000
00000000000000000000000000000000
00000000000000000000000000000000
00000000000000000000000000000000
00000000000000000000000000000000
00000000000000000000000000000000
00000000000000000000000000000000
00000000000000000000000000000000
00000000000000000000000000000000
00000000000000000000000000000000
00000000000000000000000000000000
00000000000000000000000000000000
00000000000000000000000000000000
00000000000000000000000000000000
00000000000000000000000000000000
00000000000000000000000000000000
00000000000000000000000000000000
00000000000000000000000000000000
00000000000000000000000000000000
00000000000000000000000000000000
00000000000000000000000000000000
00000000000000000000000000000000
00000000000000000000000000000000
00000000000000000000000000000000
00000000000000000000000000000000
00000000000000000000000000000000
00000000000000000000000000000000
00000000000000000000000000000000
00000000000000000000000000000000
00000000000000000000000000000000
00000000000000000000000000000000
00000000000000000000000000000000
00000000000000000000000000000000
00000000000000000000000000000000
00000000000000000000000000000000
00000000000000000000000000000000
00000000000000000000000000000000
00000000000000000000000000000000
00000000000000000000000000000000
00000000000000000000000000000000
00000000000000000000000000000000
00000000000000000000000000000000
00000000000000000000000000000000
00000000000000000000000000000000
00000000000000000000000000000000
00000000000000000000000000000000
00000000000000000000000000000000
00000000000000000000000000000000
00000000000000000000000000000000
00000000000000000000000000000000
00000000000000000000000000000000
00000000000000000000000000000000
9d2ea66fbf9856345d5b22649aaeadad
99a58d74b57ba6a61a5acd856fc99893
a6a682fa4e5c1b6494a66baf4a754b65
9a43a5847d65b67eaae656f56277a75a
8aa90a6ab2370d6a68593639676ba699
3b51bf540555d6f69da293eb56968fa2
a5f91e8378ab5158ba65742eaa47096e
4eeba6349d16256858db9d7a85905109
a69745d16d8b937559a9a18db257659b
a6b2a5f7254ea2568993269d5d9e159e
fe1742ded70156d21749268f55aab67b
b9a72185b80d77bdf66dd89a5a1c5ee8
a4aa1aaaa0a15a97b4a22ded20455499
aea4190a9f194ca975e625b676e45c5a
96ad9ae64865b798959d5ad8ffed0f5e
7e6dc19576c665bab4ea6520ab79227f
e2939198ade785f68b66682970e7ca6a
127adaa5b96af51ff4db15891b72d62e
a3e3fde870624d6b65a79796a5d5dbb6
41078285e96ee777352a7857ae6712da
a70aa9956d4a6449ee6666e97aca85d6
aa68a75ae055775788e9ad4a61e5f2a4
bd1485de652c46b3a649d9ab646b5e7c
a5e79a573a5517e2aa52da24961daf5a
d25294a964c64126ae195d743eabdcb6
817412ba6a52a5a2eed2d7eabd5e6791
31b9c5296565719d3a6a68b2989fea49
ae61ca5eea89b4719561871869519b36
14b26a13acba42f5a6c5504de6471649
9e8e1a122b3e9aae2a3ae796998b66ca
06e871d56a1798634d4661f56694284b
c0ab1979610183a3b6a4ae567e569c86
5c094dab43dd968e7d7f23559d9c5b4a
40a896aaa45e763aeeaa280b1b6a5aa3
222e9891c39ba75529859aaa49813457
816555ba2f2cb99118692bd5e8aab903
9299554ab96cef41617f44951844e58a
26986b51128c3aa76ed65a559d690a3f
6a51692d75e46ad926e251e6aac760e6
9656e95353b5962e97b37aa697541a05
d118aabaad75ceaef298295b52fbb805
e5aaa849656814ae5753e8141b9919a4
556c2752a9b364fb238a75c51d7b1939
4f675aebbb75aeaa56fe3ab45b074d43
90909c51977d5eaa141e7f896ba4fa96
9bbef54e0b21a5e8d76b6be74aa9c611
a58139b5a3594c6b86b4159357b1b9b4
3e4fe5ba9246275a7e8d465db6fa667b
592892820624f7b594ca197b884e0aa5
90e369a9a194e663d7149f9b1955a47a
66d93eb4928c66ad619cd3f4a52b5aa6
660c6e9912d451f6645dd1e08674a0fc
5a8617e676bc45ad6da6b65a61cd3678
bd6ae6a69b57192bae962b42eb9a7151
9654869ba56560a037ba5306a609df14
6097662fdd42e5a67d54949e506e68e6
6bb699d666ab05458959b5294a4ebeb4
9ae7d60964a697a7517d498dcd8e5895
885f58df94969537ac651a02b1fa6654
57edead2311da97815499c5d525355e5
153b6cea97eaeb482468acd5deea96ed
a855279f969f85a6cb29f41a97966a7a
9236caa70f24e591946d956e66e35d17
5af05fa9556be1a6ffac8946a8870e2a
18ab5ef28e26eea552a1b8d5f6b74a95
00000000000000000000000000000000
00000000000000000000000000000000
00000000000000000000000000000000
00000000000000000000000000000000
00000000000000000000000000000000
00000000000000000000000000000000
00000000000000000000000000000000
00000000000000000000000000000000
00000000000000000000000000000000
00000000000000000000000000000000
00000000000000000000000000000000
00000000000000000000000000000000
00000000000000000000000000000000
00000000000000000000000000000000
00000000000000000000000000000000
00000000000000000000000000000000
00000000000000000000000000000000
00000000000000000000000000000000
00000000000000000000000000000000
00000000000000000000000000000000
00000000000000000000000000000000
00000000000000000000000000000000
00000000000000000000000000000000
00000000000000000000000000000000
00000000000000000000000000000000
00000000000000000000000000000000
00000000000000000000000000000000
00000000000000000000000000000000
00000000000000000000000000000000
00000000000000000000000000000000
00000000000000000000000000000000
00000000000000000000000000000000
00000000000000000000000000000000
00000000000000000000000000000000
00000000000000000000000000000000
00000000000000000000000000000000
00000000000000000000000000000000
00000000000000000000000000000000
00000000000000000000000000000000
00000000000000000000000000000000
00000000000000000000000000000000
00000000000000000000000000000000
00000000000000000000000000000000
00000000000000000000000000000000
00000000000000000000000000000000
00000000000000000000000000000000
00000000000000000000000000000000
00000000000000000000000000000000
00000000000000000000000000000000
00000000000000000000000000000000
00000000000000000000000000000000
00000000000000000000000000000000
00000000000000000000000000000000
00000000000000000000000000000000
00000000000000000000000000000000
00000000000000000000000000000000
00000000000000000000000000000000
00000000000000000000000000000000
00000000000000000000000000000000
00000000000000000000000000000000
00000000000000000000000000000000
00000000000000000000000000000000
00000000000000000000000000000000
00000000000000000000000000000000
00000000000000000000000000000000
00000000000000000000000000000000
00000000000000000000000000000000
00000000000000000000000000000000
00000000000000000000000000000000
00000000000000000000000000000000
00000000000000000000000000000000
00000000000000000000000000000000
00000000000000000000000000000000
00000000000000000000000000000000
00000000000000000000000000000000
00000000000000000000000000000000
00000000000000000000000000000000
00000000000000000000000000000000
00000000000000000000000000000000
00000000000000000000000000000000
00000000000000000000000000000000
00000000000000000000000000000000
00000000000000000000000000000000
00000000000000000000000000000000
00000000000000000000000000000000
00000000000000000000000000000000
00000000000000000000000000000000
00000000000000000000000000000000
00000000000000000000000000000000
00000000000000000000000000000000
00000000000000000000000000000000
00000000000000000000000000000000
00000000000000000000000000000000
00000000000000000000000000000000
00000000000000000000000000000000
00000000000000000000000000000000
00000000000000000000000000000000
00000000000000000000000000000000
00000000000000000000000000000000
00000000000000000000000000000000
00000000000000000000000000000000
00000000000000000000000000000000
00000000000000000000000000000000
00000000000000000000000000000000
00000000000000000000000000000000
00000000000000000000000000000000
00000000000000000000000000000000
00000000000000000000000000000000
00000000000000000000000000000000
00000000000000000000000000000000
00000000000000000000000000000000
00000000000000000000000000000000
00000000000000000000000000000000
00000000000000000000000000000000
00000000000000000000000000000000
00000000000000000000000000000000
00000000000000000000000000000000
00000000000000000000000000000000
00000000000000000000000000000000
00000000000000000000000000000000
00000000000000000000000000000000
00000000000000000000000000000000
00000000000000000000000000000000
00000000000000000000000000000000
00000000000000000000000000000000
00000000000000000000000000000000
00000000000000000000000000000000
00000000000000000000000000000000
00000000000000000000000000000000
00000000000000000000000000000000
00000000000000000000000000000000
00000000000000000000000000000000
00000000000000000000000000000000
00000000000000000000000000000000
00000000000000000000000000000000
00000000000000000000000000000000
00000000000000000000000000000000
00000000000000000000000000000000
00000000000000000000000000000000
00000000000000000000000000000000
00000000000000000000000000000000
00000000000000000000000000000000
00000000000000000000000000000000
00000000000000000000000000000000
00000000000000000000000000000000
00000000000000000000000000000000
00000000000000000000000000000000
00000000000000000000000000000000
00000000000000000000000000000000
00000000000000000000000000000000
00000000000000000000000000000000
00000000000000000000000000000000
00000000000000000000000000000000
00000000000000000000000000000000
00000000000000000000000000000000
00000000000000000000000000000000
00000000000000000000000000000000
00000000000000000000000000000000
00000000000000000000000000000000
00000000000000000000000000000000
00000000000000000000000000000000
00000000000000000000000000000000
00000000000000000000000000000000
00000000000000000000000000000000
00000000000000000000000000000000
00000000000000000000000000000000
00000000000000000000000000000000
00000000000000000000000000000000
00000000000000000000000000000000
00000000000000000000000000000000
00000000000000000000000000000000
00000000000000000000000000000000
00000000000000000000000000000000
00000000000000000000000000000000
00000000000000000000000000000000
00000000000000000000000000000000
00000000000000000000000000000000
00000000000000000000000000000000
00000000000000000000000000000000
00000000000000000000000000000000
00000000000000000000000000000000
00000000000000000000000000000000
00000000000000000000000000000000
00000000000000000000000000000000
00000000000000000000000000000000
00000000000000000000000000000000
00000000000000000000000000000000
00000000000000000000000000000000
00000000000000000000000000000000
00000000000000000000000000000000
00000000000000000000000000000000
000b000a000a000a000a000a000a000a
000a000b000a000b000b000a00090009
000a000b0009000a000900090009000a
0009000c000b000b000b000a000b000b
0009000a000b0008000b000a000a000d
000b000a0009000b000a000b000c000b
000b000a0009000a000b000b000a000b
0009000a000b000a000b000a000a000a
000c000a000a000b000c0008000b000b
0009000a000b000a0009000c000a0009
000a0009000a000b000b000a0009000b
0009000b000a000a000a000a000a0009
0009000a000c000b000b000a000b000a
000a0009000a000b0009000b000c000c
000c000d000b000b000b000b000a0009
000a000900090008000b000a000a000a
0000000000000000000000000009000a
00000000000000000000000000000000
00000000000000000000000000000000
00000000000000000000000000000000
00000000000000000000000000000000
00000000000000000000000000000000
00000000000000000000000000000000
00000000000000000000000000000000
00000000000000000000000000000000
00000000000000000000000000000000
00000000000000000000000000000000
00000000000000000000000000000000
00000000000000000000000000000000
00000000000000000000000000000000
00000000000000000000000000000000
00000000000000000000000000000000
00000000000000000000000000000000
00000000000000000000000000000000
00000000000000000000000000000000
00000000000000000000000000000000
00000000000000000000000000000000
00000000000000000000000000000000
00000000000000000000000000000000
00000000000000000000000000000000
00000000000000000000000000000000
00000000000000000000000000000000
00000000000000000000000000000000
00000000000000000000000000000000
00000000000000000000000000000000
00000000000000000000000000000000
00000000000000000000000000000000
00000000000000000000000000000000
00000000000000000000000000000000
00000000000000000000000000000000
00000000000000000000000000000000
00000000000000000000000000000000
00000000000000000000000000000000
00000000000000000000000000000000
00000000000000000000000000000000
00000000000000000000000000000000
00000000000000000000000000000000
00000000000000000000000000000000
00000000000000000000000000000000
00000000000000000000000000000000
00000000000000000000000000000000
00000000000000000000000000000000
00000000000000000000000000000000
00000000000000000000000000000000
00000000000000000000000000000000
00000000000000000000000000000000
00000000000000000000000000000000
00000000000000000000000000000000
00000000000000000000000000000000
00000000000000000000000000000000
00000000000000000000000000000000
00000000000000000000000000000000
00000000000000000000000000000000
00000000000000000000000000000000
00000000000000000000000000000000
00000000000000000000000000000000
00000000000000000000000000000000
00000000000000000000000000000000
00000000000000000000000000000000
00000000000000000000000000000000
00000000000000000000000000000000
00000000000000000000000000000000
00000000000000000000000000000000
00000000000000000000000000000000
00000000000000000000000000000000
00000000000000000000000000000000
00000000000000000000000000000000
00000000000000000000000000000000
00000000000000000000000000000000
00000000000000000000000000000000
00000000000000000000000000000000
00000000000000000000000000000000
00000000000000000000000000000000
00000000000000000000000000000000
00000000000000000000000000000000
00000000000000000000000000000000
00000000000000000000000000000000
00000000000000000000000000000000
00000000000000000000000000000000
00000000000000000000000000000000
00000000000000000000000000000000
00000000000000000000000000000000
00000000000000000000000000000000
00000000000000000000000000000000
00000000000000000000000000000000
00000000000000000000000000000000
00000000000000000000000000000000
00000000000000000000000000000000
00000000000000000000000000000000
00000000000000000000000000000000
00000000000000000000000000000000
00000000000000000000000000000000
00000000000000000000000000000000
00000000000000000000000000000000
00000000000000000000000000000000
00000000000000000000000000000000
00000000000000000000000000000000
00000000000000000000000000000000
00000000000000000000000000000000
00000000000000000000000000000000
00000000000000000000000000000000
00000000000000000000000000000000
00000000000000000000000000000000
00000000000000000000000000000000
00000000000000000000000000000000
00000000000000000000000000000000
00000000000000000000000000000000
00000000000000000000000000000000
00000000000000000000000000000000
00000000000000000000000000000000
00000000000000000000000000000000
00000000000000000000000000000000
00000000000000000000000000000000
00000000000000000000000000000000
00000000000000000000000000000000
00000000000000000000000000000000
00000000000000000000000000000000
00000000000000000000000000000000
00000000000000000000000000000000
00000000000000000000000000000000
00000000000000000000000000000000
00000000000000000000000000000000
00000000000000000000000000000000
00000000000000000000000000000000
00000000000000000000000000000000
00000000000000000000000000000000
00000000000000000000000000000000
00000000000000000000000000000000
00000000000000000000000000000000
00000000000000000000000000000000
00000000000000000000000000000000
00000000000000000000000000000000
00000000000000000000000000000000
00000000000000000000000000000000
00000000000000000000000000000000
00000000000000000000000000000000
00000000000000000000000000000000
00000000000000000000000000000000
00000000000000000000000000000000
00000000000000000000000000000000
00000000000000000000000000000000
00000000000000000000000000000000
00000000000000000000000000000000
00000000000000000000000000000000
00000000000000000000000000000000
00000000000000000000000000000000
00000000000000000000000000000000
00000000000000000000000000000000
00000000000000000000000000000000
00000000000000000000000000000000
00000000000000000000000000000000
00000000000000000000000000000000
00000000000000000000000000000000
00000000000000000000000000000000
00000000000000000000000000000000
00000000000000000000000000000000
00000000000000000000000000000000
00000000000000000000000000000000
00000000000000000000000000000000
00000000000000000000000000000000
00000000000000000000000000000000
00000000000000000000000000000000
00000000000000000000000000000000
00000000000000000000000000000000
00000000000000000000000000000000
00000000000000000000000000000000
00000000000000000000000000000000
00000000000000000000000000000000
00000000000000000000000000000000
00000000000000000000000000000000
00000000000000000000000000000000
00000000000000000000000000000000
00000000000000000000000000000000
00000000000000000000000000000000
00000000000000000000000000000000
00000000000000000000000000000000
00000000000000000000000000000000
00000000000000000000000000000000
00000000000000000000000000000000
00000000000000000000000000000000
00000000000000000000000000000000
00000000000000000000000000000000
00000000000000000000000000000000
00000000000000000000000000000000
00000000000000000000000000000000
00000000000000000000000000000000
00000000000000000000000000000000
00000000000000000000000000000000
00000000000000000000000000000000
00000000000000000000000000000000
00000000000000000000000000000000
00000000000000000000000000000000
00000000000000000000000000000000
00000000000000000000000000000000
00000000000000000000000000000000
00000000000000000000000000000000
00000000000000000000000000000000
00000000000000000000000000000000
00000000000000000000000000000000
00000000000000000000000000000000
00000000000000000000000000000000
00000000000000000000000000000000
00000000000000000000000000000000
00000000000000000000000000000000
00000000000000000000000000000000
00000000000000000000000000000000
00000000000000000000000000000000
00000000000000000000000000000000
00000000000000000000000000000000
00000000000000000000000000000000
00000000000000000000000000000000
00000000000000000000000000000000
00000000000000000000000000000000
00000000000000000000000000000000
00000000000000000000000000000000
00000000000000000000000000000000
00000000000000000000000000000000
00000000000000000000000000000000
00000000000000000000000000000000
00000000000000000000000000000000
00000000000000000000000000000000
00000000000000000000000000000000
00000000000000000000000000000000
00000000000000000000000000000000
00000000000000000000000000000000
00000000000000000000000000000000
00000000000000000000000000000000
00000000000000000000000000000000
00000000000000000000000000000000
00000000000000000000000000000000
00000000000000000000000000000000
00000000000000000000000000000000
00000000000000000000000000000000
00000000000000000000000000000000
00000000000000000000000000000000
00000000000000000000000000000000
6b72871ca98378a6b943d91394b68cdb
57a365ce8a79745638404603384973a9
63625268979a9c507babb065887c9b30
e963164aa7c3a74aa6882255997ab3f7
43a3b2ac96b2e5c8d586be42e696d6a9
ca56799898aa9e37866752b6754f9387
839ba8db991ad7c6575b39988669a577
674751329278c8878ada7ec72cb76b79
9175982b847632b3b36d84b715a945cd
35753983bb5529ab6bbb94ab34864bac
a493f57c946566c628dabe53cf86a659
9b8cdc885d8b4ba4d83a3733474a895b
db5a1625359a9796796b8297a6b931cd
93743898e558e9397d26384e578859db
ab72d6aa31b27ba38b7687419b89368f
767a6a7719ca8598a8a7b561541c3ae5
282aa546c64696d38852cea758817921
8b8d93bbc86bb25740747e95c59c8a77
9aa687ba96a678d295ecea655a8466b4
75444b567335b69c976fb855a24c5c11
d25349b7a4bca9d9e64ca8c6989e6899
23a56f8389924d87945ca6866a49d7bb
5914cdb647392c467c3c724e9678d653
93d8427c3cbc8f675e373124ed57e798
4cbd6a368ae4a678807b4aa9a636dd88
6ac4569931dbd647a2673978e366b774
cbb6ccdd5a772c669293b32b7d8a6748
5da8a99d9b54478796756c58458cbd71
78a65a6876939cb2391996a84531483b
7c8b98a4d31364689aac9ab9b6c968ca
2c496b6cda24814e43c396426da76ac5
894e7798628c57699846aa6363e82879
477ee4b4a7747d75595774a67aba54a3
8d95c3d89cb29abea9bc2ba9a3a6ac85
46ba65d795b47488daa3b14594b9c7a6
7474323886c9cb68b8db49783a6ec823
499ea77429947286bb4b789ca47bfa89
9e986ab59b3e4727b91ccbaa5a659865
c9455a6b4832794ab1785c4ad6b66443
8b457b36689c62c4874aad41c65974a3
a86339873cc736437b9b6b6c4ea67682
c1a8a6cad86c8358a5a971aa3c7130c5
2b141bb67ace9b8c8a67aae6c6a08945
aa36e9c5ac33cb9d5257b44985a490bb
5a581978a9c7506c9ae7a84a49327bfa
af99856338e73766a161da75587bb844
d2426d4b8539956e246647b6268b757c
da92648840b88697b970457861d44585
c949353e9bea46b38b5768a4a3578655
95841266d8a598d8f3d5b8883b1b8b9b
4d4c47004346696a6c8793897e3a6448
a57474a55a86e991235762aa383d32bc
6f74ba46b247a625925266b96a861bab
875b5d4588ab4bade989e84a5725d786
a6718aa65a64a5b837cb8b74667b6658
18d969889c881724ec86b358942bb8b5
ecc397d6c66292a256a9e41679478442
9bbc55291b36699c448c3eaa655a9f58
8ca6598b6c761b6ce838c0c5467d7465
7f576a137994c45643956a5969d84839
9ebb2544a1358b865a9acb4b76c99b7b
942b45975a94866867450ac8537b9545
8588176a4b9173988e44c1d86bc547ab
3a7a9969bb345d47ca55652408629362
69597665436b56a4abed7a5dc1264749
00000000000000000000000000000000
00000000000000000000000000000000
00000000000000000000000000000000
00000000000000000000000000000000
00000000000000000000000000000000
00000000000000000000000000000000
00000000000000000000000000000000
00000000000000000000000000000000
00000000000000000000000000000000
00000000000000000000000000000000
00000000000000000000000000000000
00000000000000000000000000000000
00000000000000000000000000000000
00000000000000000000000000000000
00000000000000000000000000000000
00000000000000000000000000000000
00000000000000000000000000000000
00000000000000000000000000000000
00000000000000000000000000000000
00000000000000000000000000000000
00000000000000000000000000000000
00000000000000000000000000000000
00000000000000000000000000000000
00000000000000000000000000000000
00000000000000000000000000000000
00000000000000000000000000000000
00000000000000000000000000000000
00000000000000000000000000000000
00000000000000000000000000000000
00000000000000000000000000000000
00000000000000000000000000000000
00000000000000000000000000000000
00000000000000000000000000000000
00000000000000000000000000000000
00000000000000000000000000000000
00000000000000000000000000000000
00000000000000000000000000000000
00000000000000000000000000000000
00000000000000000000000000000000
00000000000000000000000000000000
00000000000000000000000000000000
00000000000000000000000000000000
00000000000000000000000000000000
00000000000000000000000000000000
00000000000000000000000000000000
00000000000000000000000000000000
00000000000000000000000000000000
00000000000000000000000000000000
00000000000000000000000000000000
00000000000000000000000000000000
00000000000000000000000000000000
00000000000000000000000000000000
00000000000000000000000000000000
00000000000000000000000000000000
00000000000000000000000000000000
00000000000000000000000000000000
00000000000000000000000000000000
00000000000000000000000000000000
00000000000000000000000000000000
00000000000000000000000000000000
00000000000000000000000000000000
00000000000000000000000000000000
00000000000000000000000000000000
00000000000000000000000000000000
00000000000000000000000000000000
00000000000000000000000000000000
00000000000000000000000000000000
00000000000000000000000000000000
00000000000000000000000000000000
00000000000000000000000000000000
00000000000000000000000000000000
00000000000000000000000000000000
00000000000000000000000000000000
00000000000000000000000000000000
00000000000000000000000000000000
00000000000000000000000000000000
00000000000000000000000000000000
00000000000000000000000000000000
00000000000000000000000000000000
00000000000000000000000000000000
00000000000000000000000000000000
00000000000000000000000000000000
00000000000000000000000000000000
00000000000000000000000000000000
00000000000000000000000000000000
00000000000000000000000000000000
00000000000000000000000000000000
00000000000000000000000000000000
00000000000000000000000000000000
00000000000000000000000000000000
00000000000000000000000000000000
00000000000000000000000000000000
00000000000000000000000000000000
00000000000000000000000000000000
00000000000000000000000000000000
00000000000000000000000000000000
00000000000000000000000000000000
00000000000000000000000000000000
00000000000000000000000000000000
00000000000000000000000000000000
00000000000000000000000000000000
00000000000000000000000000000000
00000000000000000000000000000000
00000000000000000000000000000000
00000000000000000000000000000000
00000000000000000000000000000000
00000000000000000000000000000000
00000000000000000000000000000000
00000000000000000000000000000000
00000000000000000000000000000000
00000000000000000000000000000000
00000000000000000000000000000000
00000000000000000000000000000000
00000000000000000000000000000000
00000000000000000000000000000000
00000000000000000000000000000000
00000000000000000000000000000000
00000000000000000000000000000000
00000000000000000000000000000000
00000000000000000000000000000000
00000000000000000000000000000000
00000000000000000000000000000000
00000000000000000000000000000000
00000000000000000000000000000000
00000000000000000000000000000000
00000000000000000000000000000000
00000000000000000000000000000000
00000000000000000000000000000000
00000000000000000000000000000000
00000000000000000000000000000000
00000000000000000000000000000000
00000000000000000000000000000000
00000000000000000000000000000000
00000000000000000000000000000000
00000000000000000000000000000000
00000000000000000000000000000000
00000000000000000000000000000000
00000000000000000000000000000000
00000000000000000000000000000000
00000000000000000000000000000000
00000000000000000000000000000000
00000000000000000000000000000000
00000000000000000000000000000000
00000000000000000000000000000000
00000000000000000000000000000000
00000000000000000000000000000000
00000000000000000000000000000000
00000000000000000000000000000000
00000000000000000000000000000000
00000000000000000000000000000000
00000000000000000000000000000000
00000000000000000000000000000000
00000000000000000000000000000000
00000000000000000000000000000000
00000000000000000000000000000000
00000000000000000000000000000000
00000000000000000000000000000000
00000000000000000000000000000000
00000000000000000000000000000000
00000000000000000000000000000000
00000000000000000000000000000000
00000000000000000000000000000000
00000000000000000000000000000000
00000000000000000000000000000000
00000000000000000000000000000000
00000000000000000000000000000000
00000000000000000000000000000000
00000000000000000000000000000000
00000000000000000000000000000000
00000000000000000000000000000000
00000000000000000000000000000000
00000000000000000000000000000000
00000000000000000000000000000000
00000000000000000000000000000000
00000000000000000000000000000000
00000000000000000000000000000000
00000000000000000000000000000000
00000000000000000000000000000000
00000000000000000000000000000000
00000000000000000000000000000000
00000000000000000000000000000000
00000000000000000000000000000000
00000000000000000000000000000000
00000000000000000000000000000000
00000000000000000000000000000000
00000000000000000000000000000000
00000000000000000000000000000000
00000000000000000000000000000000
00000000000000000000000000000000
00000000000000000000000000000000
00000000000000000000000000000000
590b96b5c79376899a347ac7a539c336
7c362c7a5b628c674c568746595cb154
aa5661885397657c5856e37647b73868
daa597695ec9bd461c9a56691b7935bd
bb7a76984c95275a823dd7b5a659c9c2
2a2af857b8d54794ac4d53ce6a39679b
66b07d35bba572df958d79e675677497
6a49b9a54ac376976b1a9e4c63a734da
6eb5936465a8686b1886d80d5b86a43c
c5331ac2cdd6747d37b74ba9bca6b23e
85867a3ec76885588638a954932672b8
37ea8aa796c79447c2598865559d83f2
c766a2855c5ab389827a8655c3e52992
b7499279be4b76966bc2989a7c5a7a1b
a6bc67d5639c8ac54aadf8693bc67b88
b84532856a63cb8bd8a5a775831f56b7
57c62998bb399c6859dca71b5b322b37
c5b375a0a484a879c17952d82c97065b
42baa3186cd5b42d428d6a39dc53487d
66482dc336496b1a9e8876794c7b7bd5
4997c2aa479d6a6abbe7446da4985d5c
b128377a65a95228423aa33a76b7c393
456929997c6dccaa2265eadb88655b96
688b59d75a997916b44c47899b545c97
4c26bd5c9aa4aa956379ad8a67bcd191
4d863ca749c88497e7675493298c549c
12d6b5aa14574c93bc9b62b5e897396b
2a7ebc32995db3435b448b711e55e974
bba7bbd7d88840932bca285a8b6bc683
7aea6c9aaf2cca3c8a2856ca8749655b
b6bc5b65a876894436c91645955454d4
4ca35de7159774cb7d9a3838b3166ba6
8d8bdd48d4aa1b4a8b88cb646758bbea
ba58927e7db4d73f66594c3b88d457a7
744523894876aa8f7f6cf546b8dc6777
6b8458147c8789468660982863991c4d
4d7be9c8fba66a46c65d9c755fb729b7
bc285664dd2abca2accc9487a9eb78b4
7872a7351b556a576e8c334cdae7a620
133c8a967adde6498b57aca886c74bbb
b7738c74774b22266390b657cb9b7179
7a78cb586e9845b8699adb1c858cc4a9
54532b7626594a59788962add2948a53
b76597c45c6868896963779b1768b80c
d25884b3a9a68acaac91aca953cdba67
54815ca485aa484975910dacc9d8c728
5673827c8c78e4c253a357578686d514
857cacf79982764a9c99764287b9b935
289aacd35b3ec9267485d85ac778ebc9
6ac9778ac9c10298c7367873a656e49d
437a76b819c8a46c8c1b79c57db6a18b
3c4996589595ca9aba8bc78e3b24a834
7665cd797b539b3b764c5867cba7a5b0
9b168e72daa986bc95b5859d97e6c599
40b19958354b7c2a67d4d6a96c776fa1
c496834b2b728b35d565b975b9676ab6
8d53b3b5542495da8b935494929bc62b
159a8bb2465d658b8bc037896be98a98
8586a32f8d7889677787b365d6a66a9a
377dcc726b4afaa0a36b9799c7a48a75
aa3afb9a7a86e7c9dbb4c6748d84a854
abeca75d8bcc988a759a54af02735496
74a3986c9cd957d9d149a571b44b8444
8869a721cac691865c7857235e476796
22598a738a3aca6a4369bd43236a46da
00000000000000000000000000000000
00000000000000000000000000000000
00000000000000000000000000000000
00000000000000000000000000000000
00000000000000000000000000000000
00000000000000000000000000000000
00000000000000000000000000000000
00000000000000000000000000000000
00000000000000000000000000000000
00000000000000000000000000000000
00000000000000000000000000000000
00000000000000000000000000000000
00000000000000000000000000000000
00000000000000000000000000000000
00000000000000000000000000000000
00000000000000000000000000000000
00000000000000000000000000000000
00000000000000000000000000000000
00000000000000000000000000000000
00000000000000000000000000000000
00000000000000000000000000000000
00000000000000000000000000000000
00000000000000000000000000000000
00000000000000000000000000000000
00000000000000000000000000000000
00000000000000000000000000000000
00000000000000000000000000000000
00000000000000000000000000000000
00000000000000000000000000000000
00000000000000000000000000000000
00000000000000000000000000000000
00000000000000000000000000000000
00000000000000000000000000000000
00000000000000000000000000000000
00000000000000000000000000000000
00000000000000000000000000000000
00000000000000000000000000000000
00000000000000000000000000000000
00000000000000000000000000000000
00000000000000000000000000000000
00000000000000000000000000000000
00000000000000000000000000000000
00000000000000000000000000000000
00000000000000000000000000000000
00000000000000000000000000000000
00000000000000000000000000000000
00000000000000000000000000000000
00000000000000000000000000000000
00000000000000000000000000000000
00000000000000000000000000000000
00000000000000000000000000000000
00000000000000000000000000000000
00000000000000000000000000000000
00000000000000000000000000000000
00000000000000000000000000000000
00000000000000000000000000000000
00000000000000000000000000000000
00000000000000000000000000000000
00000000000000000000000000000000
00000000000000000000000000000000
00000000000000000000000000000000
00000000000000000000000000000000
00000000000000000000000000000000
00000000000000000000000000000000
00000000000000000000000000000000
00000000000000000000000000000000
00000000000000000000000000000000
00000000000000000000000000000000
00000000000000000000000000000000
00000000000000000000000000000000
00000000000000000000000000000000
00000000000000000000000000000000
00000000000000000000000000000000
00000000000000000000000000000000
00000000000000000000000000000000
00000000000000000000000000000000
00000000000000000000000000000000
00000000000000000000000000000000
00000000000000000000000000000000
00000000000000000000000000000000
00000000000000000000000000000000
00000000000000000000000000000000
00000000000000000000000000000000
00000000000000000000000000000000
00000000000000000000000000000000
00000000000000000000000000000000
00000000000000000000000000000000
00000000000000000000000000000000
00000000000000000000000000000000
00000000000000000000000000000000
00000000000000000000000000000000
00000000000000000000000000000000
00000000000000000000000000000000
00000000000000000000000000000000
00000000000000000000000000000000
00000000000000000000000000000000
00000000000000000000000000000000
00000000000000000000000000000000
00000000000000000000000000000000
00000000000000000000000000000000
00000000000000000000000000000000
00000000000000000000000000000000
00000000000000000000000000000000
00000000000000000000000000000000
00000000000000000000000000000000
00000000000000000000000000000000
00000000000000000000000000000000
00000000000000000000000000000000
00000000000000000000000000000000
00000000000000000000000000000000
00000000000000000000000000000000
00000000000000000000000000000000
00000000000000000000000000000000
00000000000000000000000000000000
00000000000000000000000000000000
00000000000000000000000000000000
00000000000000000000000000000000
00000000000000000000000000000000
00000000000000000000000000000000
00000000000000000000000000000000
00000000000000000000000000000000
00000000000000000000000000000000
00000000000000000000000000000000
00000000000000000000000000000000
00000000000000000000000000000000
00000000000000000000000000000000
00000000000000000000000000000000
00000000000000000000000000000000
00000000000000000000000000000000
00000000000000000000000000000000
00000000000000000000000000000000
00000000000000000000000000000000
00000000000000000000000000000000
00000000000000000000000000000000
00000000000000000000000000000000
00000000000000000000000000000000
00000000000000000000000000000000
00000000000000000000000000000000
00000000000000000000000000000000
00000000000000000000000000000000
00000000000000000000000000000000
00000000000000000000000000000000
00000000000000000000000000000000
00000000000000000000000000000000
00000000000000000000000000000000
00000000000000000000000000000000
00000000000000000000000000000000
00000000000000000000000000000000
00000000000000000000000000000000
00000000000000000000000000000000
00000000000000000000000000000000
00000000000000000000000000000000
00000000000000000000000000000000
00000000000000000000000000000000
00000000000000000000000000000000
00000000000000000000000000000000
00000000000000000000000000000000
00000000000000000000000000000000
00000000000000000000000000000000
00000000000000000000000000000000
00000000000000000000000000000000
00000000000000000000000000000000
00000000000000000000000000000000
00000000000000000000000000000000
00000000000000000000000000000000
00000000000000000000000000000000
00000000000000000000000000000000
00000000000000000000000000000000
00000000000000000000000000000000
00000000000000000000000000000000
00000000000000000000000000000000
00000000000000000000000000000000
00000000000000000000000000000000
00000000000000000000000000000000
00000000000000000000000000000000
00000000000000000000000000000000
00000000000000000000000000000000
00000000000000000000000000000000
00000000000000000000000000000000
00000000000000000000000000000000
00000000000000000000000000000000
00000000000000000000000000000000
00000000000000000000000000000000
00000000000000000000000000000000
00000000000000000000000000000000
00000000000000000000000000000000
00000000000000000000000000000000
00000000000000000000000000000000
00000000000000000000000000000000
00000000000000000000000000000000
00000000000000000000000000000000
29dfa9a02bf681164375b249e9a6869e
96e65e2599af49b5b8d158aade634558
95829dac6a5085ac179d455cadedad21
e215a59d91ee9b5659ebfdb47d2a2142
783b9966ceb690e5c66682da5474799c
56998a01d717b5e6aac5664ea1627aad
092f5a49995a0279c67451a7a920acb2
b1b19669b9d885989ea966042b5b61a6
76692ad344455fd86698d981367ff179
50242251a6439f6a9a59585672291517
9de35d4c9fb7919659faaa2b5a6be394
963ca265961aeac6b82239988699799a
a56f65d25adbb57b63c9356af8a8c769
f5e01aa6ba615906e6a66555f3e9656e
5358d5ed45f18be39c776da27a574e2d
4d7ab6a9a9e98b4b8fa04a6d992f5ed5
690b5a771ad57e9aad89afadd99a5d85
f865b94871a23961ba84060551a597b8
b680e596069a47fb152d64d22aa67299
ca5626cad4f5adf19ea79666a179da59
5e62d11649ce64db375ba6eaeb09a1ba
a6eae69bbb41faa265b05fae17905751
92984b80409ede2ad9a5b6559d374a7a
5aa69652f98475a7391669e7e9755e68
9d2aaa749a159c77aa56a1df9ae500ad
d8d8252f965bdad7aa78d55d589bd4a3
546519a885a0957f5b59b710ff787a6d
fe5dda6d91b06acad15a8ec6b2e6d561
955e55655818faee678df550648815d4
c87a4996bb19a181f9889558d7f688ac
61749110771de46aaf9d66b6f3552e45
26145615c6ae25e94a205ab8a641ba6e
52cd4a996a44b7792964580eb458daaa
43aac6d91e0454659d5cf58e1a6699a9
c6ca299a5ee9e2327c757a697949abaa
263e995daada795e8a58c1f6565ca19e
76dea9694356758636a695a7ab74664d
3ca754ed6a9596caad05e81e666d6b99
91e1443c9416a580540260e7a15a1e99
2963a5a2151a299c69545d98d14aba5a
25ebb73d7b9ad461ade45bb60e02a184
09a519696ead9574a5ab44d66a1d7d62
4980d95b9886b9669d4c551596055012
95aaa5b9cf746225669547e2ed27e1b6
a5695d517b710e925ab5693e9c90fa54
e29a7aa2c57528e85166ed9a6e254096
fe1c997e22a9254a9959adac551aa75b
a53a87d067bbb56ce36b981dae1deb97
6b9b9225ea7e99a78aae8996966b26fa
79d8ee6ad3b6ebc799f31165516c6616
e5adb4a485d94249147e94898589158a
59c9bcf3e59b9aee58c6156b06535baf
a919d6e9a4c6b46a7a15096afc25b125
792669f7755a259e42d15ef99d65e455
988a1ae9c9d0da5b15efa59ee6bc3785
a91186ab6146d26242b085b69a667a60
aa95e5164d9753a6a479e39a686bdab5
f2f805526a3a5eaae6bd565e0e900609
d5b0b85f18068d6965da5ba6228a92ad
aa8966a69ade9de6eab4d6fb6b80604e
921d7d6a5262f0bb1e38b97366abd9a9
4b8db6fa4889485205d4446d0655ba9b
5f2665a9e97eb86899de5ec27bd844aa
46b9a6b5e666558ce857b12f1e86c450
955b4ea05fd55b6fa6f2a1021d5968e5
00000000000000000000000000000000
00000000000000000000000000000000
00000000000000000000000000000000
00000000000000000000000000000000
00000000000000000000000000000000
00000000000000000000000000000000
00000000000000000000000000000000
00000000000000000000000000000000
00000000000000000000000000000000
00000000000000000000000000000000
00000000000000000000000000000000
00000000000000000000000000000000
00000000000000000000000000000000
00000000000000000000000000000000
00000000000000000000000000000000
00000000000000000000000000000000
00000000000000000000000000000000
00000000000000000000000000000000
00000000000000000000000000000000
00000000000000000000000000000000
00000000000000000000000000000000
00000000000000000000000000000000
00000000000000000000000000000000
00000000000000000000000000000000
00000000000000000000000000000000
00000000000000000000000000000000
00000000000000000000000000000000
00000000000000000000000000000000
00000000000000000000000000000000
00000000000000000000000000000000
00000000000000000000000000000000
00000000000000000000000000000000
00000000000000000000000000000000
00000000000000000000000000000000
00000000000000000000000000000000
00000000000000000000000000000000
00000000000000000000000000000000
00000000000000000000000000000000
00000000000000000000000000000000
00000000000000000000000000000000
00000000000000000000000000000000
00000000000000000000000000000000
00000000000000000000000000000000
00000000000000000000000000000000
00000000000000000000000000000000
00000000000000000000000000000000
00000000000000000000000000000000
00000000000000000000000000000000
00000000000000000000000000000000
00000000000000000000000000000000
00000000000000000000000000000000
00000000000000000000000000000000
00000000000000000000000000000000
00000000000000000000000000000000
00000000000000000000000000000000
00000000000000000000000000000000
00000000000000000000000000000000
00000000000000000000000000000000
00000000000000000000000000000000
00000000000000000000000000000000
00000000000000000000000000000000
00000000000000000000000000000000
00000000000000000000000000000000
00000000000000000000000000000000
00000000000000000000000000000000
00000000000000000000000000000000
00000000000000000000000000000000
00000000000000000000000000000000
00000000000000000000000000000000
00000000000000000000000000000000
00000000000000000000000000000000
00000000000000000000000000000000
00000000000000000000000000000000
00000000000000000000000000000000
00000000000000000000000000000000
00000000000000000000000000000000
00000000000000000000000000000000
00000000000000000000000000000000
00000000000000000000000000000000
00000000000000000000000000000000
00000000000000000000000000000000
00000000000000000000000000000000
00000000000000000000000000000000
00000000000000000000000000000000
00000000000000000000000000000000
00000000000000000000000000000000
00000000000000000000000000000000
00000000000000000000000000000000
00000000000000000000000000000000
00000000000000000000000000000000
00000000000000000000000000000000
00000000000000000000000000000000
00000000000000000000000000000000
00000000000000000000000000000000
00000000000000000000000000000000
00000000000000000000000000000000
00000000000000000000000000000000
00000000000000000000000000000000
00000000000000000000000000000000
00000000000000000000000000000000
00000000000000000000000000000000
00000000000000000000000000000000
00000000000000000000000000000000
00000000000000000000000000000000
00000000000000000000000000000000
00000000000000000000000000000000
00000000000000000000000000000000
00000000000000000000000000000000
00000000000000000000000000000000
00000000000000000000000000000000
00000000000000000000000000000000
00000000000000000000000000000000
00000000000000000000000000000000
00000000000000000000000000000000
00000000000000000000000000000000
00000000000000000000000000000000
00000000000000000000000000000000
00000000000000000000000000000000
00000000000000000000000000000000
00000000000000000000000000000000
00000000000000000000000000000000
00000000000000000000000000000000
00000000000000000000000000000000
00000000000000000000000000000000
00000000000000000000000000000000
00000000000000000000000000000000
00000000000000000000000000000000
00000000000000000000000000000000
00000000000000000000000000000000
00000000000000000000000000000000
00000000000000000000000000000000
00000000000000000000000000000000
00000000000000000000000000000000
00000000000000000000000000000000
00000000000000000000000000000000
00000000000000000000000000000000
00000000000000000000000000000000
00000000000000000000000000000000
00000000000000000000000000000000
00000000000000000000000000000000
00000000000000000000000000000000
00000000000000000000000000000000
00000000000000000000000000000000
00000000000000000000000000000000
00000000000000000000000000000000
00000000000000000000000000000000
00000000000000000000000000000000
00000000000000000000000000000000
00000000000000000000000000000000
00000000000000000000000000000000
00000000000000000000000000000000
00000000000000000000000000000000
00000000000000000000000000000000
00000000000000000000000000000000
00000000000000000000000000000000
00000000000000000000000000000000
00000000000000000000000000000000
00000000000000000000000000000000
00000000000000000000000000000000
00000000000000000000000000000000
00000000000000000000000000000000
00000000000000000000000000000000
00000000000000000000000000000000
00000000000000000000000000000000
00000000000000000000000000000000
00000000000000000000000000000000
00000000000000000000000000000000
00000000000000000000000000000000
00000000000000000000000000000000
00000000000000000000000000000000
00000000000000000000000000000000
00000000000000000000000000000000
00000000000000000000000000000000
00000000000000000000000000000000
00000000000000000000000000000000
00000000000000000000000000000000
00000000000000000000000000000000
00000000000000000000000000000000
00000000000000000000000000000000
00000000000000000000000000000000
00000000000000000000000000000000
00000000000000000000000000000000
00000000000000000000000000000000
00000000000000000000000000000000
00000000000000000000000000000000
00000000000000000000000000000000
00000000000000000000000000000000
00000000000000000000000000000000
00000000000000000000000000000000
00000000000000000000000000000000
00000000000000000000000000000000
0008000a000b000a000c000a0009000c
000b000a000b0009000a000b000a0009
000a000a000a0009000a000b0009000a
000a000a0009000a0009000a000a000a
000b000a000a000a000a0008000b000b
000a000a00090009000a000c000b000b
000a000900090009000b0009000b0009
000b000a000a000a0009000a000b000b
000c000b000a000a000a000900090009
0009000a000a00090009000a00090009
0009000b000a000a000d000b000a000a
000b000a000b000a000b0009000c0008
0009000a000a0009000c0009000a000b
000a000b000b000c000900090009000a
000a000a000b000a000c000b000a0009
00090009000b0009000b000a000c000a
0000000000000000000000000009000a
00000000000000000000000000000000
00000000000000000000000000000000
00000000000000000000000000000000
00000000000000000000000000000000
00000000000000000000000000000000
00000000000000000000000000000000
00000000000000000000000000000000
00000000000000000000000000000000
00000000000000000000000000000000
00000000000000000000000000000000
00000000000000000000000000000000
00000000000000000000000000000000
00000000000000000000000000000000
00000000000000000000000000000000
00000000000000000000000000000000
00000000000000000000000000000000
00000000000000000000000000000000
00000000000000000000000000000000
00000000000000000000000000000000
00000000000000000000000000000000
00000000000000000000000000000000
00000000000000000000000000000000
00000000000000000000000000000000
00000000000000000000000000000000
00000000000000000000000000000000
00000000000000000000000000000000
00000000000000000000000000000000
00000000000000000000000000000000
00000000000000000000000000000000
00000000000000000000000000000000
00000000000000000000000000000000
00000000000000000000000000000000
00000000000000000000000000000000
00000000000000000000000000000000
00000000000000000000000000000000
00000000000000000000000000000000
00000000000000000000000000000000
00000000000000000000000000000000
00000000000000000000000000000000
00000000000000000000000000000000
00000000000000000000000000000000
00000000000000000000000000000000
00000000000000000000000000000000
00000000000000000000000000000000
00000000000000000000000000000000
00000000000000000000000000000000
00000000000000000000000000000000
00000000000000000000000000000000
00000000000000000000000000000000
00000000000000000000000000000000
00000000000000000000000000000000
00000000000000000000000000000000
00000000000000000000000000000000
00000000000000000000000000000000
00000000000000000000000000000000
00000000000000000000000000000000
00000000000000000000000000000000
00000000000000000000000000000000
00000000000000000000000000000000
00000000000000000000000000000000
00000000000000000000000000000000
00000000000000000000000000000000
00000000000000000000000000000000
00000000000000000000000000000000
00000000000000000000000000000000
00000000000000000000000000000000
00000000000000000000000000000000
00000000000000000000000000000000
00000000000000000000000000000000
00000000000000000000000000000000
00000000000000000000000000000000
00000000000000000000000000000000
00000000000000000000000000000000
00000000000000000000000000000000
00000000000000000000000000000000
00000000000000000000000000000000
00000000000000000000000000000000
00000000000000000000000000000000
00000000000000000000000000000000
00000000000000000000000000000000
00000000000000000000000000000000
00000000000000000000000000000000
00000000000000000000000000000000
00000000000000000000000000000000
00000000000000000000000000000000
00000000000000000000000000000000
00000000000000000000000000000000
00000000000000000000000000000000
00000000000000000000000000000000
00000000000000000000000000000000
00000000000000000000000000000000
00000000000000000000000000000000
00000000000000000000000000000000
00000000000000000000000000000000
00000000000000000000000000000000
00000000000000000000000000000000
00000000000000000000000000000000
00000000000000000000000000000000
00000000000000000000000000000000
00000000000000000000000000000000
00000000000000000000000000000000
00000000000000000000000000000000
00000000000000000000000000000000
00000000000000000000000000000000
00000000000000000000000000000000
00000000000000000000000000000000
00000000000000000000000000000000
00000000000000000000000000000000
00000000000000000000000000000000
00000000000000000000000000000000
00000000000000000000000000000000
00000000000000000000000000000000
00000000000000000000000000000000
00000000000000000000000000000000
00000000000000000000000000000000
00000000000000000000000000000000
00000000000000000000000000000000
00000000000000000000000000000000
00000000000000000000000000000000
00000000000000000000000000000000
00000000000000000000000000000000
00000000000000000000000000000000
00000000000000000000000000000000
00000000000000000000000000000000
00000000000000000000000000000000
00000000000000000000000000000000
00000000000000000000000000000000
00000000000000000000000000000000
00000000000000000000000000000000
00000000000000000000000000000000
00000000000000000000000000000000
00000000000000000000000000000000
00000000000000000000000000000000
00000000000000000000000000000000
00000000000000000000000000000000
00000000000000000000000000000000
00000000000000000000000000000000
00000000000000000000000000000000
00000000000000000000000000000000
00000000000000000000000000000000
00000000000000000000000000000000
00000000000000000000000000000000
00000000000000000000000000000000
00000000000000000000000000000000
00000000000000000000000000000000
00000000000000000000000000000000
00000000000000000000000000000000
00000000000000000000000000000000
00000000000000000000000000000000
00000000000000000000000000000000
00000000000000000000000000000000
00000000000000000000000000000000
00000000000000000000000000000000
00000000000000000000000000000000
00000000000000000000000000000000
00000000000000000000000000000000
00000000000000000000000000000000
00000000000000000000000000000000
00000000000000000000000000000000
00000000000000000000000000000000
00000000000000000000000000000000
00000000000000000000000000000000
00000000000000000000000000000000
00000000000000000000000000000000
00000000000000000000000000000000
00000000000000000000000000000000
00000000000000000000000000000000
00000000000000000000000000000000
00000000000000000000000000000000
00000000000000000000000000000000
00000000000000000000000000000000
00000000000000000000000000000000
00000000000000000000000000000000
00000000000000000000000000000000
00000000000000000000000000000000
00000000000000000000000000000000
00000000000000000000000000000000
00000000000000000000000000000000
00000000000000000000000000000000
00000000000000000000000000000000
00000000000000000000000000000000
00000000000000000000000000000000
00000000000000000000000000000000
00000000000000000000000000000000
00000000000000000000000000000000
00000000000000000000000000000000
00000000000000000000000000000000
00000000000000000000000000000000
00000000000000000000000000000000
00000000000000000000000000000000
00000000000000000000000000000000
00000000000000000000000000000000
00000000000000000000000000000000
00000000000000000000000000000000
00000000000000000000000000000000
00000000000000000000000000000000
00000000000000000000000000000000
00000000000000000000000000000000
00000000000000000000000000000000
00000000000000000000000000000000
00000000000000000000000000000000
00000000000000000000000000000000
00000000000000000000000000000000
00000000000000000000000000000000
00000000000000000000000000000000
00000000000000000000000000000000
00000000000000000000000000000000
00000000000000000000000000000000
00000000000000000000000000000000
00000000000000000000000000000000
00000000000000000000000000000000
00000000000000000000000000000000
00000000000000000000000000000000
00000000000000000000000000000000
00000000000000000000000000000000
00000000000000000000000000000000
00000000000000000000000000000000
00000000000000000000000000000000
00000000000000000000000000000000
00000000000000000000000000000000
00000000000000000000000000000000
00000000000000000000000000000000
00000000000000000000000000000000
00000000000000000000000000000000
00000000000000000000000000000000
00000000000000000000000000000000
00000000000000000000000000000000
00000000000000000000000000000000
00000000000000000000000000000000
00000000000000000000000000000000
00000000000000000000000000000000
00000000000000000000000000000000
00000000000000000000000000000000
00000000000000000000000000000000
00000000000000000000000000000000
00000000000000000000000000000000
00000000000000000000000000000000
00000000000000000000000000000000
00000000000000000000000000000000
