000000000000
000000000001
0000000000b1
0000000000b2
0000000000b3
000000000162
000000000163
000000000164
000000000214
000000000215
000000000216
0000000002a1
0000000002c5
0000000002c6
0000000002c7
000000000377
000000000378
000000000379
000000000428
000000000429
00000000042a
0000000004da
0000000004db
0000000004dc
00000000058b
00000000058c
00000000058d
0000000005c9
00000000063d
00000000063e
00000000063f
0000000006ee
0000000006ef
0000000006f0
00000000079f
0000000007a0
0000000007a1
000000000851
000000000852
000000000853
000000000902
000000000903
000000000904
0000000009b4
0000000009b5
0000000009b6
000000000a65
000000000a66
000000000a67
000000000b17
000000000b18
000000000b19
000000000bc8
000000000bc9
000000000bca
000000000c7a
000000000c7b
000000000c7c
000000000d2b
000000000d2c
000000000d2d
000000000ddc
000000000ddd
000000000dde
000000000e8e
000000000e8f
000000000e90
000000000f3f
000000000f40
000000000f41
000000000ff1
000000000ff2
000000000ff3
0000000010a2
0000000010a3
0000000010a4
0000000010a8
000000001154
000000001155
000000001156
000000001205
000000001206
000000001207
0000000012b7
0000000012b8
0000000012b9
000000001368
000000001369
00000000136a
000000001419
00000000141a
00000000141b
0000000014cb
0000000014cc
0000000014cd
00000000156b
00000000157c
00000000157d
00000000157e
00000000162e
00000000162f
000000001630
0000000016df
0000000016e0
0000000016e1
000000001791
000000001792
000000001793
000000001842
000000001843
000000001844
0000000018f4
0000000018f5
0000000018f6
0000000019a5
0000000019a6
0000000019a7
000000001a56
000000001a57
000000001a58
000000001b08
000000001b09
000000001b0a
000000001bb9
000000001bba
000000001bbb
000000001c6b
000000001c6c
000000001c6d
000000001d1c
000000001d1d
000000001d1e
000000001dce
000000001dcf
000000001dd0
000000001e7f
000000001e80
000000001e81
000000001f31
000000001f32
000000001f33
000000001fe2
000000001fe3
000000001fe4
000000002093
000000002094
000000002095
000000002145
000000002146
000000002147
000000002176
0000000021f6
0000000021f7
0000000021f8
0000000022a8
0000000022a9
0000000022aa
000000002359
00000000235a
00000000235b
00000000240b
00000000240c
00000000240d
0000000024bc
0000000024bd
0000000024be
00000000256e
00000000256f
000000002570
00000000261f
000000002620
000000002621
0000000026d1
0000000026d2
0000000026d3
000000002782
000000002783
000000002784
000000002833
000000002834
000000002835
0000000028e5
0000000028e6
0000000028e7
000000002996
000000002997
000000002998
000000002a48
000000002a49
000000002a4a
000000002a67
000000002af9
000000002afa
000000002afb
000000002bab
000000002bac
000000002bad
000000002c5c
000000002c5d
000000002c5e
000000002d0e
000000002d0f
000000002d10
000000002dbf
000000002dc0
000000002dc1
000000002e70
000000002e71
000000002e72
000000002f22
000000002f23
000000002f24
000000002fd3
000000002fd4
000000002fd5
000000003009
000000003085
000000003086
000000003087
000000003136
000000003137
000000003138
0000000031e8
0000000031e9
0000000031ea
000000003299
00000000329a
00000000329b
00000000334b
00000000334c
00000000334d
0000000033fc
0000000033fd
0000000033fe
0000000034ad
0000000034ae
0000000034af
00000000355f
000000003560
000000003561
000000003610
000000003611
000000003612
0000000036c2
0000000036c3
0000000036c4
000000003773
000000003774
000000003775
000000003825
000000003826
000000003827
00000000385f
0000000038d6
0000000038d7
0000000038d8
000000003988
000000003989
00000000398a
000000003a39
000000003a3a
000000003a3b
000000003aea
000000003aeb
000000003aec
000000003b9c
000000003b9d
000000003b9e
000000003c4d
000000003c4e
000000003c4f
000000003cff
000000003d00
000000003d01
000000003db0
000000003db1
000000003db2
000000003e62
000000003e63
000000003e64
000000003f13
000000003f14
000000003f15
000000003fc5
000000003fc6
000000003fc7
000000004076
000000004077
000000004078
000000004127
000000004128
000000004129
0000000041d9
0000000041da
0000000041db
00000000428a
00000000428b
00000000428c
00000000433c
00000000433d
00000000433e
0000000043ed
0000000043ee
0000000043ef
00000000449f
0000000044a0
0000000044a1
000000004550
000000004551
000000004552
000000004602
000000004603
000000004604
0000000046b3
0000000046b4
0000000046b5
000000004764
000000004765
000000004766
000000004816
000000004817
000000004818
0000000048c7
0000000048c8
0000000048c9
000000004979
00000000497a
00000000497b
000000004a2a
000000004a2b
000000004a2c
000000004adc
000000004add
000000004ade
000000004b8d
000000004b8e
000000004b8f
000000004c3f
000000004c40
000000004c41
000000004cf0
000000004cf1
000000004cf2
000000004da2
000000004da3
000000004da4
000000004e53
000000004e54
000000004e55
000000004f04
000000004f05
000000004f06
000000004fb6
000000004fb7
000000004fb8
000000005067
000000005068
000000005069
000000005119
00000000511a
00000000511b
0000000051ca
0000000051cb
0000000051cc
00000000527c
00000000527d
00000000527e
00000000532d
00000000532e
00000000532f
0000000053df
0000000053e0
0000000053e1
000000005490
000000005491
000000005492
000000005541
000000005542
000000005543
0000000055f3
0000000055f4
0000000055f5
0000000056a4
0000000056a5
0000000056a6
000000005756
000000005757
000000005758
000000005807
000000005808
000000005809
0000000058b9
0000000058ba
0000000058bb
00000000596a
00000000596b
00000000596c
000000005a1c
000000005a1d
000000005a1e
000000005acd
000000005ace
000000005acf
000000005b7e
000000005b7f
000000005b80
000000005c30
000000005c31
000000005c32
000000005ce1
000000005ce2
000000005ce3
000000005d93
000000005d94
000000005d95
000000005e44
000000005e45
000000005e46
000000005ef6
000000005ef7
000000005ef8
000000005fa7
000000005fa8
000000005fa9
00000000604d
000000006059
00000000605a
00000000605b
00000000610a
00000000610b
00000000610c
0000000061bb
0000000061bc
0000000061bd
00000000626d
00000000626e
00000000626f
000000006279
00000000631e
00000000631f
000000006320
0000000063d0
0000000063d1
0000000063d2
000000006481
000000006482
000000006483
000000006533
000000006534
000000006535
0000000065e4
0000000065e5
0000000065e6
000000006628
000000006696
000000006697
000000006698
000000006747
000000006748
000000006749
0000000067f8
0000000067f9
0000000067fa
0000000068aa
0000000068ab
0000000068ac
00000000695b
00000000695c
00000000695d
000000006a0d
000000006a0e
000000006a0f
000000006abe
000000006abf
000000006ac0
000000006b70
000000006b71
000000006b72
000000006c21
000000006c22
000000006c23
000000006cd3
000000006cd4
000000006cd5
000000006d84
000000006d85
000000006d86
000000006e36
000000006e37
000000006e38
000000006ee7
000000006ee8
000000006ee9
000000006f98
000000006f99
000000006f9a
000000006f9f
00000000704a
00000000704b
00000000704c
0000000070fb
0000000070fc
0000000070fd
0000000071ad
0000000071ae
0000000071af
00000000725e
00000000725f
000000007260
000000007310
000000007311
000000007312
0000000073c1
0000000073c2
0000000073c3
000000007473
000000007474
000000007475
000000007524
000000007525
000000007526
0000000075d5
0000000075d6
0000000075d7
000000007687
000000007688
000000007689
000000007738
000000007739
00000000773a
0000000077ea
0000000077eb
0000000077ec
00000000789b
00000000789c
00000000789d
00000000794d
00000000794e
00000000794f
0000000079e4
0000000079fe
0000000079ff
000000007a00
000000007ab0
000000007ab1
000000007ab2
000000007b61
000000007b62
000000007b63
000000007c12
000000007c13
000000007c14
000000007cc4
000000007cc5
000000007cc6
000000007d75
000000007d76
000000007d77
000000007e27
000000007e28
000000007e29
000000007ed8
000000007ed9
000000007eda
000000007f8a
000000007f8b
000000007f8c
00000000803b
00000000803c
00000000803d
0000000080ed
0000000080ee
0000000080ef
00000000819e
00000000819f
0000000081a0
00000000824f
000000008250
000000008251
000000008301
000000008302
000000008303
0000000083b2
0000000083b3
0000000083b4
000000008464
000000008465
000000008466
000000008515
000000008516
000000008517
0000000085c7
0000000085c8
0000000085c9
000000008678
000000008679
00000000867a
00000000872a
00000000872b
00000000872c
0000000087db
0000000087dc
0000000087dd
00000000888c
00000000888d
00000000888e
00000000893e
00000000893f
000000008940
0000000089ef
0000000089f0
0000000089f1
000000008aa1
000000008aa2
000000008aa3
000000008b52
000000008b53
000000008b54
000000008c04
000000008c05
000000008c06
000000008cb5
000000008cb6
000000008cb7
000000008d67
000000008d68
000000008d69
000000008e18
000000008e19
000000008e1a
000000008ec9
000000008eca
000000008ecb
000000008f7b
000000008f7c
000000008f7d
00000000902c
00000000902d
00000000902e
0000000090de
0000000090df
0000000090e0
00000000918f
000000009190
000000009191
000000009241
000000009242
000000009243
0000000092f2
0000000092f3
0000000092f4
0000000093a4
0000000093a5
0000000093a6
000000009455
000000009456
000000009457
000000009507
000000009508
000000009509
0000000095b8
0000000095b9
0000000095ba
000000009669
00000000966a
00000000966b
00000000971b
00000000971c
00000000971d
0000000097cc
0000000097cd
0000000097ce
00000000987e
00000000987f
000000009880
00000000992f
000000009930
000000009931
0000000099e1
0000000099e2
0000000099e3
000000009a79
000000009a92
000000009a93
000000009a94
000000009b44
000000009b45
000000009b46
000000009bf5
000000009bf6
000000009bf7
000000009ca6
000000009ca7
000000009ca8
000000009d58
000000009d59
000000009d5a
000000009e09
000000009e0a
000000009e0b
000000009ebb
000000009ebc
000000009ebd
000000009f6c
000000009f6d
000000009f6e
00000000a01e
00000000a01f
00000000a020
00000000a0cf
00000000a0d0
00000000a0d1
00000000a181
00000000a182
00000000a183
00000000a232
00000000a233
00000000a234
00000000a2e3
00000000a2e4
00000000a2e5
00000000a395
00000000a396
00000000a397
00000000a446
00000000a447
00000000a448
00000000a4f8
00000000a4f9
00000000a4fa
00000000a5a9
00000000a5aa
00000000a5ab
00000000a65b
00000000a65c
00000000a65d
00000000a70c
00000000a70d
00000000a70e
00000000a7be
00000000a7bf
00000000a7c0
00000000a86f
00000000a870
00000000a871
00000000a920
00000000a921
00000000a922
00000000a9d2
00000000a9d3
00000000a9d4
00000000aa83
00000000aa84
00000000aa85
00000000ab35
00000000ab36
00000000ab37
00000000abe6
00000000abe7
00000000abe8
00000000ac98
00000000ac99
00000000ac9a
00000000ad49
00000000ad4a
00000000ad4b
00000000adfb
00000000adfc
00000000adfd
00000000aeac
00000000aead
00000000aeae
00000000af5d
00000000af5e
00000000af5f
00000000b00f
00000000b010
00000000b011
00000000b0c0
00000000b0c1
00000000b0c2
00000000b172
00000000b173
00000000b174
00000000b223
00000000b224
00000000b225
00000000b2d5
00000000b2d6
00000000b2d7
00000000b35f
00000000b386
00000000b387
00000000b388
00000000b438
00000000b439
00000000b43a
00000000b4e9
00000000b4ea
00000000b4eb
00000000b59a
00000000b59b
00000000b59c
00000000b64c
00000000b64d
00000000b64e
00000000b6fd
00000000b6fe
00000000b6ff
00000000b7af
00000000b7b0
00000000b7b1
00000000b860
00000000b861
00000000b862
00000000b912
00000000b913
00000000b914
00000000b9c3
00000000b9c4
00000000b9c5
00000000ba75
00000000ba76
00000000ba77
00000000bb26
00000000bb27
00000000bb28
00000000bbd8
00000000bbd9
00000000bbda
00000000bc89
00000000bc8a
00000000bc8b
00000000bd3a
00000000bd3b
00000000bd3c
00000000bdec
00000000bded
00000000bdee
00000000be9d
00000000be9e
00000000be9f
00000000bf4f
00000000bf50
00000000bf51
00000000c000
00000000c001
00000000c002
00000000c0b2
00000000c0b3
00000000c0b4
00000000c163
00000000c164
00000000c165
00000000c215
00000000c216
00000000c217
00000000c2c6
00000000c2c7
00000000c2c8
00000000c377
00000000c378
00000000c379
00000000c429
00000000c42a
00000000c42b
00000000c4da
00000000c4db
00000000c4dc
00000000c575
00000000c58c
00000000c58d
00000000c58e
00000000c63d
00000000c63e
00000000c63f
00000000c6ef
00000000c6f0
00000000c6f1
00000000c7a0
00000000c7a1
00000000c7a2
00000000c852
00000000c853
00000000c854
00000000c903
00000000c904
00000000c905
00000000c9b4
00000000c9b5
00000000c9b6
00000000ca66
00000000ca67
00000000ca68
00000000cb17
00000000cb18
00000000cb19
00000000cb5f
00000000cbc9
00000000cbca
00000000cbcb
00000000cc7a
00000000cc7b
00000000cc7c
00000000cd2c
00000000cd2d
00000000cd2e
00000000cd37
00000000cddd
00000000cdde
00000000cddf
00000000ce8f
00000000ce90
00000000ce91
00000000cf40
00000000cf41
00000000cf42
00000000cff1
00000000cff2
00000000cff3
00000000d0a3
00000000d0a4
00000000d0a5
00000000d154
00000000d155
00000000d156
00000000d206
00000000d207
00000000d208
00000000d2b7
00000000d2b8
00000000d2b9
00000000d369
00000000d36a
00000000d36b
00000000d41a
00000000d41b
00000000d41c
00000000d4cc
00000000d4cd
00000000d4ce
00000000d57d
00000000d57e
00000000d57f
00000000d62e
00000000d62f
00000000d630
00000000d6e0
00000000d6e1
00000000d6e2
00000000d791
00000000d792
00000000d793
00000000d843
00000000d844
00000000d845
00000000d8f4
00000000d8f5
00000000d8f6
00000000d9a6
00000000d9a7
00000000d9a8
00000000da57
00000000da58
00000000da59
00000000db09
00000000db0a
00000000db0b
00000000dbba
00000000dbbb
00000000dbbc
00000000dc6c
00000000dc6d
00000000dc6e
00000000dd1d
00000000dd1e
00000000dd1f
00000000ddce
00000000ddcf
00000000ddd0
00000000de80
00000000de81
00000000de82
00000000df31
00000000df32
00000000df33
00000000dfe3
00000000dfe4
00000000dfe5
00000000e094
00000000e095
00000000e096
00000000e146
00000000e147
00000000e148
00000000e1f7
00000000e1f8
00000000e1f9
00000000e2a9
00000000e2aa
00000000e2ab
00000000e35a
00000000e35b
00000000e35c
00000000e40b
00000000e40c
00000000e40d
00000000e4bd
00000000e4be
00000000e4bf
00000000e56e
00000000e56f
00000000e570
00000000e620
00000000e621
00000000e622
00000000e6d1
00000000e6d2
00000000e6d3
00000000e783
00000000e784
00000000e785
00000000e834
00000000e835
00000000e836
00000000e8e6
00000000e8e7
00000000e8e8
00000000e90c
00000000e997
00000000e998
00000000e999
00000000ea48
00000000ea49
00000000ea4a
00000000eafa
00000000eafb
00000000eafc
00000000ebab
00000000ebac
00000000ebad
00000000ec5d
00000000ec5e
00000000ec5f
00000000ed0e
00000000ed0f
00000000ed10
00000000edc0
00000000edc1
00000000edc2
00000000ee71
00000000ee72
00000000ee73
00000000ef23
00000000ef24
00000000ef25
00000000efd4
00000000efd5
00000000efd6
00000000f085
00000000f086
00000000f087
00000000f137
00000000f138
00000000f139
00000000f1e8
00000000f1e9
00000000f1ea
00000000f29a
00000000f29b
00000000f29c
00000000f34b
00000000f34c
00000000f34d
00000000f3fd
00000000f3fe
00000000f3ff
00000000f4ae
00000000f4af
00000000f4b0
00000000f560
00000000f561
00000000f562
00000000f611
00000000f612
00000000f613
00000000f6c2
00000000f6c3
00000000f6c4
00000000f774
00000000f775
00000000f776
00000000f825
00000000f826
00000000f827
00000000f8d7
00000000f8d8
00000000f8d9
00000000f988
00000000f989
00000000f98a
00000000fa3a
00000000fa3b
00000000fa3c
00000000faeb
00000000faec
00000000faed
00000000fb9d
00000000fb9e
00000000fb9f
00000000fc4e
00000000fc4f
00000000fc50
00000000fc7f
00000000fcff
00000000fd00
00000000fd01
00000000fdb1
00000000fdb2
00000000fdb3
00000000fe62
00000000fe63
00000000fe64
00000000ff14
00000000ff15
00000000ff16
00000000ffc5
00000000ffc6
00000000ffc7
000000010077
000000010078
000000010079
000000010128
000000010129
00000001012a
0000000101da
0000000101db
0000000101dc
00000001028b
00000001028c
00000001028d
00000001033d
00000001033e
00000001033f
0000000103ee
0000000103ef
0000000103f0
00000001049f
0000000104a0
0000000104a1
000000010551
000000010552
000000010553
000000010602
000000010603
000000010604
0000000106b4
0000000106b5
0000000106b6
000000010765
000000010766
000000010767
000000010817
000000010818
000000010819
0000000108c8
0000000108c9
0000000108ca
00000001097a
00000001097b
00000001097c
000000010a2b
000000010a2c
000000010a2d
000000010adc
000000010add
000000010ade
000000010b8e
000000010b8f
000000010b90
000000010c3f
000000010c40
000000010c41
000000010cf1
000000010cf2
000000010cf3
000000010da2
000000010da3
000000010da4
000000010e54
000000010e55
000000010e56
000000010f05
000000010f06
000000010f07
000000010fb7
000000010fb8
000000010fb9
000000011068
000000011069
00000001106a
000000011119
00000001111a
00000001111b
0000000111cb
0000000111cc
0000000111cd
00000001127c
00000001127d
00000001127e
00000001132e
00000001132f
000000011330
0000000113df
0000000113e0
0000000113e1
000000011491
000000011492
000000011493
000000011542
000000011543
000000011544
0000000115f4
0000000115f5
0000000115f6
0000000116a5
0000000116a6
0000000116a7
000000011756
000000011757
000000011758
000000011808
000000011809
00000001180a
0000000118b9
0000000118ba
0000000118bb
000000011952
00000001196b
00000001196c
00000001196d
000000011a1c
000000011a1d
000000011a1e
000000011ace
000000011acf
000000011ad0
000000011b7f
000000011b80
000000011b81
000000011c31
000000011c32
000000011c33
000000011c4c
000000011ce2
000000011ce3
000000011ce4
000000011d93
000000011d94
000000011d95
000000011e45
000000011e46
000000011e47
000000011ef6
000000011ef7
000000011ef8
000000011fa8
000000011fa9
000000011faa
000000012059
00000001205a
00000001205b
00000001210b
00000001210c
00000001210d
0000000121bc
0000000121bd
0000000121be
00000001226e
00000001226f
000000012270
00000001231f
000000012320
000000012321
0000000123d0
0000000123d1
0000000123d2
000000012482
000000012483
000000012484
000000012533
000000012534
000000012535
0000000125e5
0000000125e6
0000000125e7
000000012696
000000012697
000000012698
000000012748
000000012749
00000001274a
0000000127f9
0000000127fa
0000000127fb
0000000128ab
0000000128ac
0000000128ad
00000001295c
00000001295d
00000001295e
000000012996
000000012a0e
000000012a0f
000000012a10
000000012abf
000000012ac0
000000012ac1
000000012b6e
000000012b70
000000012b71
000000012b72
000000012c22
000000012c23
000000012c24
000000012cd3
000000012cd4
000000012cd5
000000012d85
000000012d86
000000012d87
000000012e36
000000012e37
000000012e38
000000012ee8
000000012ee9
000000012eea
000000012f99
000000012f9a
000000012f9b
00000001304b
00000001304c
00000001304d
0000000130fc
0000000130fd
0000000130fe
0000000131ad
0000000131ae
0000000131af
00000001325f
000000013260
000000013261
000000013310
000000013311
000000013312
0000000133c2
0000000133c3
0000000133c4
000000013473
000000013474
000000013475
000000013525
000000013526
000000013527
000000013531
0000000135d6
0000000135d7
0000000135d8
000000013688
000000013689
00000001368a
000000013739
00000001373a
00000001373b
0000000137ea
0000000137eb
0000000137ec
00000001389c
00000001389d
00000001389e
00000001394d
00000001394e
00000001394f
0000000139ff
000000013a00
000000013a01
000000013ab0
000000013ab1
000000013ab2
000000013b62
000000013b63
000000013b64
000000013c13
000000013c14
000000013c15
000000013cc5
000000013cc6
000000013cc7
000000013d76
000000013d77
000000013d78
000000013e27
000000013e28
000000013e29
000000013ed9
000000013eda
000000013edb
000000013f8a
000000013f8b
000000013f8c
00000001403b
00000001403c
00000001403d
00000001403e
0000000140ed
0000000140ee
0000000140ef
00000001419f
0000000141a0
0000000141a1
000000014204
000000014250
000000014251
000000014252
000000014302
000000014303
000000014304
0000000143b3
0000000143b4
0000000143b5
000000014464
000000014465
000000014466
000000014516
000000014517
000000014518
0000000145c7
0000000145c8
0000000145c9
000000014679
00000001467a
00000001467b
00000001472a
00000001472b
00000001472c
0000000147dc
0000000147dd
0000000147de
00000001488d
00000001488e
00000001488f
00000001493f
000000014940
000000014941
0000000149f0
0000000149f1
0000000149f2
000000014aa2
000000014aa3
000000014aa4
000000014b53
000000014b54
000000014b55
000000014c04
000000014c05
000000014c06
000000014cb6
000000014cb7
000000014cb8
000000014d40
000000014d67
000000014d68
000000014d69
000000014e19
000000014e1a
000000014e1b
000000014e8a
000000014eca
000000014ecb
000000014ecc
000000014f7c
000000014f7d
000000014f7e
00000001502d
00000001502e
00000001502f
000000015033
0000000150df
0000000150e0
0000000150e1
000000015190
000000015191
000000015192
000000015241
000000015242
000000015243
0000000152f3
0000000152f4
0000000152f5
0000000153a4
0000000153a5
0000000153a6
000000015456
000000015457
000000015458
000000015507
000000015508
000000015509
0000000155b9
0000000155ba
0000000155bb
00000001566a
00000001566b
00000001566c
00000001571c
00000001571d
00000001571e
0000000157cd
0000000157ce
0000000157cf
00000001587e
00000001587f
000000015880
000000015930
000000015931
000000015932
0000000159e1
0000000159e2
0000000159e3
000000015a93
000000015a94
000000015a95
000000015b44
000000015b45
000000015b46
000000015bf6
000000015bf7
000000015bf8
000000015ca7
000000015ca8
000000015ca9
000000015d59
000000015d5a
000000015d5b
000000015e0a
000000015e0b
000000015e0c
000000015ebb
000000015ebc
000000015ebd
000000015f6d
000000015f6e
000000015f6f
00000001601e
00000001601f
000000016020
0000000160d0
0000000160d1
0000000160d2
000000016181
000000016182
000000016183
000000016233
000000016234
000000016235
0000000162e4
0000000162e5
0000000162e6
000000016396
000000016397
000000016398
000000016447
000000016448
000000016449
0000000164f8
0000000164f9
0000000164fa
0000000165aa
0000000165ab
0000000165ac
00000001665b
00000001665c
00000001665d
00000001670d
00000001670e
00000001670f
0000000167be
0000000167bf
0000000167c0
000000016870
000000016871
000000016872
000000016921
000000016922
000000016923
000000016924
0000000169d3
0000000169d4
0000000169d5
000000016a84
000000016a85
000000016a86
000000016b35
000000016b36
000000016b37
000000016be7
000000016be8
000000016be9
000000016c98
000000016c99
000000016c9a
000000016d4a
000000016d4b
000000016d4c
000000016dfb
000000016dfc
000000016dfd
000000016ead
000000016eae
000000016eaf
000000016f5e
000000016f5f
000000016f60
000000017010
000000017011
000000017012
0000000170c1
0000000170c2
0000000170c3
000000017173
000000017174
000000017175
000000017224
000000017225
000000017226
0000000172d5
0000000172d6
0000000172d7
000000017387
000000017388
000000017389
000000017438
000000017439
00000001743a
0000000174ea
0000000174eb
0000000174ec
00000001759b
00000001759c
00000001759d
00000001764d
00000001764e
00000001764f
0000000176fe
0000000176ff
000000017700
0000000177b0
0000000177b1
0000000177b2
000000017861
000000017862
000000017863
000000017912
000000017913
000000017914
0000000179c4
0000000179c5
0000000179c6
000000017a75
000000017a76
000000017a77
000000017b27
000000017b28
000000017b29
000000017bd8
000000017bd9
000000017bda
000000017c8a
000000017c8b
000000017c8c
000000017d3b
000000017d3c
000000017d3d
000000017ded
000000017dee
000000017def
000000017e9e
000000017e9f
000000017ea0
000000017f4f
000000017f50
000000017f51
000000018001
000000018002
000000018003
0000000180b2
0000000180b3
0000000180b4
000000018164
000000018165
000000018166
000000018215
000000018216
000000018217
0000000182c7
0000000182c8
0000000182c9
000000018378
000000018379
00000001837a
00000001842a
00000001842b
00000001842c
000000018437
0000000184db
0000000184dc
0000000184dd
00000001858c
00000001858d
00000001858e
00000001863e
00000001863f
000000018640
0000000186ef
0000000186f0
0000000186f1
0000000187a1
0000000187a2
0000000187a3
000000018852
000000018853
000000018854
000000018904
000000018905
000000018906
0000000189b5
0000000189b6
0000000189b7
000000018a67
000000018a68
000000018a69
000000018b18
000000018b19
000000018b1a
000000018bc9
000000018bca
000000018bcb
000000018c7b
000000018c7c
000000018c7d
000000018d2c
000000018d2d
000000018d2e
000000018dde
000000018ddf
000000018de0
000000018e8f
000000018e90
000000018e91
000000018f41
000000018f42
000000018f43
000000018ff2
000000018ff3
000000018ff4
000000019068
0000000190a4
0000000190a5
0000000190a6
000000019155
000000019156
000000019157
000000019206
000000019207
000000019208
0000000192b8
0000000192b9
0000000192ba
000000019369
00000001936a
00000001936b
00000001941b
00000001941c
00000001941d
0000000194cc
0000000194cd
0000000194ce
00000001957e
00000001957f
000000019580
00000001962f
000000019630
000000019631
0000000196e1
0000000196e2
0000000196e3
000000019792
000000019793
000000019794
000000019844
000000019845
000000019846
0000000198f5
0000000198f6
0000000198f7
0000000199a6
0000000199a7
0000000199a8
000000019a58
000000019a59
000000019a5a
000000019b09
000000019b0a
000000019b0b
000000019bbb
000000019bbc
000000019bbd
000000019c6c
000000019c6d
000000019c6e
000000019d1e
000000019d1f
000000019d20
000000019dcf
000000019dd0
000000019dd1
000000019e81
000000019e82
000000019e83
000000019f32
000000019f33
000000019f34
000000019fe3
000000019fe4
000000019fe5
00000001a095
00000001a096
00000001a097
00000001a146
00000001a147
00000001a148
00000001a1f8
00000001a1f9
00000001a1fa
00000001a2a9
00000001a2aa
00000001a2ab
00000001a35b
00000001a35c
00000001a35d
00000001a40c
00000001a40d
00000001a40e
00000001a4be
00000001a4bf
00000001a4c0
00000001a56f
00000001a570
00000001a571
00000001a620
00000001a621
00000001a622
00000001a6d2
00000001a6d3
00000001a6d4
00000001a783
00000001a784
00000001a785
00000001a835
00000001a836
00000001a837
00000001a8e6
00000001a8e7
00000001a8e8
00000001a998
00000001a999
00000001a99a
00000001aa49
00000001aa4a
00000001aa4b
00000001aafb
00000001aafc
00000001aafd
00000001abac
00000001abad
00000001abae
00000001ac5d
00000001ac5e
00000001ac5f
00000001ad0f
00000001ad10
00000001ad11
00000001adc0
00000001adc1
00000001adc2
00000001ae72
00000001ae73
00000001ae74
00000001af23
00000001af24
00000001af25
00000001af72
00000001af9b
00000001afd5
00000001afd6
00000001afd7
00000001b086
00000001b087
00000001b088
00000001b138
00000001b139
00000001b13a
00000001b1b1
00000001b1e9
00000001b1ea
00000001b1eb
00000001b29a
00000001b29b
00000001b29c
00000001b34c
00000001b34d
00000001b34e
00000001b3fd
00000001b3fe
00000001b3ff
00000001b4af
00000001b4b0
00000001b4b1
00000001b560
00000001b561
00000001b562
00000001b612
00000001b613
00000001b614
00000001b6c3
00000001b6c4
00000001b6c5
00000001b775
00000001b776
00000001b777
00000001b826
00000001b827
00000001b828
00000001b8d8
00000001b8d9
00000001b8da
00000001b989
00000001b98a
00000001b98b
00000001ba3a
00000001ba3b
00000001ba3c
00000001bae3
00000001baec
00000001baed
00000001baee
00000001bb9d
00000001bb9e
00000001bb9f
00000001bc4f
00000001bc50
00000001bc51
00000001bd00
00000001bd01
00000001bd02
00000001bdb2
00000001bdb3
00000001bdb4
00000001be63
00000001be64
00000001be65
00000001bf15
00000001bf16
00000001bf17
00000001bfc6
00000001bfc7
00000001bfc8
00000001c077
00000001c078
00000001c079
00000001c129
00000001c12a
00000001c12b
00000001c1da
00000001c1db
00000001c1dc
00000001c28c
00000001c28d
00000001c28e
00000001c33d
00000001c33e
00000001c33f
00000001c3ef
00000001c3f0
00000001c3f1
00000001c4a0
00000001c4a1
00000001c4a2
00000001c552
00000001c553
00000001c554
00000001c603
00000001c604
00000001c605
00000001c6b4
00000001c6b5
00000001c6b6
00000001c766
00000001c767
00000001c768
00000001c817
00000001c818
00000001c819
00000001c8c9
00000001c8ca
00000001c8cb
00000001c97a
00000001c97b
00000001c97c
00000001ca2c
00000001ca2d
00000001ca2e
00000001cadd
00000001cade
00000001cadf
00000001cb8f
00000001cb90
00000001cb91
00000001cc40
00000001cc41
00000001cc42
00000001ccf1
00000001ccf2
00000001ccf3
00000001cda3
00000001cda4
00000001cda5
00000001ce54
00000001ce55
00000001ce56
00000001cf06
00000001cf07
00000001cf08
00000001cfb7
00000001cfb8
00000001cfb9
00000001d069
00000001d06a
00000001d06b
00000001d11a
00000001d11b
00000001d11c
00000001d1cc
00000001d1cd
00000001d1ce
00000001d27d
00000001d27e
00000001d27f
00000001d32e
00000001d32f
00000001d330
00000001d3e0
00000001d3e1
00000001d3e2
00000001d491
00000001d492
00000001d493
00000001d543
00000001d544
00000001d545
00000001d5f4
00000001d5f5
00000001d5f6
00000001d6a6
00000001d6a7
00000001d6a8
00000001d757
00000001d758
00000001d759
00000001d809
00000001d80a
00000001d80b
00000001d8ba
00000001d8bb
00000001d8bc
00000001d96b
00000001d96c
00000001d96d
00000001da1d
00000001da1e
00000001da1f
00000001dace
00000001dacf
00000001dad0
00000001db80
00000001db81
00000001db82
00000001dc31
00000001dc32
00000001dc33
00000001dce3
00000001dce4
00000001dce5
00000001dd94
00000001dd95
00000001dd96
00000001de46
00000001de47
00000001de48
00000001def7
00000001def8
00000001def9
00000001dfa9
00000001dfaa
00000001dfab
00000001e05a
00000001e05b
00000001e05c
00000001e10b
00000001e10c
00000001e10d
00000001e1bd
00000001e1be
00000001e1bf
00000001e26e
00000001e26f
00000001e270
00000001e320
00000001e321
00000001e322
00000001e3d1
00000001e3d2
00000001e3d3
00000001e483
00000001e484
00000001e485
00000001e534
00000001e535
00000001e536
00000001e5c9
00000001e5e6
00000001e5e7
00000001e5e8
00000001e63f
00000001e697
00000001e698
00000001e699
00000001e748
00000001e749
00000001e74a
00000001e7fa
00000001e7fb
00000001e7fc
00000001e8ab
00000001e8ac
00000001e8ad
00000001e95d
00000001e95e
00000001e95f
00000001ea0e
00000001ea0f
00000001ea10
00000001eac0
00000001eac1
00000001eac2
00000001eb71
00000001eb72
00000001eb73
00000001ec23
00000001ec24
00000001ec25
00000001ecd4
00000001ecd5
00000001ecd6
00000001ed85
00000001ed86
00000001ed87
00000001ee37
00000001ee38
00000001ee39
00000001eee8
00000001eee9
00000001eeea
00000001ef9a
00000001ef9b
00000001ef9c
00000001f04b
00000001f04c
00000001f04d
00000001f0fd
00000001f0fe
00000001f0ff
00000001f1ae
00000001f1af
00000001f1b0
00000001f260
00000001f261
00000001f262
00000001f311
00000001f312
00000001f313
00000001f3c2
00000001f3c3
00000001f3c4
00000001f474
00000001f475
00000001f476
00000001f525
00000001f526
00000001f527
00000001f5d7
00000001f5d8
00000001f5d9
00000001f688
00000001f689
00000001f68a
00000001f73a
00000001f73b
00000001f73c
00000001f7eb
00000001f7ec
00000001f7ed
00000001f89d
00000001f89e
00000001f89f
00000001f94e
00000001f94f
00000001f950
00000001f9ff
00000001fa00
00000001fa01
00000001fab1
00000001fab2
00000001fab3
00000001fb62
00000001fb63
00000001fb64
00000001fc14
00000001fc15
00000001fc16
00000001fcc5
00000001fcc6
00000001fcc7
00000001fd77
00000001fd78
00000001fd79
00000001fe28
00000001fe29
00000001fe2a
00000001feda
00000001fedb
00000001fedc
00000001ff8b
00000001ff8c
00000001ff8d
00000002003c
00000002003d
00000002003e
0000000200ee
0000000200ef
0000000200f0
00000002019f
0000000201a0
0000000201a1
000000020251
000000020252
000000020253
000000020302
000000020303
000000020304
0000000203b4
0000000203b5
0000000203b6
000000020465
000000020466
000000020467
000000020517
000000020518
000000020519
0000000205a4
0000000205c8
0000000205c9
0000000205ca
00000002067a
00000002067b
00000002067c
00000002072b
00000002072c
00000002072d
0000000207dc
0000000207dd
0000000207de
00000002088e
00000002088f
000000020890
00000002093f
000000020940
000000020941
0000000209f1
0000000209f2
0000000209f3
000000020aa2
000000020aa3
000000020aa4
000000020b54
000000020b55
000000020b56
000000020c05
000000020c06
000000020c07
000000020cb7
000000020cb8
000000020cb9
000000020d68
000000020d69
000000020d6a
000000020e08
000000020e19
000000020e1a
000000020e1b
000000020ecb
000000020ecc
000000020ecd
000000020f7c
000000020f7d
000000020f7e
00000002102e
00000002102f
000000021030
00000002106b
0000000210df
0000000210e0
0000000210e1
000000021191
000000021192
000000021193
000000021242
000000021243
000000021244
0000000212f4
0000000212f5
0000000212f6
0000000213a5
0000000213a6
0000000213a7
000000021456
000000021457
000000021458
000000021508
000000021509
00000002150a
0000000215b9
0000000215ba
0000000215bb
00000002166b
00000002166c
00000002166d
00000002171c
00000002171d
00000002171e
0000000217ce
0000000217cf
0000000217d0
00000002187f
000000021880
000000021881
000000021931
000000021932
000000021933
0000000219e2
0000000219e3
0000000219e4
000000021a93
000000021a94
000000021a95
000000021b45
000000021b46
000000021b47
000000021bf6
000000021bf7
000000021bf8
000000021ca8
000000021ca9
000000021caa
000000021d59
000000021d5a
000000021d5b
000000021e0b
000000021e0c
000000021e0d
000000021ebc
000000021ebd
000000021ebe
000000021f6e
000000021f6f
000000021f70
00000002201f
000000022020
000000022021
0000000220d0
0000000220d1
0000000220d2
000000022182
000000022183
000000022184
000000022233
000000022234
000000022235
000000022243
0000000222e5
0000000222e6
0000000222e7
000000022396
000000022397
000000022398
000000022448
000000022449
00000002244a
0000000224f9
0000000224fa
0000000224fb
0000000225ab
0000000225ac
0000000225ad
00000002265c
00000002265d
00000002265e
00000002270e
00000002270f
000000022710
0000000227bf
0000000227c0
0000000227c1
000000022870
000000022871
000000022872
000000022922
000000022923
000000022924
000000022974
0000000229d3
0000000229d4
0000000229d5
000000022a85
000000022a86
000000022a87
000000022b36
000000022b37
000000022b38
000000022be8
000000022be9
000000022bea
000000022c99
000000022c9a
000000022c9b
000000022d4b
000000022d4c
000000022d4d
000000022dfc
000000022dfd
000000022dfe
000000022ead
000000022eae
000000022eaf
000000022f5f
000000022f60
000000022f61
000000023010
000000023011
000000023012
0000000230c2
0000000230c3
0000000230c4
00000002316d
000000023173
000000023174
000000023175
000000023225
000000023226
000000023227
0000000232d6
0000000232d7
0000000232d8
000000023388
000000023389
00000002338a
000000023439
00000002343a
00000002343b
0000000234ea
0000000234eb
0000000234ec
00000002359c
00000002359d
00000002359e
00000002364d
00000002364e
00000002364f
0000000236ff
000000023700
000000023701
0000000237b0
0000000237b1
0000000237b2
0000000237ca
000000023862
000000023863
000000023864
000000023913
000000023914
000000023915
0000000239c5
0000000239c6
0000000239c7
0000000239ce
000000023a76
000000023a77
000000023a78
000000023b27
000000023b28
000000023b29
000000023bd9
000000023bda
000000023bdb
000000023c8a
000000023c8b
000000023c8c
000000023d3c
000000023d3d
000000023d3e
000000023ded
000000023dee
000000023def
000000023e9f
000000023ea0
000000023ea1
000000023f50
000000023f51
000000023f52
000000024002
000000024003
000000024004
0000000240b3
0000000240b4
0000000240b5
000000024164
000000024165
000000024166
000000024216
000000024217
000000024218
0000000242c7
0000000242c8
0000000242c9
000000024379
00000002437a
00000002437b
00000002442a
00000002442b
00000002442c
0000000244dc
0000000244dd
0000000244de
00000002458d
00000002458e
00000002458f
00000002463f
000000024640
000000024641
0000000246f0
0000000246f1
0000000246f2
0000000247a1
0000000247a2
0000000247a3
000000024845
000000024853
000000024854
000000024855
000000024904
000000024905
000000024906
0000000249b6
0000000249b7
0000000249b8
000000024a67
000000024a68
000000024a69
000000024b19
000000024b1a
000000024b1b
000000024bca
000000024bcb
000000024bcc
000000024c7c
000000024c7d
000000024c7e
000000024d2d
000000024d2e
000000024d2f
000000024ddf
000000024de0
000000024de1
000000024e90
000000024e91
000000024e92
000000024f41
000000024f42
000000024f43
000000024ff3
000000024ff4
000000024ff5
0000000250a4
0000000250a5
0000000250a6
000000025156
000000025157
000000025158
000000025207
000000025208
000000025209
0000000252b9
0000000252ba
0000000252bb
000000025362
00000002536a
00000002536b
00000002536c
00000002541c
00000002541d
00000002541e
0000000254cd
0000000254ce
0000000254cf
00000002557e
00000002557f
000000025580
000000025630
000000025631
000000025632
0000000256e1
0000000256e2
0000000256e3
000000025793
000000025794
000000025795
000000025844
000000025845
000000025846
0000000258f6
0000000258f7
0000000258f8
0000000259a7
0000000259a8
0000000259a9
000000025a59
000000025a5a
000000025a5b
000000025b0a
000000025b0b
000000025b0c
000000025bbb
000000025bbc
000000025bbd
000000025c6d
000000025c6e
000000025c6f
000000025d1e
000000025d1f
000000025d20
000000025dd0
000000025dd1
000000025dd2
000000025e81
000000025e82
000000025e83
000000025f33
000000025f34
000000025f35
000000025fe4
000000025fe5
000000025fe6
000000026096
000000026097
000000026098
000000026147
000000026148
000000026149
0000000261f8
0000000261f9
0000000261fa
0000000262aa
0000000262ab
0000000262ac
00000002635b
00000002635c
00000002635d
00000002640d
00000002640e
00000002640f
0000000264be
0000000264bf
0000000264c0
000000026570
000000026571
000000026572
000000026621
000000026622
000000026623
0000000266d3
0000000266d4
0000000266d5
000000026784
000000026785
000000026786
0000000267c5
000000026835
000000026836
000000026837
0000000268e7
0000000268e8
0000000268e9
000000026998
000000026999
00000002699a
000000026a4a
000000026a4b
000000026a4c
000000026afb
000000026afc
000000026afd
000000026bad
000000026bae
000000026baf
000000026c5e
000000026c5f
000000026c60
000000026d10
000000026d11
000000026d12
000000026dc1
000000026dc2
000000026dc3
000000026e72
000000026e73
000000026e74
000000026f24
000000026f25
000000026f26
000000026fd5
000000026fd6
000000026fd7
000000027087
000000027088
000000027089
000000027138
000000027139
00000002713a
0000000271ea
0000000271eb
0000000271ec
00000002729b
00000002729c
00000002729d
00000002734d
00000002734e
00000002734f
0000000273fe
0000000273ff
000000027400
0000000274b0
0000000274b1
0000000274b2
000000027561
000000027562
000000027563
000000027612
000000027613
000000027614
0000000276c4
0000000276c5
0000000276c6
000000027775
000000027776
000000027777
000000027827
000000027828
000000027829
0000000278d8
0000000278d9
0000000278da
00000002798a
00000002798b
00000002798c
000000027a3b
000000027a3c
000000027a3d
000000027aed
000000027aee
000000027aef
000000027b9e
000000027b9f
000000027ba0
000000027c4f
000000027c50
000000027c51
000000027d01
000000027d02
000000027d03
000000027db2
000000027db3
000000027db4
000000027e64
000000027e65
000000027e66
000000027f15
000000027f16
000000027f17
000000027fc7
000000027fc8
000000027fc9
000000028078
000000028079
00000002807a
00000002812a
00000002812b
00000002812c
0000000281bf
0000000281db
0000000281dc
0000000281dd
00000002826b
00000002828c
00000002828d
00000002828e
00000002833e
00000002833f
000000028340
0000000283ef
0000000283f0
0000000283f1
0000000284a1
0000000284a2
0000000284a3
000000028552
000000028553
000000028554
000000028604
000000028605
000000028606
0000000286b5
0000000286b6
0000000286b7
000000028767
000000028768
000000028769
000000028818
000000028819
00000002881a
0000000288c9
0000000288ca
0000000288cb
00000002897b
00000002897c
00000002897d
000000028a2c
000000028a2d
000000028a2e
000000028ade
000000028adf
000000028ae0
000000028b8f
000000028b90
000000028b91
000000028c41
000000028c42
000000028c43
000000028cf2
000000028cf3
000000028cf4
000000028da4
000000028da5
000000028da6
000000028e55
000000028e56
000000028e57
000000028f06
000000028f07
000000028f08
000000028fb8
000000028fb9
000000028fba
000000029069
00000002906a
00000002906b
00000002911b
00000002911c
00000002911d
0000000291cc
0000000291cd
0000000291ce
00000002927e
00000002927f
000000029280
00000002932f
000000029330
000000029331
0000000293e1
0000000293e2
0000000293e3
000000029492
000000029493
000000029494
000000029544
000000029545
000000029546
0000000295f5
0000000295f6
0000000295f7
0000000296a6
0000000296a7
0000000296a8
000000029758
000000029759
00000002975a
000000029809
00000002980a
00000002980b
0000000298bb
0000000298bc
0000000298bd
00000002996c
00000002996d
00000002996e
000000029a1e
000000029a1f
000000029a20
000000029acf
000000029ad0
000000029ad1
000000029b81
000000029b82
000000029b83
000000029c32
000000029c33
000000029c34
000000029ce3
000000029ce4
000000029ce5
000000029d95
000000029d96
000000029d97
000000029e46
000000029e47
000000029e48
000000029ef8
000000029ef9
000000029efa
000000029fa9
000000029faa
000000029fab
00000002a05b
00000002a05c
00000002a05d
00000002a10c
00000002a10d
00000002a10e
00000002a1be
00000002a1bf
00000002a1c0
00000002a26f
00000002a270
00000002a271
00000002a320
00000002a321
00000002a322
00000002a3d2
00000002a3d3
00000002a3d4
00000002a483
00000002a484
00000002a485
00000002a535
00000002a536
00000002a537
00000002a5e6
00000002a5e7
00000002a5e8
00000002a698
00000002a699
00000002a69a
00000002a749
00000002a74a
00000002a74b
00000002a7fb
00000002a7fc
00000002a7fd
00000002a8ac
00000002a8ad
00000002a8ae
00000002a95d
00000002a95e
00000002a95f
00000002aa0f
00000002aa10
00000002aa11
00000002aac0
00000002aac1
00000002aac2
00000002ab72
00000002ab73
00000002ab74
00000002ac23
00000002ac24
00000002ac25
00000002acd5
00000002acd6
00000002acd7
00000002ad86
00000002ad87
00000002ad88
00000002ae38
00000002ae39
00000002ae3a
00000002aee9
00000002aeea
00000002aeeb
00000002af9a
00000002af9b
00000002af9c
00000002b04c
00000002b04d
00000002b04e
00000002b0fd
00000002b0fe
00000002b0ff
00000002b1af
00000002b1b0
00000002b1b1
00000002b260
00000002b261
00000002b262
00000002b312
00000002b313
00000002b314
00000002b3c3
00000002b3c4
00000002b3c5
00000002b475
00000002b476
00000002b477
00000002b526
00000002b527
00000002b528
00000002b57f
00000002b5d7
00000002b5d8
00000002b5d9
00000002b689
00000002b68a
00000002b68b
00000002b73a
00000002b73b
00000002b73c
00000002b7ec
00000002b7ed
00000002b7ee
00000002b89d
00000002b89e
00000002b89f
00000002b94f
00000002b950
00000002b951
00000002b962
00000002ba00
00000002ba01
00000002ba02
00000002ba2c
00000002bab2
00000002bab3
00000002bab4
00000002bb63
00000002bb64
00000002bb65
00000002bc15
00000002bc16
00000002bc17
00000002bcc6
00000002bcc7
00000002bcc8
00000002bd77
00000002bd78
00000002bd79
00000002be29
00000002be2a
00000002be2b
00000002beda
00000002bedb
00000002bedc
00000002bf8c
00000002bf8d
00000002bf8e
00000002c03d
00000002c03e
00000002c03f
00000002c0ef
00000002c0f0
00000002c0f1
00000002c1a0
00000002c1a1
00000002c1a2
00000002c252
00000002c253
00000002c254
00000002c303
00000002c304
00000002c305
00000002c3b4
00000002c3b5
00000002c3b6
00000002c466
00000002c467
00000002c468
00000002c517
00000002c518
00000002c519
00000002c5c9
00000002c5ca
00000002c5cb
00000002c67a
00000002c67b
00000002c67c
00000002c72c
00000002c72d
00000002c72e
00000002c7dd
00000002c7de
00000002c7df
00000002c88f
00000002c890
00000002c891
00000002c940
00000002c941
00000002c942
00000002c9f1
00000002c9f2
00000002c9f3
00000002ca3d
00000002caa3
00000002caa4
00000002caa5
00000002cb54
00000002cb55
00000002cb56
00000002cc06
00000002cc07
00000002cc08
00000002ccb7
00000002ccb8
00000002ccb9
00000002cd69
00000002cd6a
00000002cd6b
00000002ce1a
00000002ce1b
00000002ce1c
00000002cecc
00000002cecd
00000002cece
00000002cf7d
00000002cf7e
00000002cf7f
00000002d02e
00000002d02f
00000002d030
00000002d0e0
00000002d0e1
00000002d0e2
00000002d191
00000002d192
00000002d193
00000002d243
00000002d244
00000002d245
00000002d2f4
00000002d2f5
00000002d2f6
00000002d3a6
00000002d3a7
00000002d3a8
00000002d457
00000002d458
00000002d459
00000002d4ff
00000002d509
00000002d50a
00000002d50b
00000002d5ba
00000002d5bb
00000002d5bc
00000002d66b
00000002d66c
00000002d66d
00000002d71d
00000002d71e
00000002d71f
00000002d7ce
00000002d7cf
00000002d7d0
00000002d880
00000002d881
00000002d882
00000002d931
00000002d932
00000002d933
00000002d9e3
00000002d9e4
00000002d9e5
00000002da94
00000002da95
00000002da96
00000002db46
00000002db47
00000002db48
00000002dbf7
00000002dbf8
00000002dbf9
00000002dca8
00000002dca9
00000002dcaa
00000002dd5a
00000002dd5b
00000002dd5c
00000002de0b
00000002de0c
00000002de0d
00000002debd
00000002debe
00000002debf
00000002df6e
00000002df6f
00000002df70
00000002e020
00000002e021
00000002e022
00000002e0d1
00000002e0d2
00000002e0d3
00000002e183
00000002e184
00000002e185
00000002e234
00000002e235
00000002e236
00000002e2e6
00000002e2e7
00000002e2e8
00000002e397
00000002e398
00000002e399
00000002e448
00000002e449
00000002e44a
00000002e4fa
00000002e4fb
00000002e4fc
00000002e5ab
00000002e5ac
00000002e5ad
00000002e65d
00000002e65e
00000002e65f
00000002e70e
00000002e70f
00000002e710
00000002e7c0
00000002e7c1
00000002e7c2
00000002e871
00000002e872
00000002e873
00000002e923
00000002e924
00000002e925
00000002e9d4
00000002e9d5
00000002e9d6
00000002ea85
00000002ea86
00000002ea87
00000002eb37
00000002eb38
00000002eb39
00000002ebe8
00000002ebe9
00000002ebea
00000002ec9a
00000002ec9b
00000002ec9c
00000002ed4b
00000002ed4c
00000002ed4d
00000002edfd
00000002edfe
00000002edff
00000002eeae
00000002eeaf
00000002eeb0
00000002ef60
00000002ef61
00000002ef62
00000002f011
00000002f012
00000002f013
00000002f0c2
00000002f0c3
00000002f0c4
00000002f174
00000002f175
00000002f176
00000002f225
00000002f226
00000002f227
00000002f2d7
00000002f2d8
00000002f2d9
00000002f388
00000002f389
00000002f38a
00000002f393
00000002f43a
00000002f43b
00000002f43c
00000002f4eb
00000002f4ec
00000002f4ed
00000002f59d
00000002f59e
00000002f59f
00000002f64e
00000002f64f
00000002f650
00000002f6ff
00000002f700
00000002f701
00000002f7b1
00000002f7b2
00000002f7b3
00000002f821
00000002f862
00000002f863
00000002f864
00000002f914
00000002f915
00000002f916
00000002f9c5
00000002f9c6
00000002f9c7
00000002fa77
00000002fa78
00000002fa79
00000002fb28
00000002fb29
00000002fb2a
00000002fbda
00000002fbdb
00000002fbdc
00000002fc8b
00000002fc8c
00000002fc8d
00000002fd3c
00000002fd3d
00000002fd3e
00000002fdee
00000002fdef
00000002fdf0
00000002fe9f
00000002fea0
00000002fea1
00000002ff51
00000002ff52
00000002ff53
000000030002
000000030003
000000030004
0000000300b4
0000000300b5
0000000300b6
000000030165
000000030166
000000030167
000000030217
000000030218
000000030219
0000000302c8
0000000302c9
0000000302ca
00000003037a
00000003037b
00000003037c
00000003042b
00000003042c
00000003042d
0000000304dc
0000000304dd
0000000304de
00000003058e
00000003058f
000000030590
00000003063f
000000030640
000000030641
0000000306f1
0000000306f2
0000000306f3
0000000307a2
0000000307a3
0000000307a4
000000030854
000000030855
000000030856
000000030905
000000030906
000000030907
0000000309b7
0000000309b8
0000000309b9
000000030a68
000000030a69
000000030a6a
000000030b19
000000030b1a
000000030b1b
000000030bcb
000000030bcc
000000030bcd
000000030c7c
000000030c7d
000000030c7e
000000030d2e
000000030d2f
000000030d30
000000030ddf
000000030de0
000000030de1
000000030e91
000000030e92
000000030e93
000000030f42
000000030f43
000000030f44
000000030ff4
000000030ff5
000000030ff6
000000031041
0000000310a5
0000000310a6
0000000310a7
000000031156
000000031157
000000031158
000000031208
000000031209
00000003120a
0000000312b9
0000000312ba
0000000312bb
00000003136b
00000003136c
00000003136d
00000003141c
00000003141d
00000003141e
0000000314ce
0000000314cf
0000000314d0
0000000314e1
00000003157f
000000031580
000000031581
000000031631
000000031632
000000031633
0000000316a4
0000000316e2
0000000316e3
0000000316e4
000000031793
000000031794
000000031795
0000000317e1
000000031845
000000031846
000000031847
0000000318f6
0000000318f7
0000000318f8
0000000319a8
0000000319a9
0000000319aa
000000031a59
000000031a5a
000000031a5b
000000031a5f
000000031b0b
000000031b0c
000000031b0d
000000031bbc
000000031bbd
000000031bbe
000000031bf7
000000031c6e
000000031c6f
000000031c70
000000031d1f
000000031d20
000000031d21
000000031dd0
000000031dd1
000000031dd2
000000031e82
000000031e83
000000031e84
000000031f33
000000031f34
000000031f35
000000031fe5
000000031fe6
000000031fe7
000000032096
000000032097
000000032098
000000032148
000000032149
00000003214a
0000000321f9
0000000321fa
0000000321fb
0000000322ab
0000000322ac
0000000322ad
00000003235c
00000003235d
00000003235e
00000003240d
00000003240e
00000003240f
0000000324bf
0000000324c0
0000000324c1
000000032570
000000032571
000000032572
000000032622
000000032623
000000032624
0000000326d3
0000000326d4
0000000326d5
000000032785
000000032786
000000032787
000000032836
000000032837
000000032838
000000032868
0000000328e8
0000000328e9
0000000328ea
000000032999
00000003299a
00000003299b
000000032a4b
000000032a4c
000000032a4d
000000032afc
000000032afd
000000032afe
000000032bad
000000032bae
000000032baf
000000032c5f
000000032c60
000000032c61
000000032d10
000000032d11
000000032d12
000000032dc2
000000032dc3
000000032dc4
000000032e73
000000032e74
000000032e75
000000032f25
000000032f26
000000032f27
000000032fd6
000000032fd7
000000032fd8
000000033088
000000033089
00000003308a
000000033139
00000003313a
00000003313b
0000000331ea
0000000331eb
0000000331ec
00000003329c
00000003329d
00000003329e
00000003334d
00000003334e
00000003334f
0000000333ff
000000033400
000000033401
0000000334b0
0000000334b1
0000000334b2
000000033562
000000033563
000000033564
000000033613
000000033614
000000033615
0000000336c5
0000000336c6
0000000336c7
000000033776
000000033777
000000033778
000000033827
000000033828
000000033829
0000000338d9
0000000338da
0000000338db
00000003398a
00000003398b
00000003398c
000000033a3c
000000033a3d
000000033a3e
000000033aed
000000033aee
000000033aef
000000033b9f
000000033ba0
000000033ba1
000000033c50
000000033c51
000000033c52
000000033d02
000000033d03
000000033d04
000000033db3
000000033db4
000000033db5
000000033e64
000000033e65
000000033e66
000000033f16
000000033f17
000000033f18
000000033fc7
000000033fc8
000000033fc9
000000034079
00000003407a
00000003407b
00000003412a
00000003412b
00000003412c
0000000341dc
0000000341dd
0000000341de
00000003428d
00000003428e
00000003428f
00000003433f
000000034340
000000034341
0000000343f0
0000000343f1
0000000343f2
0000000344a1
0000000344a2
0000000344a3
000000034553
000000034554
000000034555
000000034604
000000034605
000000034606
000000034689
0000000346b6
0000000346b7
0000000346b8
000000034767
000000034768
000000034769
000000034819
00000003481a
00000003481b
0000000348ca
0000000348cb
0000000348cc
00000003497c
00000003497d
00000003497e
0000000349aa
000000034a2d
000000034a2e
000000034a2f
000000034ade
000000034adf
000000034ae0
000000034b90
000000034b91
000000034b92
000000034c41
000000034c42
000000034c43
000000034cf3
000000034cf4
000000034cf5
000000034da4
000000034da5
000000034da6
000000034e56
000000034e57
000000034e58
000000034ee8
000000034f07
000000034f08
000000034f09
000000034fb9
000000034fba
000000034fbb
00000003506a
00000003506b
00000003506c
00000003511c
00000003511d
00000003511e
0000000351cd
0000000351ce
0000000351cf
000000035216
00000003527e
00000003527f
000000035280
000000035330
000000035331
000000035332
0000000353e1
0000000353e2
0000000353e3
000000035493
000000035494
000000035495
000000035544
000000035545
000000035546
0000000355f6
0000000355f7
0000000355f8
0000000356a7
0000000356a8
0000000356a9
000000035759
00000003575a
00000003575b
00000003580a
00000003580b
00000003580c
0000000358bb
0000000358bc
0000000358bd
00000003596d
00000003596e
00000003596f
000000035a1e
000000035a1f
000000035a20
000000035ad0
000000035ad1
000000035ad2
000000035b81
000000035b82
000000035b83
000000035c33
000000035c34
000000035c35
000000035ce4
000000035ce5
000000035ce6
000000035d96
000000035d97
000000035d98
000000035e47
000000035e48
000000035e49
000000035ef8
000000035ef9
000000035efa
000000035faa
000000035fab
000000035fac
000000035feb
00000003605b
00000003605c
00000003605d
00000003610d
00000003610e
00000003610f
0000000361be
0000000361bf
0000000361c0
000000036270
000000036271
000000036272
000000036321
000000036322
000000036323
0000000363d3
0000000363d4
0000000363d5
0000000363f4
000000036484
000000036485
000000036486
000000036535
000000036536
000000036537
0000000365e7
0000000365e8
0000000365e9
000000036698
000000036699
00000003669a
00000003674a
00000003674b
00000003674c
0000000367fb
0000000367fc
0000000367fd
0000000368ad
0000000368ae
0000000368af
00000003695e
00000003695f
000000036960
000000036a10
000000036a11
000000036a12
000000036ac1
000000036ac2
000000036ac3
000000036b72
000000036b73
000000036b74
000000036c24
000000036c25
000000036c26
000000036cd5
000000036cd6
000000036cd7
000000036d87
000000036d88
000000036d89
000000036e38
000000036e39
000000036e3a
000000036eea
000000036eeb
000000036eec
000000036f9b
000000036f9c
000000036f9d
00000003704d
00000003704e
00000003704f
0000000370fe
0000000370ff
000000037100
0000000371b0
0000000371b1
0000000371b2
000000037261
000000037262
000000037263
000000037312
000000037313
000000037314
0000000373c4
0000000373c5
0000000373c6
000000037475
000000037476
000000037477
000000037527
000000037528
000000037529
0000000375d8
0000000375d9
0000000375da
00000003768a
00000003768b
00000003768c
00000003768d
00000003773b
00000003773c
00000003773d
0000000377ed
0000000377ee
0000000377ef
00000003789e
00000003789f
0000000378a0
00000003794f
000000037950
000000037951
000000037a01
000000037a02
000000037a03
000000037ab2
000000037ab3
000000037ab4
000000037b64
000000037b65
000000037b66
000000037c15
000000037c16
000000037c17
000000037cc7
000000037cc8
000000037cc9
000000037d78
000000037d79
000000037d7a
000000037e2a
000000037e2b
000000037e2c
000000037edb
000000037edc
000000037edd
000000037f8c
000000037f8d
000000037f8e
00000003803e
00000003803f
000000038040
0000000380ef
0000000380f0
0000000380f1
0000000381a1
0000000381a2
0000000381a3
000000038252
000000038253
000000038254
000000038304
000000038305
000000038306
0000000383b5
0000000383b6
0000000383b7
000000038467
000000038468
000000038469
0000000384b6
000000038518
000000038519
00000003851a
0000000385c9
0000000385ca
0000000385cb
00000003867b
00000003867c
00000003867d
00000003872c
00000003872d
00000003872e
0000000387de
0000000387df
0000000387e0
00000003888f
000000038890
000000038891
0000000388b6
000000038941
000000038942
000000038943
0000000389f2
0000000389f3
0000000389f4
000000038aa4
000000038aa5
000000038aa6
000000038b55
000000038b56
000000038b57
000000038c06
000000038c07
000000038c08
000000038cb8
000000038cb9
000000038cba
000000038d69
000000038d6a
000000038d6b
000000038e1b
000000038e1c
000000038e1d
000000038ecc
000000038ecd
000000038ece
000000038f7e
000000038f7f
000000038f80
00000003902f
000000039030
000000039031
0000000390e1
0000000390e2
0000000390e3
000000039192
000000039193
000000039194
000000039243
000000039244
000000039245
0000000392f5
0000000392f6
0000000392f7
0000000393a6
0000000393a7
0000000393a8
000000039458
000000039459
00000003945a
000000039509
00000003950a
00000003950b
0000000395bb
0000000395bc
0000000395bd
00000003966c
00000003966d
00000003966e
00000003971e
00000003971f
000000039720
0000000397cf
0000000397d0
0000000397d1
000000039881
000000039882
000000039883
000000039932
000000039933
000000039934
0000000399e3
0000000399e4
0000000399e5
000000039a95
000000039a96
000000039a97
000000039b46
000000039b47
000000039b48
000000039bf8
000000039bf9
000000039bfa
000000039ca9
000000039caa
000000039cab
000000039d5b
000000039d5c
000000039d5d
000000039e0c
000000039e0d
000000039e0e
000000039ebe
000000039ebf
000000039ec0
000000039f55
000000039f6f
000000039f70
000000039f71
00000003a020
00000003a021
00000003a022
00000003a0d2
00000003a0d3
00000003a0d4
00000003a183
00000003a184
00000003a185
00000003a235
00000003a236
00000003a237
00000003a2e6
00000003a2e7
00000003a2e8
00000003a398
00000003a399
00000003a39a
00000003a449
00000003a44a
00000003a44b
00000003a4fb
00000003a4fc
00000003a4fd
00000003a5ac
00000003a5ad
00000003a5ae
00000003a65d
00000003a65e
00000003a65f
00000003a70f
00000003a710
00000003a711
00000003a7c0
00000003a7c1
00000003a7c2
00000003a872
00000003a873
00000003a874
00000003a923
00000003a924
00000003a925
00000003a9d5
00000003a9d6
00000003a9d7
00000003aa86
00000003aa87
00000003aa88
00000003ab38
00000003ab39
00000003ab3a
00000003abe9
00000003abea
00000003abeb
00000003ac9a
00000003ac9b
00000003ac9c
00000003ad4c
00000003ad4d
00000003ad4e
00000003adfd
00000003adfe
00000003adff
00000003aeaf
00000003aeb0
00000003aeb1
00000003af60
00000003af61
00000003af62
00000003b012
00000003b013
00000003b014
00000003b0c3
00000003b0c4
00000003b0c5
00000003b175
00000003b176
00000003b177
00000003b226
00000003b227
00000003b228
00000003b2d7
00000003b2d8
00000003b2d9
00000003b389
00000003b38a
00000003b38b
00000003b43a
00000003b43b
00000003b43c
00000003b4ec
00000003b4ed
00000003b4ee
00000003b59d
00000003b59e
00000003b59f
00000003b64f
00000003b650
00000003b651
00000003b700
00000003b701
00000003b702
00000003b7b2
00000003b7b3
00000003b7b4
00000003b863
00000003b864
00000003b865
00000003b915
00000003b916
00000003b917
00000003b9c6
00000003b9c7
00000003b9c8
00000003ba77
00000003ba78
00000003ba79
00000003bb29
00000003bb2a
00000003bb2b
00000003bbda
00000003bbdb
00000003bbdc
00000003bc8c
00000003bc8d
00000003bc8e
00000003bd3d
00000003bd3e
00000003bd3f
00000003bdef
00000003bdf0
00000003bdf1
00000003bea0
00000003bea1
00000003bea2
00000003bf52
00000003bf53
00000003bf54
00000003c003
00000003c004
00000003c005
00000003c0b4
00000003c0b5
00000003c0b6
00000003c166
00000003c167
00000003c168
00000003c217
00000003c218
00000003c219
00000003c2c9
00000003c2ca
00000003c2cb
00000003c37a
00000003c37b
00000003c37c
00000003c42c
00000003c42d
00000003c42e
00000003c4dd
00000003c4de
00000003c4df
00000003c58f
00000003c590
00000003c591
00000003c640
00000003c641
00000003c642
00000003c6f1
00000003c6f2
00000003c6f3
00000003c7a3
00000003c7a4
00000003c7a5
00000003c854
00000003c855
00000003c856
00000003c906
00000003c907
00000003c908
00000003c9b7
00000003c9b8
00000003c9b9
00000003ca69
00000003ca6a
00000003ca6b
00000003cb1a
00000003cb1b
00000003cb1c
00000003cbcc
00000003cbcd
00000003cbce
00000003cc7d
00000003cc7e
00000003cc7f
00000003cd2e
00000003cd2f
00000003cd30
00000003cde0
00000003cde1
00000003cde2
00000003ce91
00000003ce92
00000003ce93
00000003cf43
00000003cf44
00000003cf45
00000003cff4
00000003cff5
00000003cff6
00000003d0a6
00000003d0a7
00000003d0a8
00000003d157
00000003d158
00000003d159
00000003d209
00000003d20a
00000003d20b
00000003d267
00000003d2ba
00000003d2bb
00000003d2bc
00000003d36b
00000003d36c
00000003d36d
00000003d41d
00000003d41e
00000003d41f
00000003d4ce
00000003d4cf
00000003d4d0
00000003d580
00000003d581
00000003d582
00000003d631
00000003d632
00000003d633
00000003d6e3
00000003d6e4
00000003d6e5
00000003d794
00000003d795
00000003d796
00000003d846
00000003d847
00000003d848
00000003d8f7
00000003d8f8
00000003d8f9
00000003d9a8
00000003d9a9
00000003d9aa
00000003da5a
00000003da5b
00000003da5c
00000003db0b
00000003db0c
00000003db0d
00000003dbbd
00000003dbbe
00000003dbbf
00000003dc6e
00000003dc6f
00000003dc70
00000003dd20
00000003dd21
00000003dd22
00000003ddd1
00000003ddd2
00000003ddd3
00000003de83
00000003de84
00000003de85
00000003df34
00000003df35
00000003df36
00000003dfe6
00000003dfe7
00000003dfe8
00000003e097
00000003e098
00000003e099
00000003e148
00000003e149
00000003e14a
00000003e1fa
00000003e1fb
00000003e1fc
00000003e2ab
00000003e2ac
00000003e2ad
00000003e35d
00000003e35e
00000003e35f
00000003e40e
00000003e40f
00000003e410
00000003e4c0
00000003e4c1
00000003e4c2
00000003e571
00000003e572
00000003e573
00000003e623
00000003e624
00000003e625
00000003e6d4
00000003e6d5
00000003e6d6
00000003e785
00000003e786
00000003e787
00000003e837
00000003e838
00000003e839
00000003e8e8
00000003e8e9
00000003e8ea
00000003e99a
00000003e99b
00000003e99c
00000003ea4b
00000003ea4c
00000003ea4d
00000003eafd
00000003eafe
00000003eaff
00000003ebae
00000003ebaf
00000003ebb0
00000003ec60
00000003ec61
00000003ec62
00000003ed11
00000003ed12
00000003ed13
00000003eda1
00000003edc2
00000003edc3
00000003edc4
00000003ee74
00000003ee75
00000003ee76
00000003ef25
00000003ef26
00000003ef27
00000003efd7
00000003efd8
00000003efd9
00000003f088
00000003f089
00000003f08a
00000003f13a
00000003f13b
00000003f13c
00000003f1eb
00000003f1ec
00000003f1ed
00000003f29d
00000003f29e
00000003f29f
00000003f34e
00000003f34f
00000003f350
00000003f3ff
00000003f400
00000003f401
00000003f4b1
00000003f4b2
00000003f4b3
00000003f562
00000003f563
00000003f564
00000003f614
00000003f615
00000003f616
00000003f6c5
00000003f6c6
00000003f6c7
00000003f6f0
00000003f777
00000003f778
00000003f779
00000003f7f0
00000003f828
00000003f829
00000003f82a
00000003f8da
00000003f8db
00000003f8dc
00000003f98b
00000003f98c
00000003f98d
00000003fa3c
00000003fa3d
00000003fa3e
00000003faee
00000003faef
00000003faf0
00000003fb9f
00000003fba0
00000003fba1
00000003fc51
00000003fc52
00000003fc53
00000003fd02
00000003fd03
00000003fd04
00000003fdb4
00000003fdb5
00000003fdb6
00000003fe65
00000003fe66
00000003fe67
00000003ff17
00000003ff18
00000003ff19
00000003ffc8
00000003ffc9
00000003ffca
000000040079
00000004007a
00000004007b
00000004012b
00000004012c
00000004012d
0000000401dc
0000000401dd
0000000401de
00000004028e
00000004028f
000000040290
00000004033f
000000040340
000000040341
0000000403f1
0000000403f2
0000000403f3
0000000404a2
0000000404a3
0000000404a4
000000040554
000000040555
000000040556
000000040605
000000040606
000000040607
0000000406b7
0000000406b8
0000000406b9
000000040768
000000040769
00000004076a
000000040819
00000004081a
00000004081b
0000000408cb
0000000408cc
0000000408cd
00000004097c
00000004097d
00000004097e
0000000409d5
000000040a2e
000000040a2f
000000040a30
000000040adf
000000040ae0
000000040ae1
000000040b91
000000040b92
000000040b93
000000040c42
000000040c43
000000040c44
000000040cf4
000000040cf5
000000040cf6
000000040da5
000000040da6
000000040da7
000000040e56
000000040e57
000000040e58
000000040f08
000000040f09
000000040f0a
000000040f44
000000040fb9
000000040fba
000000040fbb
000000040fc6
00000004106b
00000004106c
00000004106d
00000004111c
00000004111d
00000004111e
0000000411ce
0000000411cf
0000000411d0
00000004127f
000000041280
000000041281
000000041331
000000041332
000000041333
0000000413e2
0000000413e3
0000000413e4
000000041493
000000041494
000000041495
000000041545
000000041546
000000041547
0000000415f6
0000000415f7
0000000415f8
000000041655
0000000416a8
0000000416a9
0000000416aa
000000041759
00000004175a
00000004175b
00000004180b
00000004180c
00000004180d
0000000418bc
0000000418bd
0000000418be
00000004196e
00000004196f
000000041970
000000041a1f
000000041a20
000000041a21
000000041ad0
000000041ad1
000000041ad2
000000041b82
000000041b83
000000041b84
000000041c33
000000041c34
000000041c35
000000041ce5
000000041ce6
000000041ce7
000000041d96
000000041d97
000000041d98
000000041e48
000000041e49
000000041e4a
000000041ea1
000000041ef9
000000041efa
000000041efb
000000041fab
000000041fac
000000041fad
00000004205c
00000004205d
00000004205e
00000004210d
00000004210e
00000004210f
0000000421bf
0000000421c0
0000000421c1
000000042270
000000042271
000000042272
000000042322
000000042323
000000042324
00000004236a
0000000423d3
0000000423d4
0000000423d5
000000042485
000000042486
000000042487
000000042536
000000042537
000000042538
0000000425e8
0000000425e9
0000000425ea
000000042699
00000004269a
00000004269b
00000004274b
00000004274c
00000004274d
0000000427fc
0000000427fd
0000000427fe
0000000428ad
0000000428ae
0000000428af
00000004295f
000000042960
000000042961
000000042a10
000000042a11
000000042a12
000000042ac2
000000042ac3
000000042ac4
000000042b73
000000042b74
000000042b75
000000042c25
000000042c26
000000042c27
000000042cd6
000000042cd7
000000042cd8
000000042d88
000000042d89
000000042d8a
000000042e39
000000042e3a
000000042e3b
000000042eea
000000042eeb
000000042eec
000000042f9c
000000042f9d
000000042f9e
00000004304d
00000004304e
00000004304f
0000000430ff
000000043100
000000043101
000000043113
0000000431b0
0000000431b1
0000000431b2
000000043262
000000043263
000000043264
000000043313
000000043314
000000043315
0000000433c5
0000000433c6
0000000433c7
000000043476
000000043477
000000043478
000000043527
000000043528
000000043529
0000000435d9
0000000435da
0000000435db
000000043600
00000004368a
00000004368b
00000004368c
00000004373c
00000004373d
00000004373e
0000000437dd
0000000437ed
0000000437ee
0000000437ef
00000004389f
0000000438a0
0000000438a1
000000043950
000000043951
000000043952
000000043a02
000000043a03
000000043a04
000000043ab3
000000043ab4
000000043ab5
000000043b64
000000043b65
000000043b66
000000043c16
000000043c17
000000043c18
000000043cc7
000000043cc8
000000043cc9
000000043d79
000000043d7a
000000043d7b
000000043e2a
000000043e2b
000000043e2c
000000043edc
000000043edd
000000043ede
000000043f8d
000000043f8e
000000043f8f
000000044008
00000004403f
000000044040
000000044041
0000000440f0
0000000440f1
0000000440f2
0000000441a1
0000000441a2
0000000441a3
000000044253
000000044254
000000044255
000000044304
000000044305
000000044306
0000000443b6
0000000443b7
0000000443b8
000000044467
000000044468
000000044469
000000044519
00000004451a
00000004451b
0000000445ca
0000000445cb
0000000445cc
00000004467c
00000004467d
00000004467e
00000004472d
00000004472e
00000004472f
0000000447de
0000000447df
0000000447e0
000000044890
000000044891
000000044892
000000044941
000000044942
000000044943
0000000449f3
0000000449f4
0000000449f5
000000044aa4
000000044aa5
000000044aa6
000000044b56
000000044b57
000000044b58
000000044c07
000000044c08
000000044c09
000000044cb9
000000044cba
000000044cbb
000000044d6a
000000044d6b
000000044d6c
000000044e1c
000000044e1d
000000044e1e
000000044ecd
000000044ece
000000044ecf
000000044f7e
000000044f7f
000000044f80
000000045030
000000045031
000000045032
0000000450e1
0000000450e2
0000000450e3
000000045193
000000045194
000000045195
000000045244
000000045245
000000045246
0000000452f6
0000000452f7
0000000452f8
0000000453a7
0000000453a8
0000000453a9
000000045459
00000004545a
00000004545b
00000004550a
00000004550b
00000004550c
0000000455bb
0000000455bc
0000000455bd
00000004566d
00000004566e
00000004566f
00000004571e
00000004571f
000000045720
0000000457d0
0000000457d1
0000000457d2
000000045881
000000045882
000000045883
0000000458bb
000000045933
000000045934
000000045935
0000000459e4
0000000459e5
0000000459e6
000000045a96
000000045a97
000000045a98
000000045b47
000000045b48
000000045b49
000000045bf8
000000045bf9
000000045bfa
000000045caa
000000045cab
000000045cac
000000045d5b
000000045d5c
000000045d5d
000000045e0d
000000045e0e
000000045e0f
000000045ebe
000000045ebf
000000045ec0
000000045f70
000000045f71
000000045f72
000000046021
000000046022
000000046023
0000000460d3
0000000460d4
0000000460d5
000000046132
000000046184
000000046185
000000046186
000000046235
000000046236
000000046237
0000000462e7
0000000462e8
0000000462e9
000000046398
000000046399
00000004639a
00000004644a
00000004644b
00000004644c
0000000464fb
0000000464fc
0000000464fd
00000004652a
0000000465ad
0000000465ae
0000000465af
00000004665e
00000004665f
000000046660
000000046710
000000046711
000000046712
0000000467c1
0000000467c2
0000000467c3
0000000467f0
000000046872
000000046873
000000046874
000000046924
000000046925
000000046926
0000000469d5
0000000469d6
0000000469d7
000000046a87
000000046a88
000000046a89
000000046b38
000000046b39
000000046b3a
000000046bea
000000046beb
000000046bec
000000046c9b
000000046c9c
000000046c9d
000000046d4d
000000046d4e
000000046d4f
000000046dfe
000000046dff
000000046e00
000000046eaf
000000046eb0
000000046eb1
000000046f61
000000046f62
000000046f63
000000047003
000000047012
000000047013
000000047014
0000000470c4
0000000470c5
0000000470c6
000000047175
000000047176
000000047177
0000000471ba
000000047227
000000047228
000000047229
0000000472d8
0000000472d9
0000000472da
00000004738a
00000004738b
00000004738c
00000004743b
00000004743c
00000004743d
00000004745e
0000000474ed
0000000474ee
0000000474ef
000000047511
00000004759e
00000004759f
0000000475a0
00000004764f
000000047650
000000047651
000000047701
000000047702
000000047703
0000000477b2
0000000477b3
0000000477b4
000000047864
000000047865
000000047866
000000047915
000000047916
000000047917
0000000479c7
0000000479c8
0000000479c9
000000047a78
000000047a79
000000047a7a
000000047b2a
000000047b2b
000000047b2c
000000047bdb
000000047bdc
000000047bdd
000000047c8c
000000047c8d
000000047c8e
000000047d3e
000000047d3f
000000047d40
000000047def
000000047df0
000000047df1
000000047ea1
000000047ea2
000000047ea3
000000047f52
000000047f53
000000047f54
000000048004
000000048005
000000048006
00000004809c
0000000480b5
0000000480b6
0000000480b7
000000048167
000000048168
000000048169
000000048218
000000048219
00000004821a
0000000482c9
0000000482ca
0000000482cb
00000004837b
00000004837c
00000004837d
00000004842c
00000004842d
00000004842e
0000000484de
0000000484df
0000000484e0
00000004858f
000000048590
000000048591
000000048641
000000048642
000000048643
00000004868d
0000000486f2
0000000486f3
0000000486f4
0000000487a4
0000000487a5
0000000487a6
000000048855
000000048856
000000048857
000000048906
000000048907
000000048908
0000000489b8
0000000489b9
0000000489ba
000000048a69
000000048a6a
000000048a6b
000000048b1b
000000048b1c
000000048b1d
000000048bcc
000000048bcd
000000048bce
000000048c7e
000000048c7f
000000048c80
000000048c9f
000000048d2f
000000048d30
000000048d31
000000048de1
000000048de2
000000048de3
000000048e92
000000048e93
000000048e94
000000048f43
000000048f44
000000048f45
000000048ff5
000000048ff6
000000048ff7
0000000490a6
0000000490a7
0000000490a8
000000049158
000000049159
00000004915a
000000049209
00000004920a
00000004920b
0000000492bb
0000000492bc
0000000492bd
00000004936c
00000004936d
00000004936e
00000004941e
00000004941f
000000049420
0000000494cf
0000000494d0
0000000494d1
000000049581
000000049582
000000049583
000000049632
000000049633
000000049634
0000000496e3
0000000496e4
0000000496e5
000000049795
000000049796
000000049797
000000049846
000000049847
000000049848
0000000498f8
0000000498f9
0000000498fa
0000000499a9
0000000499aa
0000000499ab
000000049a5b
000000049a5c
000000049a5d
000000049b0c
000000049b0d
000000049b0e
000000049b3f
000000049bbe
000000049bbf
000000049bc0
000000049c6f
000000049c70
000000049c71
000000049d20
000000049d21
000000049d22
000000049dd2
000000049dd3
000000049dd4
000000049e83
000000049e84
000000049e85
000000049f28
000000049f35
000000049f36
000000049f37
000000049fe6
000000049fe7
000000049fe8
00000004a098
00000004a099
00000004a09a
00000004a149
00000004a14a
00000004a14b
00000004a1fb
00000004a1fc
00000004a1fd
00000004a2ac
00000004a2ad
00000004a2ae
00000004a35d
00000004a35e
00000004a35f
00000004a40f
00000004a410
00000004a411
00000004a4c0
00000004a4c1
00000004a4c2
00000004a572
00000004a573
00000004a574
00000004a623
00000004a624
00000004a625
00000004a6d5
00000004a6d6
00000004a6d7
00000004a786
00000004a787
00000004a788
00000004a838
00000004a839
00000004a83a
00000004a8e9
00000004a8ea
00000004a8eb
00000004a99a
00000004a99b
00000004a99c
00000004aa4c
00000004aa4d
00000004aa4e
00000004aafd
00000004aafe
00000004aaff
00000004abaf
00000004abb0
00000004abb1
00000004ac60
00000004ac61
00000004ac62
00000004ad12
00000004ad13
00000004ad14
00000004adc3
00000004adc4
00000004adc5
00000004ae75
00000004ae76
00000004ae77
00000004af26
00000004af27
00000004af28
00000004afd7
00000004afd8
00000004afd9
00000004b060
00000004b089
00000004b08a
00000004b08b
00000004b13a
00000004b13b
00000004b13c
00000004b1ec
00000004b1ed
00000004b1ee
00000004b29d
00000004b29e
00000004b29f
00000004b34f
00000004b350
00000004b351
00000004b400
00000004b401
00000004b402
00000004b4b2
00000004b4b3
00000004b4b4
00000004b4f5
00000004b563
00000004b564
00000004b565
00000004b614
00000004b615
00000004b616
00000004b6c6
00000004b6c7
00000004b6c8
00000004b777
00000004b778
00000004b779
00000004b829
00000004b82a
00000004b82b
00000004b8da
00000004b8db
00000004b8dc
00000004b98c
00000004b98d
00000004b98e
00000004ba3d
00000004ba3e
00000004ba3f
00000004baef
00000004baf0
00000004baf1
00000004bba0
00000004bba1
00000004bba2
00000004bc52
00000004bc53
00000004bc54
00000004bd03
00000004bd04
00000004bd05
00000004bdb4
00000004bdb5
00000004bdb6
00000004bdcc
00000004be66
00000004be67
00000004be68
00000004bf17
00000004bf18
00000004bf19
00000004bf25
00000004bfc9
00000004bfca
00000004bfcb
00000004bfe8
00000004c07a
00000004c07b
00000004c07c
00000004c12c
00000004c12d
00000004c12e
00000004c1dd
00000004c1de
00000004c1df
00000004c28f
00000004c290
00000004c291
00000004c340
00000004c341
00000004c342
00000004c393
00000004c3f1
00000004c3f2
00000004c3f3
00000004c4a3
00000004c4a4
00000004c4a5
00000004c554
00000004c555
00000004c556
00000004c606
00000004c607
00000004c608
00000004c6b7
00000004c6b8
00000004c6b9
00000004c769
00000004c76a
00000004c76b
00000004c81a
00000004c81b
00000004c81c
00000004c8cc
00000004c8cd
00000004c8ce
00000004c97d
00000004c97e
00000004c97f
00000004ca2e
00000004ca2f
00000004ca30
00000004cae0
00000004cae1
00000004cae2
00000004cb91
00000004cb92
00000004cb93
00000004cc43
00000004cc44
00000004cc45
00000004ccf4
00000004ccf5
00000004ccf6
00000004cda6
00000004cda7
00000004cda8
00000004ce57
00000004ce58
00000004ce59
00000004cf09
00000004cf0a
00000004cf0b
00000004cfba
00000004cfbb
00000004cfbc
00000004d06b
00000004d06c
00000004d06d
00000004d11d
00000004d11e
00000004d11f
00000004d1ce
00000004d1cf
00000004d1d0
00000004d280
00000004d281
00000004d282
00000004d331
00000004d332
00000004d333
00000004d3e3
00000004d3e4
00000004d3e5
00000004d494
00000004d495
00000004d496
00000004d546
00000004d547
00000004d548
00000004d5f7
00000004d5f8
00000004d5f9
00000004d6a8
00000004d6a9
00000004d6aa
00000004d75a
00000004d75b
00000004d75c
00000004d80b
00000004d80c
00000004d80d
00000004d8bd
00000004d8be
00000004d8bf
00000004d956
00000004d96e
00000004d96f
00000004d970
00000004da20
00000004da21
00000004da22
00000004dad1
00000004dad2
00000004dad3
00000004db66
00000004db83
00000004db84
00000004db85
00000004dc01
00000004dc34
00000004dc35
00000004dc36
00000004dce5
00000004dce6
00000004dce7
00000004dd97
00000004dd98
00000004dd99
00000004de48
00000004de49
00000004de4a
00000004defa
00000004defb
00000004defc
00000004dfab
00000004dfac
00000004dfad
00000004e05d
00000004e05e
00000004e05f
00000004e10e
00000004e10f
00000004e110
00000004e1c0
00000004e1c1
00000004e1c2
00000004e271
00000004e272
00000004e273
00000004e323
00000004e324
00000004e325
00000004e3d4
00000004e3d5
00000004e3d6
00000004e485
00000004e486
00000004e487
00000004e537
00000004e538
00000004e539
00000004e5e8
00000004e5e9
00000004e5ea
00000004e609
00000004e69a
00000004e69b
00000004e69c
00000004e74b
00000004e74c
00000004e74d
00000004e7fd
00000004e7fe
00000004e7ff
00000004e8ae
00000004e8af
00000004e8b0
00000004e960
00000004e961
00000004e962
00000004ea11
00000004ea12
00000004ea13
00000004eac2
00000004eac3
00000004eac4
00000004eb74
00000004eb75
00000004eb76
00000004ec25
00000004ec26
00000004ec27
00000004ec78
00000004ecd7
00000004ecd8
00000004ecd9
00000004ed88
00000004ed89
00000004ed8a
00000004ee3a
00000004ee3b
00000004ee3c
00000004eeeb
00000004eeec
00000004eeed
00000004ef9d
00000004ef9e
00000004ef9f
00000004f04e
00000004f04f
00000004f050
00000004f0ff
00000004f100
00000004f101
00000004f103
00000004f1b1
00000004f1b2
00000004f1b3
00000004f262
00000004f263
00000004f264
00000004f314
00000004f315
00000004f316
00000004f3c5
00000004f3c6
00000004f3c7
00000004f477
00000004f478
00000004f479
00000004f528
00000004f529
00000004f52a
00000004f539
00000004f5da
00000004f5db
00000004f5dc
00000004f68b
00000004f68c
00000004f68d
00000004f73c
00000004f73d
00000004f73e
00000004f7ee
00000004f7ef
00000004f7f0
00000004f89f
00000004f8a0
00000004f8a1
00000004f951
00000004f952
00000004f953
00000004fa02
00000004fa03
00000004fa04
00000004fab4
00000004fab5
00000004fab6
00000004fb65
00000004fb66
00000004fb67
00000004fc17
00000004fc18
00000004fc19
00000004fcc8
00000004fcc9
00000004fcca
00000004fd79
00000004fd7a
00000004fd7b
00000004fe2b
00000004fe2c
00000004fe2d
00000004fedc
00000004fedd
00000004fede
00000004ff8e
00000004ff8f
00000004ff90
00000005003f
000000050040
000000050041
0000000500f1
0000000500f2
0000000500f3
0000000501a2
0000000501a3
0000000501a4
000000050254
000000050255
000000050256
000000050305
000000050306
000000050307
0000000503b7
0000000503b8
0000000503b9
000000050468
000000050469
00000005046a
000000050519
00000005051a
00000005051b
0000000505cb
0000000505cc
0000000505cd
00000005067c
00000005067d
00000005067e
00000005072e
00000005072f
000000050730
0000000507df
0000000507e0
0000000507e1
000000050891
000000050892
000000050893
000000050942
000000050943
000000050944
0000000509f4
0000000509f5
0000000509f6
0000000509f7
000000050aa5
000000050aa6
000000050aa7
000000050b56
000000050b57
000000050b58
000000050c08
000000050c09
000000050c0a
000000050cb9
000000050cba
000000050cbb
000000050d6b
000000050d6c
000000050d6d
000000050e1c
000000050e1d
000000050e1e
000000050ece
000000050ecf
000000050ed0
000000050f7f
000000050f80
000000050f81
000000051031
000000051032
000000051033
0000000510e2
0000000510e3
0000000510e4
000000051193
000000051194
000000051195
000000051245
000000051246
000000051247
0000000512f6
0000000512f7
0000000512f8
00000005130b
0000000513a8
0000000513a9
0000000513aa
000000051459
00000005145a
00000005145b
0000000514a0
00000005150b
00000005150c
00000005150d
0000000515bc
0000000515bd
0000000515be
00000005166e
00000005166f
000000051670
00000005171f
000000051720
000000051721
0000000517d0
0000000517d1
0000000517d2
000000051882
000000051883
000000051884
000000051933
000000051934
000000051935
0000000519e5
0000000519e6
0000000519e7
000000051a96
000000051a97
000000051a98
000000051b48
000000051b49
000000051b4a
000000051bf9
000000051bfa
000000051bfb
000000051cab
000000051cac
000000051cad
000000051d5c
000000051d5d
000000051d5e
000000051e0d
000000051e0e
000000051e0f
000000051ebf
000000051ec0
000000051ec1
000000051f70
000000051f71
000000051f72
000000052022
000000052023
000000052024
0000000520d3
0000000520d4
0000000520d5
000000052185
000000052186
000000052187
000000052236
000000052237
000000052238
0000000522e8
0000000522e9
0000000522ea
000000052399
00000005239a
00000005239b
00000005244a
00000005244b
00000005244c
0000000524fc
0000000524fd
0000000524fe
0000000525ad
0000000525ae
0000000525af
00000005265f
000000052660
000000052661
000000052710
000000052711
000000052712
0000000527c2
0000000527c3
0000000527c4
000000052873
000000052874
000000052875
000000052925
000000052926
000000052927
0000000529d6
0000000529d7
0000000529d8
000000052a88
000000052a89
000000052a8a
000000052b39
000000052b3a
000000052b3b
000000052bad
000000052bea
000000052beb
000000052bec
000000052c76
000000052c9c
000000052c9d
000000052c9e
000000052d4d
000000052d4e
000000052d4f
000000052dff
000000052e00
000000052e01
000000052eb0
000000052eb1
000000052eb2
000000052f62
000000052f63
000000052f64
000000053013
000000053014
000000053015
0000000530c5
0000000530c6
0000000530c7
000000053176
000000053177
000000053178
000000053227
000000053228
000000053229
0000000532d9
0000000532da
0000000532db
00000005338a
00000005338b
00000005338c
00000005343c
00000005343d
00000005343e
0000000534ed
0000000534ee
0000000534ef
00000005359f
0000000535a0
0000000535a1
000000053650
000000053651
000000053652
000000053702
000000053703
000000053704
0000000537b3
0000000537b4
0000000537b5
000000053864
000000053865
000000053866
000000053916
000000053917
000000053918
0000000539c7
0000000539c8
0000000539c9
000000053a79
000000053a7a
000000053a7b
000000053b2a
000000053b2b
000000053b2c
000000053bdc
000000053bdd
000000053bde
000000053c8d
000000053c8e
000000053c8f
000000053cb9
000000053d3f
000000053d40
000000053d41
000000053df0
000000053df1
000000053df2
000000053ea1
000000053ea2
000000053ea3
000000053f3c
000000053f53
000000053f54
000000053f55
000000054004
000000054005
000000054006
0000000540b6
0000000540b7
0000000540b8
000000054167
000000054168
000000054169
000000054219
00000005421a
00000005421b
0000000542ca
0000000542cb
0000000542cc
00000005437c
00000005437d
00000005437e
00000005442d
00000005442e
00000005442f
0000000544de
0000000544df
0000000544e0
000000054590
000000054591
000000054592
000000054641
000000054642
000000054643
0000000546f3
0000000546f4
0000000546f5
0000000547a4
0000000547a5
0000000547a6
000000054856
000000054857
000000054858
000000054907
000000054908
000000054909
0000000549b9
0000000549ba
0000000549bb
000000054a6a
000000054a6b
000000054a6c
000000054b1b
000000054b1c
000000054b1d
000000054bcd
000000054bce
000000054bcf
000000054c7e
000000054c7f
000000054c80
000000054d30
000000054d31
000000054d32
000000054de1
000000054de2
000000054de3
000000054e93
000000054e94
000000054e95
000000054f44
000000054f45
000000054f46
000000054ff6
000000054ff7
000000054ff8
0000000550a7
0000000550a8
0000000550a9
000000055159
00000005515a
00000005515b
00000005520a
00000005520b
00000005520c
0000000552bb
0000000552bc
0000000552bd
00000005536d
00000005536e
00000005536f
00000005541e
00000005541f
000000055420
0000000554d0
0000000554d1
0000000554d2
000000055581
000000055582
000000055583
000000055633
000000055634
000000055635
0000000556e4
0000000556e5
0000000556e6
000000055796
000000055797
000000055798
000000055847
000000055848
000000055849
0000000558a7
0000000558f8
0000000558f9
0000000558fa
0000000559aa
0000000559ab
0000000559ac
000000055a5b
000000055a5c
000000055a5d
000000055b0d
000000055b0e
000000055b0f
000000055bbe
000000055bbf
000000055bc0
000000055c1b
000000055c70
000000055c71
000000055c72
000000055d21
000000055d22
000000055d23
000000055dd3
000000055dd4
000000055dd5
000000055e84
000000055e85
000000055e86
000000055f35
000000055f36
000000055f37
000000055fe7
000000055fe8
000000055fe9
000000056098
000000056099
00000005609a
00000005614a
00000005614b
00000005614c
0000000561fb
0000000561fc
0000000561fd
0000000562ad
0000000562ae
0000000562af
00000005635e
00000005635f
000000056360
000000056410
000000056411
000000056412
0000000564c1
0000000564c2
0000000564c3
000000056572
000000056573
000000056574
000000056624
000000056625
000000056626
0000000566d5
0000000566d6
0000000566d7
000000056787
000000056788
000000056789
000000056838
000000056839
00000005683a
0000000568ea
0000000568eb
0000000568ec
00000005699b
00000005699c
00000005699d
000000056a4d
000000056a4e
000000056a4f
000000056afe
000000056aff
000000056b00
000000056baf
000000056bb0
000000056bb1
000000056c61
000000056c62
000000056c63
000000056d12
000000056d13
000000056d14
000000056dc4
000000056dc5
000000056dc6
000000056e75
000000056e76
000000056e77
000000056ea1
000000056f27
000000056f28
000000056f29
000000056fd8
000000056fd9
000000056fda
00000005708a
00000005708b
00000005708c
00000005713b
00000005713c
00000005713d
0000000571ed
0000000571ee
0000000571ef
00000005729e
00000005729f
0000000572a0
00000005734f
000000057350
000000057351
000000057401
000000057402
000000057403
0000000574b2
0000000574b3
0000000574b4
000000057564
000000057565
000000057566
000000057615
000000057616
000000057617
0000000576c7
0000000576c8
0000000576c9
000000057778
000000057779
00000005777a
00000005782a
00000005782b
00000005782c
0000000578db
0000000578dc
0000000578dd
00000005798c
00000005798d
00000005798e
000000057a3e
000000057a3f
000000057a40
000000057aef
000000057af0
000000057af1
000000057ba1
000000057ba2
000000057ba3
000000057c52
000000057c53
000000057c54
000000057d04
000000057d05
000000057d06
000000057db5
000000057db6
000000057db7
000000057e67
000000057e68
000000057e69
000000057f18
000000057f19
000000057f1a
000000057fc9
000000057fca
000000057fcb
00000005807b
00000005807c
00000005807d
000000058113
00000005812c
00000005812d
00000005812e
0000000581de
0000000581df
0000000581e0
00000005828f
000000058290
000000058291
000000058341
000000058342
000000058343
0000000583f2
0000000583f3
0000000583f4
0000000584a4
0000000584a5
0000000584a6
000000058555
000000058556
000000058557
000000058606
000000058607
000000058608
0000000586b8
0000000586b9
0000000586ba
000000058769
00000005876a
00000005876b
0000000587a9
00000005881b
00000005881c
00000005881d
0000000588cc
0000000588cd
0000000588ce
00000005897e
00000005897f
000000058980
000000058a2f
000000058a30
000000058a31
000000058ae1
000000058ae2
000000058ae3
000000058b92
000000058b93
000000058b94
000000058c43
000000058c44
000000058c45
000000058cf5
000000058cf6
000000058cf7
000000058da6
000000058da7
000000058da8
000000058e58
000000058e59
000000058e5a
000000058f09
000000058f0a
000000058f0b
000000058fbb
000000058fbc
000000058fbd
00000005906c
00000005906d
00000005906e
00000005911e
00000005911f
000000059120
0000000591cf
0000000591d0
0000000591d1
000000059280
000000059281
000000059282
000000059332
000000059333
000000059334
0000000593e3
0000000593e4
0000000593e5
000000059495
000000059496
000000059497
000000059546
000000059547
000000059548
0000000595f8
0000000595f9
0000000595fa
0000000596a9
0000000596aa
0000000596ab
00000005975b
00000005975c
00000005975d
00000005980c
00000005980d
00000005980e
0000000598be
0000000598bf
0000000598c0
00000005996f
000000059970
000000059971
000000059a20
000000059a21
000000059a22
000000059ad2
000000059ad3
000000059ad4
000000059b11
000000059b83
000000059b84
000000059b85
000000059c35
000000059c36
000000059c37
000000059ce6
000000059ce7
000000059ce8
000000059d98
000000059d99
000000059d9a
000000059e49
000000059e4a
000000059e4b
000000059efb
000000059efc
000000059efd
000000059fac
000000059fad
000000059fae
00000005a05d
00000005a05e
00000005a05f
00000005a10f
00000005a110
00000005a111
00000005a1c0
00000005a1c1
00000005a1c2
00000005a272
00000005a273
00000005a274
00000005a323
00000005a324
00000005a325
00000005a3d5
00000005a3d6
00000005a3d7
00000005a486
00000005a487
00000005a488
00000005a538
00000005a539
00000005a53a
00000005a5e9
00000005a5ea
00000005a5eb
00000005a69a
00000005a69b
00000005a69c
00000005a6ef
00000005a74c
00000005a74d
00000005a74e
00000005a7fd
00000005a7fe
00000005a7ff
00000005a8af
00000005a8b0
00000005a8b1
00000005a960
00000005a961
00000005a962
00000005aa12
00000005aa13
00000005aa14
00000005aac3
00000005aac4
00000005aac5
00000005ab06
00000005ab75
00000005ab76
00000005ab77
00000005ac26
00000005ac27
00000005ac28
00000005acd7
00000005acd8
00000005acd9
00000005ad89
00000005ad8a
00000005ad8b
00000005ae3a
00000005ae3b
00000005ae3c
00000005aeec
00000005aeed
00000005aeee
00000005af9d
00000005af9e
00000005af9f
00000005b04f
00000005b050
00000005b051
00000005b100
00000005b101
00000005b102
00000005b1b2
00000005b1b3
00000005b1b4
00000005b263
00000005b264
00000005b265
00000005b314
00000005b315
00000005b316
00000005b3c6
00000005b3c7
00000005b3c8
00000005b477
00000005b478
00000005b479
00000005b529
00000005b52a
00000005b52b
00000005b5da
00000005b5db
00000005b5dc
00000005b68c
00000005b68d
00000005b68e
00000005b73d
00000005b73e
00000005b73f
00000005b7ef
00000005b7f0
00000005b7f1
00000005b8a0
00000005b8a1
00000005b8a2
00000005b951
00000005b952
00000005b953
00000005ba03
00000005ba04
00000005ba05
00000005bab4
00000005bab5
00000005bab6
00000005bb66
00000005bb67
00000005bb68
00000005bc17
00000005bc18
00000005bc19
00000005bcc9
00000005bcca
00000005bccb
00000005bd7a
00000005bd7b
00000005bd7c
00000005be2c
00000005be2d
00000005be2e
00000005bedd
00000005bede
00000005bedf
00000005bf8f
00000005bf90
00000005bf91
00000005c040
00000005c041
00000005c042
00000005c0f1
00000005c0f2
00000005c0f3
00000005c1a3
00000005c1a4
00000005c1a5
00000005c254
00000005c255
00000005c256
00000005c306
00000005c307
00000005c308
00000005c3b7
00000005c3b8
00000005c3b9
00000005c469
00000005c46a
00000005c46b
00000005c51a
00000005c51b
00000005c51c
00000005c5cc
00000005c5cd
00000005c5ce
00000005c67d
00000005c67e
00000005c67f
00000005c72e
00000005c72f
00000005c730
00000005c7e0
00000005c7e1
00000005c7e2
00000005c891
00000005c892
00000005c893
00000005c943
00000005c944
00000005c945
00000005c9f4
00000005c9f5
00000005c9f6
00000005caa6
00000005caa7
00000005caa8
00000005cb57
00000005cb58
00000005cb59
00000005cc09
00000005cc0a
00000005cc0b
00000005ccba
00000005ccbb
00000005ccbc
00000005cd6b
00000005cd6c
00000005cd6d
00000005ce1d
00000005ce1e
00000005ce1f
00000005cece
00000005cecf
00000005ced0
00000005cee0
00000005cf80
00000005cf81
00000005cf82
00000005d031
00000005d032
00000005d033
00000005d0e3
00000005d0e4
00000005d0e5
00000005d194
00000005d195
00000005d196
00000005d246
00000005d247
00000005d248
00000005d2f7
00000005d2f8
00000005d2f9
00000005d3a8
00000005d3a9
00000005d3aa
00000005d45a
00000005d45b
00000005d45c
00000005d50b
00000005d50c
00000005d50d
00000005d5bd
00000005d5be
00000005d5bf
00000005d66e
00000005d66f
00000005d670
00000005d720
00000005d721
00000005d722
00000005d7d1
00000005d7d2
00000005d7d3
00000005d883
00000005d884
00000005d885
00000005d934
00000005d935
00000005d936
00000005d9e5
00000005d9e6
00000005d9e7
00000005da97
00000005da98
00000005da99
00000005db48
00000005db49
00000005db4a
00000005dbfa
00000005dbfb
00000005dbfc
00000005dcab
00000005dcac
00000005dcad
00000005dd5d
00000005dd5e
00000005dd5f
00000005de0e
00000005de0f
00000005de10
00000005dec0
00000005dec1
00000005dec2
00000005df4f
00000005df71
00000005df72
00000005df73
00000005e023
00000005e024
00000005e025
00000005e0d4
00000005e0d5
00000005e0d6
00000005e185
00000005e186
00000005e187
00000005e237
00000005e238
00000005e239
00000005e2e8
00000005e2e9
00000005e2ea
00000005e39a
00000005e39b
00000005e39c
00000005e44b
00000005e44c
00000005e44d
00000005e4fd
00000005e4fe
00000005e4ff
00000005e5ae
00000005e5af
00000005e5b0
00000005e5c2
00000005e660
00000005e661
00000005e662
00000005e711
00000005e712
00000005e713
00000005e7c2
00000005e7c3
00000005e7c4
00000005e874
00000005e875
00000005e876
00000005e925
00000005e926
00000005e927
00000005e9d7
00000005e9d8
00000005e9d9
00000005ea88
00000005ea89
00000005ea8a
00000005eb3a
00000005eb3b
00000005eb3c
00000005ebeb
00000005ebec
00000005ebed
00000005ec9d
00000005ec9e
00000005ec9f
00000005ed4e
00000005ed4f
00000005ed50
00000005edff
00000005ee00
00000005ee01
00000005eeb1
00000005eeb2
00000005eeb3
00000005ef62
00000005ef63
00000005ef64
00000005f014
00000005f015
00000005f016
00000005f0c5
00000005f0c6
00000005f0c7
00000005f177
00000005f178
00000005f179
00000005f228
00000005f229
00000005f22a
00000005f2da
00000005f2db
00000005f2dc
00000005f38b
00000005f38c
00000005f38d
00000005f43c
00000005f43d
00000005f43e
00000005f4ee
00000005f4ef
00000005f4f0
00000005f59f
00000005f5a0
00000005f5a1
00000005f651
00000005f652
00000005f653
00000005f664
00000005f702
00000005f703
00000005f704
00000005f7b4
00000005f7b5
00000005f7b6
00000005f865
00000005f866
00000005f867
00000005f917
00000005f918
00000005f919
00000005f9c8
00000005f9c9
00000005f9ca
00000005fa79
00000005fa7a
00000005fa7b
00000005fb2b
00000005fb2c
00000005fb2d
00000005fbdc
00000005fbdd
00000005fbde
00000005fc8e
00000005fc8f
00000005fc90
00000005fd3f
00000005fd40
00000005fd41
00000005fdf1
00000005fdf2
00000005fdf3
00000005fea2
00000005fea3
00000005fea4
00000005ff54
00000005ff55
00000005ff56
000000060005
000000060006
000000060007
0000000600b6
0000000600b7
0000000600b8
000000060168
000000060169
00000006016a
000000060219
00000006021a
00000006021b
0000000602cb
0000000602cc
0000000602cd
00000006037c
00000006037d
00000006037e
00000006042e
00000006042f
000000060430
0000000604df
0000000604e0
0000000604e1
000000060591
000000060592
000000060593
000000060642
000000060643
000000060644
0000000606f4
0000000606f5
0000000606f6
0000000607a5
0000000607a6
0000000607a7
000000060856
000000060857
000000060858
000000060908
000000060909
00000006090a
0000000609b9
0000000609ba
0000000609bb
000000060a6b
000000060a6c
000000060a6d
000000060b1c
000000060b1d
000000060b1e
000000060bce
000000060bcf
000000060bd0
000000060c7f
000000060c80
000000060c81
000000060d31
000000060d32
000000060d33
000000060d7d
000000060de2
000000060de3
000000060de4
000000060e93
000000060e94
000000060e95
000000060f45
000000060f46
000000060f47
000000060ff6
000000060ff7
000000060ff8
0000000610a8
0000000610a9
0000000610aa
000000061159
00000006115a
00000006115b
00000006120b
00000006120c
00000006120d
0000000612bc
0000000612bd
0000000612be
00000006136e
00000006136f
000000061370
00000006141f
000000061420
000000061421
0000000614d0
0000000614d1
0000000614d2
000000061582
000000061583
000000061584
00000006161a
000000061633
000000061634
000000061635
0000000616e5
0000000616e6
0000000616e7
000000061796
000000061797
000000061798
000000061848
000000061849
00000006184a
0000000618f9
0000000618fa
0000000618fb
0000000619ab
0000000619ac
0000000619ad
000000061a5c
000000061a5d
000000061a5e
000000061b0d
000000061b0e
000000061b0f
000000061bbf
000000061bc0
000000061bc1
000000061c70
000000061c71
000000061c72
000000061d22
000000061d23
000000061d24
000000061dd3
000000061dd4
000000061dd5
000000061e85
000000061e86
000000061e87
000000061f36
000000061f37
000000061f38
000000061fe8
000000061fe9
000000061fea
000000062099
00000006209a
00000006209b
00000006214a
00000006214b
00000006214c
0000000621fc
0000000621fd
0000000621fe
0000000622ad
0000000622ae
0000000622af
00000006235f
000000062360
000000062361
000000062410
000000062411
000000062412
0000000624c2
0000000624c3
0000000624c4
000000062573
000000062574
000000062575
000000062625
000000062626
000000062627
0000000626d6
0000000626d7
0000000626d8
000000062787
000000062788
000000062789
0000000627b3
000000062839
00000006283a
00000006283b
000000062840
0000000628ea
0000000628eb
0000000628ec
00000006299c
00000006299d
00000006299e
000000062a4d
000000062a4e
000000062a4f
000000062aff
000000062b00
000000062b01
000000062b7f
000000062bb0
000000062bb1
000000062bb2
000000062c62
000000062c63
000000062c64
000000062d13
000000062d14
000000062d15
000000062dc5
000000062dc6
000000062dc7
000000062e76
000000062e77
000000062e78
000000062f27
000000062f28
000000062f29
000000062fd9
000000062fda
000000062fdb
00000006308a
00000006308b
00000006308c
00000006313c
00000006313d
00000006313e
0000000631ed
0000000631ee
0000000631ef
00000006329f
0000000632a0
0000000632a1
000000063350
000000063351
000000063352
000000063402
000000063403
000000063404
0000000634b3
0000000634b4
0000000634b5
000000063564
000000063565
000000063566
000000063616
000000063617
000000063618
0000000636c1
0000000636c7
0000000636c8
0000000636c9
000000063779
00000006377a
00000006377b
00000006382a
00000006382b
00000006382c
0000000638dc
0000000638dd
0000000638de
00000006398d
00000006398e
00000006398f
000000063a3f
000000063a40
000000063a41
000000063af0
000000063af1
000000063af2
000000063ba1
000000063ba2
000000063ba3
000000063c53
000000063c54
000000063c55
000000063d04
000000063d05
000000063d06
000000063db6
000000063db7
000000063db8
000000063e67
000000063e68
000000063e69
000000063f19
000000063f1a
000000063f1b
000000063fca
000000063fcb
000000063fcc
00000006407c
00000006407d
00000006407e
00000006412d
00000006412e
00000006412f
0000000641de
0000000641df
0000000641e0
000000064290
000000064291
000000064292
000000064341
000000064342
000000064343
0000000643f3
0000000643f4
0000000643f5
0000000644a4
0000000644a5
0000000644a6
000000064556
000000064557
000000064558
000000064607
000000064608
000000064609
0000000646b9
0000000646ba
0000000646bb
00000006476a
00000006476b
00000006476c
00000006481b
00000006481c
00000006481d
0000000648cd
0000000648ce
0000000648cf
00000006497e
00000006497f
000000064980
000000064a30
000000064a31
000000064a32
000000064ae1
000000064ae2
000000064ae3
000000064b93
000000064b94
000000064b95
000000064c44
000000064c45
000000064c46
000000064cf6
000000064cf7
000000064cf8
000000064da7
000000064da8
000000064da9
000000064e59
000000064e5a
000000064e5b
000000064f0a
000000064f0b
000000064f0c
000000064fbb
000000064fbc
000000064fbd
00000006506d
00000006506e
00000006506f
00000006509c
00000006511e
00000006511f
000000065120
0000000651d0
0000000651d1
0000000651d2
000000065281
000000065282
000000065283
000000065333
000000065334
000000065335
0000000653e4
0000000653e5
0000000653e6
000000065496
000000065497
000000065498
000000065547
000000065548
000000065549
0000000655f8
0000000655f9
0000000655fa
0000000656aa
0000000656ab
0000000656ac
00000006575b
00000006575c
00000006575d
00000006580d
00000006580e
00000006580f
0000000658be
0000000658bf
0000000658c0
000000065970
000000065971
000000065972
000000065a21
000000065a22
000000065a23
000000065ad3
000000065ad4
000000065ad5
000000065b84
000000065b85
000000065b86
000000065c35
000000065c36
000000065c37
000000065ce7
000000065ce8
000000065ce9
000000065d98
000000065d99
000000065d9a
000000065e4a
000000065e4b
000000065e4c
000000065efb
000000065efc
000000065efd
000000065fad
000000065fae
000000065faf
00000006605e
00000006605f
000000066060
000000066110
000000066111
000000066112
0000000661c1
0000000661c2
0000000661c3
000000066272
000000066273
000000066274
000000066324
000000066325
000000066326
0000000663d5
0000000663d6
0000000663d7
00000006644e
000000066487
000000066488
000000066489
000000066538
000000066539
00000006653a
0000000665ea
0000000665eb
0000000665ec
00000006669b
00000006669c
00000006669d
00000006674d
00000006674e
00000006674f
0000000667fe
0000000667ff
000000066800
0000000668af
0000000668b0
0000000668b1
000000066961
000000066962
000000066963
000000066a12
000000066a13
000000066a14
000000066ac4
000000066ac5
000000066ac6
000000066b75
000000066b76
000000066b77
000000066c27
000000066c28
000000066c29
000000066cd8
000000066cd9
000000066cda
000000066d8a
000000066d8b
000000066d8c
000000066e3b
000000066e3c
000000066e3d
000000066eec
000000066eed
000000066eee
000000066f9e
000000066f9f
000000066fa0
00000006704f
000000067050
000000067051
000000067101
000000067102
000000067103
0000000671b2
0000000671b3
0000000671b4
000000067264
000000067265
000000067266
000000067315
000000067316
000000067317
0000000673c7
0000000673c8
0000000673c9
000000067478
000000067479
00000006747a
00000006752a
00000006752b
00000006752c
0000000675db
0000000675dc
0000000675dd
00000006768c
00000006768d
00000006768e
00000006773e
00000006773f
000000067740
0000000677ef
0000000677f0
0000000677f1
0000000678a1
0000000678a2
0000000678a3
000000067952
000000067953
000000067954
000000067a04
000000067a05
000000067a06
000000067ab5
000000067ab6
000000067ab7
000000067b67
000000067b68
000000067b69
000000067c18
000000067c19
000000067c1a
000000067cc9
000000067cca
000000067ccb
000000067d7b
000000067d7c
000000067d7d
000000067e2c
000000067e2d
000000067e2e
000000067ede
000000067edf
000000067ee0
000000067f8f
000000067f90
000000067f91
000000068041
000000068042
000000068043
0000000680f2
0000000680f3
0000000680f4
0000000681a4
0000000681a5
0000000681a6
000000068255
000000068256
000000068257
000000068306
000000068307
000000068308
0000000683b8
0000000683b9
0000000683ba
000000068469
00000006846a
00000006846b
00000006851b
00000006851c
00000006851d
0000000685cc
0000000685cd
0000000685ce
00000006867e
00000006867f
000000068680
00000006872f
000000068730
000000068731
0000000687e1
0000000687e2
0000000687e3
00000006883f
000000068892
000000068893
000000068894
000000068943
000000068944
000000068945
0000000689f5
0000000689f6
0000000689f7
000000068aa6
000000068aa7
000000068aa8
000000068b58
000000068b59
000000068b5a
000000068c09
000000068c0a
000000068c0b
000000068cbb
000000068cbc
000000068cbd
000000068d6c
000000068d6d
000000068d6e
000000068e1e
000000068e1f
000000068e20
000000068ecf
000000068ed0
000000068ed1
000000068f80
000000068f81
000000068f82
000000069001
000000069032
000000069033
000000069034
0000000690e3
0000000690e4
0000000690e5
000000069195
000000069196
000000069197
000000069246
000000069247
000000069248
0000000692f8
0000000692f9
0000000692fa
0000000693a9
0000000693aa
0000000693ab
00000006945b
00000006945c
00000006945d
00000006950c
00000006950d
00000006950e
0000000695bd
0000000695be
0000000695bf
00000006966f
000000069670
000000069671
000000069687
000000069720
000000069721
000000069722
0000000697d2
0000000697d3
0000000697d4
000000069883
000000069884
000000069885
000000069935
000000069936
000000069937
000000069961
0000000699e6
0000000699e7
0000000699e8
000000069a98
000000069a99
000000069a9a
000000069b49
000000069b4a
000000069b4b
000000069bfb
000000069bfc
000000069bfd
000000069cac
000000069cad
000000069cae
000000069d5d
000000069d5e
000000069d5f
000000069e0f
000000069e10
000000069e11
000000069ec0
000000069ec1
000000069ec2
000000069f72
000000069f73
000000069f74
000000069fcb
00000006a023
00000006a024
00000006a025
00000006a0d5
00000006a0d6
00000006a0d7
00000006a186
00000006a187
00000006a188
00000006a238
00000006a239
00000006a23a
00000006a2e9
00000006a2ea
00000006a2eb
00000006a39a
00000006a39b
00000006a39c
00000006a44c
00000006a44d
00000006a44e
00000006a4fd
00000006a4fe
00000006a4ff
00000006a5af
00000006a5b0
00000006a5b1
00000006a660
00000006a661
00000006a662
00000006a712
00000006a713
00000006a714
00000006a7c3
00000006a7c4
00000006a7c5
00000006a875
00000006a876
00000006a877
00000006a926
00000006a927
00000006a928
00000006a9d7
00000006a9d8
00000006a9d9
00000006aa89
00000006aa8a
00000006aa8b
00000006ab3a
00000006ab3b
00000006ab3c
00000006abec
00000006abed
00000006abee
00000006ac9d
00000006ac9e
00000006ac9f
00000006ad4f
00000006ad50
00000006ad51
00000006ae00
00000006ae01
00000006ae02
00000006aeb2
00000006aeb3
00000006aeb4
00000006af63
00000006af64
00000006af65
00000006b014
00000006b015
00000006b016
00000006b0c6
00000006b0c7
00000006b0c8
00000006b177
00000006b178
00000006b179
00000006b229
00000006b22a
00000006b22b
00000006b2da
00000006b2db
00000006b2dc
00000006b38c
00000006b38d
00000006b38e
00000006b43d
00000006b43e
00000006b43f
00000006b4ef
00000006b4f0
00000006b4f1
00000006b5a0
00000006b5a1
00000006b5a2
00000006b651
00000006b652
00000006b653
00000006b6e3
00000006b703
00000006b704
00000006b705
00000006b7b4
00000006b7b5
00000006b7b6
00000006b866
00000006b867
00000006b868
00000006b917
00000006b918
00000006b919
00000006b9c9
00000006b9ca
00000006b9cb
00000006ba7a
00000006ba7b
00000006ba7c
00000006bb2c
00000006bb2d
00000006bb2e
00000006bbdd
00000006bbde
00000006bbdf
00000006bbf2
00000006bc8f
00000006bc90
00000006bc91
00000006bd40
00000006bd41
00000006bd42
00000006bdf1
00000006bdf2
00000006bdf3
00000006bea3
00000006bea4
00000006bea5
00000006bf54
00000006bf55
00000006bf56
00000006c006
00000006c007
00000006c008
00000006c0b7
00000006c0b8
00000006c0b9
00000006c169
00000006c16a
00000006c16b
00000006c21a
00000006c21b
00000006c21c
00000006c2cc
00000006c2cd
00000006c2ce
00000006c37d
00000006c37e
00000006c37f
00000006c42e
00000006c42f
00000006c430
00000006c4e0
00000006c4e1
00000006c4e2
00000006c591
00000006c592
00000006c593
00000006c643
00000006c644
00000006c645
00000006c6f4
00000006c6f5
00000006c6f6
00000006c7a6
00000006c7a7
00000006c7a8
00000006c857
00000006c858
00000006c859
00000006c909
00000006c90a
00000006c90b
00000006c9ba
00000006c9bb
00000006c9bc
00000006ca6b
00000006ca6c
00000006ca6d
00000006cb1d
00000006cb1e
00000006cb1f
00000006cbce
00000006cbcf
00000006cbd0
00000006cc80
00000006cc81
00000006cc82
00000006cd31
00000006cd32
00000006cd33
00000006cde3
00000006cde4
00000006cde5
00000006ce94
00000006ce95
00000006ce96
00000006cf46
00000006cf47
00000006cf48
00000006cff7
00000006cff8
00000006cff9
00000006d0a8
00000006d0a9
00000006d0aa
00000006d15a
00000006d15b
00000006d15c
00000006d20b
00000006d20c
00000006d20d
00000006d2bd
00000006d2be
00000006d2bf
00000006d36e
00000006d36f
00000006d370
00000006d420
00000006d421
00000006d422
00000006d4d1
00000006d4d2
00000006d4d3
00000006d583
00000006d584
00000006d585
00000006d634
00000006d635
00000006d636
00000006d6e5
00000006d6e6
00000006d6e7
00000006d797
00000006d798
00000006d799
00000006d848
00000006d849
00000006d84a
00000006d8fa
00000006d8fb
00000006d8fc
00000006d9ab
00000006d9ac
00000006d9ad
00000006da5d
00000006da5e
00000006da5f
00000006db0e
00000006db0f
00000006db10
00000006dbc0
00000006dbc1
00000006dbc2
00000006dc71
00000006dc72
00000006dc73
00000006dd22
00000006dd23
00000006dd24
00000006ddd4
00000006ddd5
00000006ddd6
00000006de85
00000006de86
00000006de87
00000006df37
00000006df38
00000006df39
00000006dfe8
00000006dfe9
00000006dfea
00000006e09a
00000006e09b
00000006e09c
00000006e14b
00000006e14c
00000006e14d
00000006e1fd
00000006e1fe
00000006e1ff
00000006e2ae
00000006e2af
00000006e2b0
00000006e360
00000006e361
00000006e362
00000006e411
00000006e412
00000006e413
00000006e4c2
00000006e4c3
00000006e4c4
00000006e574
00000006e575
00000006e576
00000006e625
00000006e626
00000006e627
00000006e6d7
00000006e6d8
00000006e6d9
00000006e788
00000006e789
00000006e78a
00000006e83a
00000006e83b
00000006e83c
00000006e8eb
00000006e8ec
00000006e8ed
00000006e99d
00000006e99e
00000006e99f
00000006ea4e
00000006ea4f
00000006ea50
00000006eaff
00000006eb00
00000006eb01
00000006ebb1
00000006ebb2
00000006ebb3
00000006ec62
00000006ec63
00000006ec64
00000006ed14
00000006ed15
00000006ed16
00000006edc5
00000006edc6
00000006edc7
00000006ee77
00000006ee78
00000006ee79
00000006ef28
00000006ef29
00000006ef2a
00000006efda
00000006efdb
00000006efdc
00000006f08b
00000006f08c
00000006f08d
00000006f13c
00000006f13d
00000006f13e
00000006f1ee
00000006f1ef
00000006f1f0
00000006f29f
00000006f2a0
00000006f2a1
00000006f351
00000006f352
00000006f353
00000006f402
00000006f403
00000006f404
00000006f4b4
00000006f4b5
00000006f4b6
00000006f565
00000006f566
00000006f567
00000006f617
00000006f618
00000006f619
00000006f6c8
00000006f6c9
00000006f6ca
00000006f779
00000006f77a
00000006f77b
00000006f82b
00000006f82c
00000006f82d
00000006f8dc
00000006f8dd
00000006f8de
00000006f98e
00000006f98f
00000006f990
00000006fa3f
00000006fa40
00000006fa41
00000006faf1
00000006faf2
00000006faf3
00000006fba2
00000006fba3
00000006fba4
00000006fc54
00000006fc55
00000006fc56
00000006fd05
00000006fd06
00000006fd07
00000006fdb6
00000006fdb7
00000006fdb8
00000006fe68
00000006fe69
00000006fe6a
00000006ff19
00000006ff1a
00000006ff1b
00000006ffcb
00000006ffcc
00000006ffcd
00000007007c
00000007007d
00000007007e
00000007012e
00000007012f
000000070130
0000000701df
0000000701e0
0000000701e1
000000070291
000000070292
000000070293
000000070342
000000070343
000000070344
0000000703f3
0000000703f4
0000000703f5
000000070431
0000000704a5
0000000704a6
0000000704a7
000000070556
000000070557
000000070558
000000070608
000000070609
00000007060a
0000000706b9
0000000706ba
0000000706bb
00000007076b
00000007076c
00000007076d
00000007081c
00000007081d
00000007081e
0000000708ce
0000000708cf
0000000708d0
00000007097f
000000070980
000000070981
000000070a31
000000070a32
000000070a33
000000070ae2
000000070ae3
000000070ae4
000000070b93
000000070b94
000000070b95
000000070c45
000000070c46
000000070c47
000000070cf6
000000070cf7
000000070cf8
000000070da8
000000070da9
000000070daa
000000070e59
000000070e5a
000000070e5b
000000070f0b
000000070f0c
000000070f0d
000000070fbc
000000070fbd
000000070fbe
00000007106e
00000007106f
000000071070
00000007111f
000000071120
000000071121
0000000711d0
0000000711d1
0000000711d2
000000071282
000000071283
000000071284
000000071333
000000071334
000000071335
0000000713e5
0000000713e6
0000000713e7
000000071496
000000071497
000000071498
000000071548
000000071549
00000007154a
0000000715f9
0000000715fa
0000000715fb
0000000716ab
0000000716ac
0000000716ad
00000007175c
00000007175d
00000007175e
00000007180d
00000007180e
00000007180f
0000000718bf
0000000718c0
0000000718c1
0000000718d1
000000071970
000000071971
000000071972
000000071a22
000000071a23
000000071a24
000000071ad3
000000071ad4
000000071ad5
000000071b85
000000071b86
000000071b87
000000071c36
000000071c37
000000071c38
000000071ce8
000000071ce9
000000071cea
000000071d99
000000071d9a
000000071d9b
000000071e4a
000000071e4b
000000071e4c
000000071efc
000000071efd
000000071efe
000000071fad
000000071fae
000000071faf
00000007205f
000000072060
000000072061
000000072110
000000072111
000000072112
0000000721c2
0000000721c3
0000000721c4
000000072273
000000072274
000000072275
000000072325
000000072326
000000072327
0000000723d6
0000000723d7
0000000723d8
000000072487
000000072488
000000072489
000000072539
00000007253a
00000007253b
0000000725ea
0000000725eb
0000000725ec
00000007269c
00000007269d
00000007269e
00000007274d
00000007274e
00000007274f
0000000727ff
000000072800
000000072801
0000000728b0
0000000728b1
0000000728b2
000000072962
000000072963
000000072964
000000072a13
000000072a14
000000072a15
000000072ac5
000000072ac6
000000072ac7
000000072b76
000000072b77
000000072b78
000000072c27
000000072c28
000000072c29
000000072cd9
000000072cda
000000072cdb
000000072d8a
000000072d8b
000000072d8c
000000072e3c
000000072e3d
000000072e3e
000000072eed
000000072eee
000000072eef
000000072f9f
000000072fa0
000000072fa1
000000073050
000000073051
000000073052
000000073102
000000073103
000000073104
0000000731b3
0000000731b4
0000000731b5
000000073264
000000073265
000000073266
000000073316
000000073317
000000073318
0000000733c7
0000000733c8
0000000733c9
000000073416
000000073479
00000007347a
00000007347b
00000007352a
00000007352b
00000007352c
0000000735dc
0000000735dd
0000000735de
00000007368d
00000007368e
00000007368f
00000007373f
000000073740
000000073741
000000073781
0000000737f0
0000000737f1
0000000737f2
0000000738a1
0000000738a2
0000000738a3
000000073953
000000073954
000000073955
000000073a04
000000073a05
000000073a06
000000073ab6
000000073ab7
000000073ab8
000000073b67
000000073b68
000000073b69
000000073c19
000000073c1a
000000073c1b
000000073cca
000000073ccb
000000073ccc
000000073d7c
000000073d7d
000000073d7e
000000073e2d
000000073e2e
000000073e2f
000000073ede
000000073edf
000000073ee0
000000073f90
000000073f91
000000073f92
000000074041
000000074042
000000074043
0000000740f3
0000000740f4
0000000740f5
0000000741a4
0000000741a5
0000000741a6
000000074256
000000074257
000000074258
0000000742a1
000000074307
000000074308
000000074309
000000074315
0000000743b9
0000000743ba
0000000743bb
00000007446a
00000007446b
00000007446c
00000007451b
00000007451c
00000007451d
0000000745cd
0000000745ce
0000000745cf
00000007467e
00000007467f
000000074680
000000074730
000000074731
000000074732
0000000747e1
0000000747e2
0000000747e3
000000074893
000000074894
000000074895
000000074944
000000074945
000000074946
0000000749f6
0000000749f7
0000000749f8
000000074aa7
000000074aa8
000000074aa9
000000074b58
000000074b59
000000074b5a
000000074c0a
000000074c0b
000000074c0c
000000074cbb
000000074cbc
000000074cbd
000000074d6d
000000074d6e
000000074d6f
000000074e1e
000000074e1f
000000074e20
000000074ed0
000000074ed1
000000074ed2
000000074f81
000000074f82
000000074f83
000000075033
000000075034
000000075035
0000000750e4
0000000750e5
0000000750e6
000000075196
000000075197
000000075198
0000000751c7
000000075247
000000075248
000000075249
0000000752f8
0000000752f9
0000000752fa
0000000753aa
0000000753ab
0000000753ac
00000007545b
00000007545c
00000007545d
00000007550d
00000007550e
00000007550f
0000000755be
0000000755bf
0000000755c0
000000075670
000000075671
000000075672
000000075698
000000075721
000000075722
000000075723
0000000757d3
0000000757d4
0000000757d5
000000075884
000000075885
000000075886
000000075935
000000075936
000000075937
0000000759e7
0000000759e8
0000000759e9
000000075a98
000000075a99
000000075a9a
000000075b4a
000000075b4b
000000075b4c
000000075bfb
000000075bfc
000000075bfd
000000075cad
000000075cae
000000075caf
000000075d5e
000000075d5f
000000075d60
000000075e10
000000075e11
000000075e12
000000075ec1
000000075ec2
000000075ec3
000000075f72
000000075f73
000000075f74
000000076024
000000076025
000000076026
0000000760d5
0000000760d6
0000000760d7
000000076187
000000076188
000000076189
000000076238
000000076239
00000007623a
0000000762ea
0000000762eb
0000000762ec
00000007639b
00000007639c
00000007639d
00000007644d
00000007644e
00000007644f
0000000764fe
0000000764ff
000000076500
00000007654c
0000000765af
0000000765b0
0000000765b1
000000076661
000000076662
000000076663
000000076712
000000076713
000000076714
0000000767c4
0000000767c5
0000000767c6
000000076875
000000076876
000000076877
000000076927
000000076928
000000076929
0000000769d8
0000000769d9
0000000769da
000000076a8a
000000076a8b
000000076a8c
000000076b3b
000000076b3c
000000076b3d
000000076bec
000000076bed
000000076bee
000000076c9e
000000076c9f
000000076ca0
000000076d4f
000000076d50
000000076d51
000000076e01
000000076e02
000000076e03
000000076eb2
000000076eb3
000000076eb4
000000076f64
000000076f65
000000076f66
000000077015
000000077016
000000077017
0000000770c7
0000000770c8
0000000770c9
000000077178
000000077179
00000007717a
00000007722a
00000007722b
00000007722c
0000000772db
0000000772dc
0000000772dd
00000007738c
00000007738d
00000007738e
00000007743e
00000007743f
000000077440
0000000774ef
0000000774f0
0000000774f1
0000000775a1
0000000775a2
0000000775a3
000000077652
000000077653
000000077654
000000077704
000000077705
000000077706
0000000777b5
0000000777b6
0000000777b7
000000077867
000000077868
000000077869
000000077918
000000077919
00000007791a
0000000779c9
0000000779ca
0000000779cb
000000077a7b
000000077a7c
000000077a7d
000000077b2c
000000077b2d
000000077b2e
000000077bde
000000077bdf
000000077be0
000000077be6
000000077c8f
000000077c90
000000077c91
000000077d41
000000077d42
000000077d43
000000077df2
000000077df3
000000077df4
000000077e40
000000077ea4
000000077ea5
000000077ea6
000000077f55
000000077f56
000000077f57
000000078006
000000078007
000000078008
0000000780b8
0000000780b9
0000000780ba
000000078169
00000007816a
00000007816b
00000007821b
00000007821c
00000007821d
0000000782cc
0000000782cd
0000000782ce
00000007837e
00000007837f
000000078380
00000007842f
000000078430
000000078431
0000000784e1
0000000784e2
0000000784e3
000000078592
000000078593
000000078594
000000078643
000000078644
000000078645
00000007866b
0000000786f5
0000000786f6
0000000786f7
0000000787a6
0000000787a7
0000000787a8
000000078858
000000078859
00000007885a
0000000788ea
000000078909
00000007890a
00000007890b
0000000789bb
0000000789bc
0000000789bd
000000078a6c
000000078a6d
000000078a6e
000000078b1e
000000078b1f
000000078b20
000000078bcf
000000078bd0
000000078bd1
000000078c80
000000078c81
000000078c82
000000078d32
000000078d33
000000078d34
000000078de3
000000078de4
000000078de5
000000078e95
000000078e96
000000078e97
000000078f46
000000078f47
000000078f48
000000078f92
000000078ff8
000000078ff9
000000078ffa
0000000790a9
0000000790aa
0000000790ab
00000007915b
00000007915c
00000007915d
00000007920c
00000007920d
00000007920e
0000000792bd
0000000792be
0000000792bf
00000007936f
000000079370
000000079371
000000079420
000000079421
000000079422
0000000794d2
0000000794d3
0000000794d4
000000079583
000000079584
000000079585
000000079635
000000079636
000000079637
0000000796e6
0000000796e7
0000000796e8
000000079798
000000079799
00000007979a
000000079849
00000007984a
00000007984b
0000000798fb
0000000798fc
0000000798fd
0000000799ac
0000000799ad
0000000799ae
000000079a5d
000000079a5e
000000079a5f
000000079b0f
000000079b10
000000079b11
000000079bc0
000000079bc1
000000079bc2
000000079c72
000000079c73
000000079c74
000000079d23
000000079d24
000000079d25
000000079d7c
000000079dd5
000000079dd6
000000079dd7
000000079e86
000000079e87
000000079e88
000000079f38
000000079f39
000000079f3a
000000079fe9
000000079fea
000000079feb
00000007a09a
00000007a09b
00000007a09c
00000007a14c
00000007a14d
00000007a14e
00000007a1fd
00000007a1fe
00000007a1ff
00000007a2af
00000007a2b0
00000007a2b1
00000007a360
00000007a361
00000007a362
00000007a412
00000007a413
00000007a414
00000007a4c3
00000007a4c4
00000007a4c5
00000007a575
00000007a576
00000007a577
00000007a626
00000007a627
00000007a628
00000007a6d7
00000007a6d8
00000007a6d9
00000007a789
00000007a78a
00000007a78b
00000007a83a
00000007a83b
00000007a83c
00000007a8ec
00000007a8ed
00000007a8ee
00000007a99d
00000007a99e
00000007a99f
00000007aa4f
00000007aa50
00000007aa51
00000007ab00
00000007ab01
00000007ab02
00000007abb2
00000007abb3
00000007abb4
00000007ac63
00000007ac64
00000007ac65
00000007ad14
00000007ad15
00000007ad16
00000007adc6
00000007adc7
00000007adc8
00000007ae77
00000007ae78
00000007ae79
00000007af29
00000007af2a
00000007af2b
00000007afda
00000007afdb
00000007afdc
00000007b08c
00000007b08d
00000007b08e
00000007b13d
00000007b13e
00000007b13f
00000007b1ef
00000007b1f0
00000007b1f1
00000007b2a0
00000007b2a1
00000007b2a2
00000007b351
00000007b352
00000007b353
00000007b403
00000007b404
00000007b405
00000007b4b4
00000007b4b5
00000007b4b6
00000007b566
00000007b567
00000007b568
00000007b617
00000007b618
00000007b619
00000007b6c9
00000007b6ca
00000007b6cb
00000007b77a
00000007b77b
00000007b77c
00000007b82c
00000007b82d
00000007b82e
00000007b8dd
00000007b8de
00000007b8df
00000007b98e
00000007b98f
00000007b990
00000007ba40
00000007ba41
00000007ba42
00000007baf1
00000007baf2
00000007baf3
00000007bba3
00000007bba4
00000007bba5
00000007bc54
00000007bc55
00000007bc56
00000007bd06
00000007bd07
00000007bd08
00000007bdb7
00000007bdb8
00000007bdb9
00000007be69
00000007be6a
00000007be6b
00000007bf1a
00000007bf1b
00000007bf1c
00000007bfcc
00000007bfcd
00000007bfce
00000007c07d
00000007c07e
00000007c07f
00000007c12e
00000007c12f
00000007c130
00000007c1d1
00000007c1e0
00000007c1e1
00000007c1e2
00000007c26c
00000007c291
00000007c292
00000007c293
00000007c343
00000007c344
00000007c345
00000007c3f4
00000007c3f5
00000007c3f6
00000007c4a6
00000007c4a7
00000007c4a8
00000007c557
00000007c558
00000007c559
00000007c609
00000007c60a
00000007c60b
00000007c6ba
00000007c6bb
00000007c6bc
00000007c76b
00000007c76c
00000007c76d
00000007c81d
00000007c81e
00000007c81f
00000007c8ce
00000007c8cf
00000007c8d0
00000007c980
00000007c981
00000007c982
00000007ca31
00000007ca32
00000007ca33
00000007cae3
00000007cae4
00000007cae5
00000007cb94
00000007cb95
00000007cb96
00000007cc46
00000007cc47
00000007cc48
00000007ccf7
00000007ccf8
00000007ccf9
00000007cda8
00000007cda9
00000007cdaa
00000007ce5a
00000007ce5b
00000007ce5c
00000007cf0b
00000007cf0c
00000007cf0d
00000007cfbd
00000007cfbe
00000007cfbf
00000007d06e
00000007d06f
00000007d070
00000007d120
00000007d121
00000007d122
00000007d1d1
00000007d1d2
00000007d1d3
00000007d283
00000007d284
00000007d285
00000007d334
00000007d335
00000007d336
00000007d3e5
00000007d3e6
00000007d3e7
00000007d497
00000007d498
00000007d499
00000007d548
00000007d549
00000007d54a
00000007d5fa
00000007d5fb
00000007d5fc
00000007d6ab
00000007d6ac
00000007d6ad
00000007d75d
00000007d75e
00000007d75f
00000007d80e
00000007d80f
00000007d810
00000007d8c0
00000007d8c1
00000007d8c2
00000007d971
00000007d972
00000007d973
00000007da22
00000007da23
00000007da24
00000007da78
00000007dad4
00000007dad5
00000007dad6
00000007db85
00000007db86
00000007db87
00000007dc37
00000007dc38
00000007dc39
00000007dce8
00000007dce9
00000007dcea
00000007dd9a
00000007dd9b
00000007dd9c
00000007de4b
00000007de4c
00000007de4d
00000007defd
00000007defe
00000007deff
00000007dfae
00000007dfaf
00000007dfb0
00000007e060
00000007e061
00000007e062
00000007e111
00000007e112
00000007e113
00000007e1c2
00000007e1c3
00000007e1c4
00000007e274
00000007e275
00000007e276
00000007e325
00000007e326
00000007e327
00000007e3d7
00000007e3d8
00000007e3d9
00000007e488
00000007e489
00000007e48a
00000007e53a
00000007e53b
00000007e53c
00000007e5eb
00000007e5ec
00000007e5ed
00000007e69d
00000007e69e
00000007e69f
00000007e74e
00000007e74f
00000007e750
00000007e7ff
00000007e800
00000007e801
00000007e8b1
00000007e8b2
00000007e8b3
00000007e962
00000007e963
00000007e964
00000007ea14
00000007ea15
00000007ea16
00000007eac5
00000007eac6
00000007eac7
00000007eb77
00000007eb78
00000007eb79
00000007ec28
00000007ec29
00000007ec2a
00000007ecda
00000007ecdb
00000007ecdc
00000007ed8b
00000007ed8c
00000007ed8d
00000007eda9
00000007ee3c
00000007ee3d
00000007ee3e
00000007eeee
00000007eeef
00000007eef0
00000007ef9f
00000007efa0
00000007efa1
00000007f051
00000007f052
00000007f053
00000007f102
00000007f103
00000007f104
00000007f1b4
00000007f1b5
00000007f1b6
00000007f265
00000007f266
00000007f267
00000007f317
00000007f318
00000007f319
00000007f3c8
00000007f3c9
00000007f3ca
00000007f479
00000007f47a
00000007f47b
00000007f52b
00000007f52c
00000007f52d
00000007f5dc
00000007f5dd
00000007f5de
00000007f68e
00000007f68f
00000007f690
00000007f73f
00000007f740
00000007f741
00000007f7f1
00000007f7f2
00000007f7f3
00000007f8a2
00000007f8a3
00000007f8a4
00000007f954
00000007f955
00000007f956
00000007fa05
00000007fa06
00000007fa07
00000007fab6
00000007fab7
00000007fab8
00000007fb68
00000007fb69
00000007fb6a
00000007fc19
00000007fc1a
00000007fc1b
00000007fccb
00000007fccc
00000007fccd
00000007fd7c
00000007fd7d
00000007fd7e
00000007fe2e
00000007fe2f
00000007fe30
00000007fedf
00000007fee0
00000007fee1
00000007ff91
00000007ff92
00000007ff93
000000080042
000000080043
000000080044
00000008007b
0000000800f3
0000000800f4
0000000800f5
0000000801a5
0000000801a6
0000000801a7
000000080256
000000080257
000000080258
000000080308
000000080309
00000008030a
0000000803b9
0000000803ba
0000000803bb
00000008046b
00000008046c
00000008046d
00000008051c
00000008051d
00000008051e
0000000805ce
0000000805cf
0000000805d0
00000008067f
000000080680
000000080681
000000080731
000000080732
000000080733
0000000807e2
0000000807e3
0000000807e4
000000080893
000000080894
000000080895
000000080945
000000080946
000000080947
0000000809f6
0000000809f7
0000000809f8
000000080aa8
000000080aa9
000000080aaa
000000080b59
000000080b5a
000000080b5b
000000080bde
000000080c0b
000000080c0c
000000080c0d
000000080cbc
000000080cbd
000000080cbe
000000080d6e
000000080d6f
000000080d70
000000080e1f
000000080e20
000000080e21
000000080e71
000000080ed0
000000080ed1
000000080ed2
000000080f82
000000080f83
000000080f84
000000081033
000000081034
000000081035
0000000810e5
0000000810e6
0000000810e7
000000081196
000000081197
000000081198
000000081248
000000081249
00000008124a
0000000812f9
0000000812fa
0000000812fb
0000000813ab
0000000813ac
0000000813ad
0000000813f2
00000008145c
00000008145d
00000008145e
00000008150d
00000008150e
00000008150f
0000000815bf
0000000815c0
0000000815c1
000000081670
000000081671
000000081672
000000081722
000000081723
000000081724
0000000817d3
0000000817d4
0000000817d5
000000081885
000000081886
000000081887
0000000818ae
00000008191f
000000081936
000000081937
000000081938
0000000819e8
0000000819e9
0000000819ea
000000081a99
000000081a9a
000000081a9b
000000081b4a
000000081b4b
000000081b4c
000000081bfc
000000081bfd
000000081bfe
000000081cad
000000081cae
000000081caf
000000081d5f
000000081d60
000000081d61
000000081e10
000000081e11
000000081e12
000000081ec2
000000081ec3
000000081ec4
000000081f73
000000081f74
000000081f75
000000082025
000000082026
000000082027
0000000820d6
0000000820d7
0000000820d8
000000082187
000000082188
000000082189
000000082239
00000008223a
00000008223b
0000000822ea
0000000822eb
0000000822ec
00000008239c
00000008239d
00000008239e
00000008244d
00000008244e
00000008244f
0000000824ff
000000082500
000000082501
0000000825b0
0000000825b1
0000000825b2
000000082662
000000082663
000000082664
000000082713
000000082714
000000082715
0000000827c4
0000000827c5
0000000827c6
000000082876
000000082877
000000082878
000000082927
000000082928
000000082929
0000000829d9
0000000829da
0000000829db
000000082a8a
000000082a8b
000000082a8c
000000082b3c
000000082b3d
000000082b3e
000000082bed
000000082bee
000000082bef
000000082c9f
000000082ca0
000000082ca1
000000082d50
000000082d51
000000082d52
000000082dfe
000000082e02
000000082e03
000000082e04
000000082eb3
000000082eb4
000000082eb5
000000082f64
000000082f65
000000082f66
000000083016
000000083017
000000083018
0000000830c7
0000000830c8
0000000830c9
000000083179
00000008317a
00000008317b
00000008322a
00000008322b
00000008322c
0000000832dc
0000000832dd
0000000832de
00000008338d
00000008338e
00000008338f
00000008343f
000000083440
000000083441
0000000834f0
0000000834f1
0000000834f2
0000000835a1
0000000835a2
0000000835a3
000000083653
000000083654
000000083655
000000083704
000000083705
000000083706
0000000837b6
0000000837b7
0000000837b8
000000083867
000000083868
000000083869
000000083919
00000008391a
00000008391b
000000083985
0000000839ca
0000000839cb
0000000839cc
000000083a7c
000000083a7d
000000083a7e
000000083a9a
000000083b2d
000000083b2e
000000083b2f
000000083bde
000000083bdf
000000083be0
000000083c90
000000083c91
000000083c92
000000083d41
000000083d42
000000083d43
000000083df3
000000083df4
000000083df5
000000083ea4
000000083ea5
000000083ea6
000000083f56
000000083f57
000000083f58
000000084007
000000084008
000000084009
0000000840b9
0000000840ba
0000000840bb
00000008416a
00000008416b
00000008416c
00000008421b
00000008421c
00000008421d
0000000842cd
0000000842ce
0000000842cf
00000008437e
00000008437f
000000084380
000000084430
000000084431
000000084432
0000000844e1
0000000844e2
0000000844e3
000000084593
000000084594
000000084595
000000084644
000000084645
000000084646
0000000846f6
0000000846f7
0000000846f8
0000000847a7
0000000847a8
0000000847a9
000000084858
000000084859
00000008485a
00000008490a
00000008490b
00000008490c
0000000849bb
0000000849bc
0000000849bd
000000084a6d
000000084a6e
000000084a6f
000000084b1e
000000084b1f
000000084b20
000000084bd0
000000084bd1
000000084bd2
000000084c81
000000084c82
000000084c83
000000084d33
000000084d34
000000084d35
000000084de4
000000084de5
000000084de6
000000084e96
000000084e97
000000084e98
000000084f47
000000084f48
000000084f49
000000084ff8
000000084ff9
000000084ffa
0000000850aa
0000000850ab
0000000850ac
00000008515b
00000008515c
00000008515d
00000008520d
00000008520e
00000008520f
0000000852be
0000000852bf
0000000852c0
000000085370
000000085371
000000085372
000000085421
000000085422
000000085423
0000000854d3
0000000854d4
0000000854d5
000000085584
000000085585
000000085586
000000085635
000000085636
000000085637
0000000856e7
0000000856e8
0000000856e9
000000085798
000000085799
00000008579a
00000008584a
00000008584b
00000008584c
0000000858fb
0000000858fc
0000000858fd
0000000859ad
0000000859ae
0000000859af
000000085a5e
000000085a5f
000000085a60
000000085b10
000000085b11
000000085b12
000000085bc1
000000085bc2
000000085bc3
000000085c72
000000085c73
000000085c74
000000085d24
000000085d25
000000085d26
000000085dd5
000000085dd6
000000085dd7
000000085dfd
000000085e87
000000085e88
000000085e89
000000085f38
000000085f39
000000085f3a
000000085fea
000000085feb
000000085fec
00000008609b
00000008609c
00000008609d
00000008614d
00000008614e
00000008614f
0000000861fe
0000000861ff
000000086200
0000000862af
0000000862b0
0000000862b1
0000000862d3
000000086361
000000086362
000000086363
000000086412
000000086413
000000086414
0000000864c4
0000000864c5
0000000864c6
000000086575
000000086576
000000086577
000000086627
000000086628
000000086629
0000000866d8
0000000866d9
0000000866da
00000008678a
00000008678b
00000008678c
00000008683b
00000008683c
00000008683d
0000000868ec
0000000868ed
0000000868ee
00000008699e
00000008699f
0000000869a0
000000086a4f
000000086a50
000000086a51
000000086b01
000000086b02
000000086b03
000000086bb2
000000086bb3
000000086bb4
000000086c3c
000000086c64
000000086c65
000000086c66
000000086d15
000000086d16
000000086d17
000000086dc7
000000086dc8
000000086dc9
000000086e78
000000086e79
000000086e7a
000000086f29
000000086f2a
000000086f2b
000000086fdb
000000086fdc
000000086fdd
00000008708c
00000008708d
00000008708e
00000008713e
00000008713f
000000087140
0000000871ef
0000000871f0
0000000871f1
0000000872a1
0000000872a2
0000000872a3
000000087352
000000087353
000000087354
000000087404
000000087405
000000087406
0000000874b5
0000000874b6
0000000874b7
000000087567
000000087568
000000087569
000000087618
000000087619
00000008761a
0000000876c9
0000000876ca
0000000876cb
00000008777b
00000008777c
00000008777d
00000008782c
00000008782d
00000008782e
0000000878de
0000000878df
0000000878e0
00000008798f
000000087990
000000087991
000000087a41
000000087a42
000000087a43
000000087af2
000000087af3
000000087af4
000000087ba4
000000087ba5
000000087ba6
000000087c55
000000087c56
000000087c57
000000087d06
000000087d07
000000087d08
000000087db8
000000087db9
000000087dba
000000087e69
000000087e6a
000000087e6b
000000087f1b
000000087f1c
000000087f1d
000000087fcc
000000087fcd
000000087fce
000000087fd0
00000008807e
00000008807f
000000088080
00000008812f
000000088130
000000088131
0000000881e1
0000000881e2
0000000881e3
000000088292
000000088293
000000088294
000000088336
000000088343
000000088344
000000088345
0000000883f5
0000000883f6
0000000883f7
0000000884a6
0000000884a7
0000000884a8
000000088558
000000088559
00000008855a
000000088609
00000008860a
00000008860b
000000088695
0000000886bb
0000000886bc
0000000886bd
00000008876c
00000008876d
00000008876e
00000008881e
00000008881f
000000088820
0000000888cf
0000000888d0
0000000888d1
000000088980
000000088981
000000088982
000000088a32
000000088a33
000000088a34
000000088a81
000000088ae3
000000088ae4
000000088ae5
000000088b95
000000088b96
000000088b97
000000088c46
000000088c47
000000088c48
000000088cf8
000000088cf9
000000088cfa
000000088da9
000000088daa
000000088dab
000000088e5b
000000088e5c
000000088e5d
000000088f0c
000000088f0d
000000088f0e
000000088fbd
000000088fbe
000000088fbf
00000008906f
000000089070
000000089071
000000089120
000000089121
000000089122
0000000891d2
0000000891d3
0000000891d4
000000089283
000000089284
000000089285
000000089335
000000089336
000000089337
0000000893e6
0000000893e7
0000000893e8
000000089498
000000089499
00000008949a
000000089549
00000008954a
00000008954b
0000000895fa
0000000895fb
0000000895fc
0000000896ac
0000000896ad
0000000896ae
00000008975d
00000008975e
00000008975f
00000008980f
000000089810
000000089811
0000000898c0
0000000898c1
0000000898c2
000000089972
000000089973
000000089974
000000089a23
000000089a24
000000089a25
000000089ac9
000000089ad5
000000089ad6
000000089ad7
000000089b86
000000089b87
000000089b88
000000089c38
000000089c39
000000089c3a
000000089ce9
000000089cea
000000089ceb
000000089d9a
000000089d9b
000000089d9c
000000089e4c
000000089e4d
000000089e4e
000000089efd
000000089efe
000000089eff
000000089faf
000000089fb0
000000089fb1
00000008a060
00000008a061
00000008a062
00000008a112
00000008a113
00000008a114
00000008a1c3
00000008a1c4
00000008a1c5
00000008a275
00000008a276
00000008a277
00000008a326
00000008a327
00000008a328
00000008a3d7
00000008a3d8
00000008a3d9
00000008a409
00000008a489
00000008a48a
00000008a48b
00000008a53a
00000008a53b
00000008a53c
00000008a5ec
00000008a5ed
00000008a5ee
00000008a69d
00000008a69e
00000008a69f
00000008a74f
00000008a750
00000008a751
00000008a800
00000008a801
00000008a802
00000008a8b2
00000008a8b3
00000008a8b4
00000008a963
00000008a964
00000008a965
00000008aa14
00000008aa15
00000008aa16
00000008aac6
00000008aac7
00000008aac8
00000008ab77
00000008ab78
00000008ab79
00000008abe4
00000008ac29
00000008ac2a
00000008ac2b
00000008acda
00000008acdb
00000008acdc
00000008ad8c
00000008ad8d
00000008ad8e
00000008ae3d
00000008ae3e
00000008ae3f
00000008aeef
00000008aef0
00000008aef1
00000008afa0
00000008afa1
00000008afa2
00000008b051
00000008b052
00000008b053
00000008b103
00000008b104
00000008b105
00000008b1b4
00000008b1b5
00000008b1b6
00000008b266
00000008b267
00000008b268
00000008b317
00000008b318
00000008b319
00000008b3c9
00000008b3ca
00000008b3cb
00000008b47a
00000008b47b
00000008b47c
00000008b4ff
00000008b52c
00000008b52d
00000008b52e
00000008b5dd
00000008b5de
00000008b5df
00000008b68e
00000008b68f
00000008b690
00000008b740
00000008b741
00000008b742
00000008b7f1
00000008b7f2
00000008b7f3
00000008b8a3
00000008b8a4
00000008b8a5
00000008b954
00000008b955
00000008b956
00000008ba06
00000008ba07
00000008ba08
00000008bab7
00000008bab8
00000008bab9
00000008bb69
00000008bb6a
00000008bb6b
00000008bc1a
00000008bc1b
00000008bc1c
00000008bccc
00000008bccd
00000008bcce
00000008bd7d
00000008bd7e
00000008bd7f
00000008be2e
00000008be2f
00000008be30
00000008bee0
00000008bee1
00000008bee2
00000008bf91
00000008bf92
00000008bf93
00000008c043
00000008c044
00000008c045
00000008c0f4
00000008c0f5
00000008c0f6
00000008c1a6
00000008c1a7
00000008c1a8
00000008c257
00000008c258
00000008c259
00000008c309
00000008c30a
00000008c30b
00000008c3ba
00000008c3bb
00000008c3bc
00000008c46b
00000008c46c
00000008c46d
00000008c51d
00000008c51e
00000008c51f
00000008c5ce
00000008c5cf
00000008c5d0
00000008c5e8
00000008c680
00000008c681
00000008c682
00000008c731
00000008c732
00000008c733
00000008c7e3
00000008c7e4
00000008c7e5
00000008c894
00000008c895
00000008c896
00000008c946
00000008c947
00000008c948
00000008c9f7
00000008c9f8
00000008c9f9
00000008caa8
00000008caa9
00000008caaa
00000008cb5a
00000008cb5b
00000008cb5c
00000008cc0b
00000008cc0c
00000008cc0d
00000008ccbd
00000008ccbe
00000008ccbf
00000008cd6e
00000008cd6f
00000008cd70
00000008ce20
00000008ce21
00000008ce22
00000008ced1
00000008ced2
00000008ced3
00000008cf83
00000008cf84
00000008cf85
00000008d034
00000008d035
00000008d036
00000008d0e5
00000008d0e6
00000008d0e7
00000008d197
00000008d198
00000008d199
00000008d248
00000008d249
00000008d24a
00000008d2fa
00000008d2fb
00000008d2fc
00000008d344
00000008d3ab
00000008d3ac
00000008d3ad
00000008d45d
00000008d45e
00000008d45f
00000008d50e
00000008d50f
00000008d510
00000008d5c0
00000008d5c1
00000008d5c2
00000008d671
00000008d672
00000008d673
00000008d722
00000008d723
00000008d724
00000008d7d4
00000008d7d5
00000008d7d6
00000008d885
00000008d886
00000008d887
00000008d937
00000008d938
00000008d939
00000008d9e8
00000008d9e9
00000008d9ea
00000008da9a
00000008da9b
00000008da9c
00000008db4b
00000008db4c
00000008db4d
00000008dbfd
00000008dbfe
00000008dbff
00000008dcae
00000008dcaf
00000008dcb0
00000008dd5f
00000008dd60
00000008dd61
00000008de11
00000008de12
00000008de13
00000008dec2
00000008dec3
00000008dec4
00000008df74
00000008df75
00000008df76
00000008df98
00000008e025
00000008e026
00000008e027
00000008e0d7
00000008e0d8
00000008e0d9
00000008e188
00000008e189
00000008e18a
00000008e23a
00000008e23b
00000008e23c
00000008e2eb
00000008e2ec
00000008e2ed
00000008e39d
00000008e39e
00000008e39f
00000008e44e
00000008e44f
00000008e450
00000008e4ff
00000008e500
00000008e501
00000008e5b1
00000008e5b2
00000008e5b3
00000008e662
00000008e663
00000008e664
00000008e714
00000008e715
00000008e716
00000008e7c5
00000008e7c6
00000008e7c7
00000008e877
00000008e878
00000008e879
00000008e928
00000008e929
00000008e92a
00000008e9da
00000008e9db
00000008e9dc
00000008ea8b
00000008ea8c
00000008ea8d
00000008eaab
00000008eb3c
00000008eb3d
00000008eb3e
00000008ebee
00000008ebef
00000008ebf0
00000008ec9f
00000008eca0
00000008eca1
00000008ed51
00000008ed52
00000008ed53
00000008ee02
00000008ee03
00000008ee04
00000008eeb4
00000008eeb5
00000008eeb6
00000008ef65
00000008ef66
00000008ef67
00000008f017
00000008f018
00000008f019
00000008f0c8
00000008f0c9
00000008f0ca
00000008f179
00000008f17a
00000008f17b
00000008f22b
00000008f22c
00000008f22d
00000008f2dc
00000008f2dd
00000008f2de
00000008f38e
00000008f38f
00000008f390
00000008f436
00000008f43f
00000008f440
00000008f441
00000008f4f1
00000008f4f2
00000008f4f3
00000008f5a2
00000008f5a3
00000008f5a4
00000008f654
00000008f655
00000008f656
00000008f705
00000008f706
00000008f707
00000008f7b6
00000008f7b7
00000008f7b8
00000008f868
00000008f869
00000008f86a
00000008f8e0
00000008f919
00000008f91a
00000008f91b
00000008f9cb
00000008f9cc
00000008f9cd
00000008fa7c
00000008fa7d
00000008fa7e
00000008fb2e
00000008fb2f
00000008fb30
00000008fbdf
00000008fbe0
00000008fbe1
00000008fc91
00000008fc92
00000008fc93
00000008fd42
00000008fd43
00000008fd44
00000008fdf3
00000008fdf4
00000008fdf5
00000008fea5
00000008fea6
00000008fea7
00000008ff56
00000008ff57
00000008ff58
000000090008
000000090009
00000009000a
0000000900b9
0000000900ba
0000000900bb
00000009016b
00000009016c
00000009016d
00000009021c
00000009021d
00000009021e
0000000902ce
0000000902cf
0000000902d0
00000009037f
000000090380
000000090381
000000090430
000000090431
000000090432
0000000904e2
0000000904e3
0000000904e4
000000090593
000000090594
000000090595
000000090645
000000090646
000000090647
0000000906f6
0000000906f7
0000000906f8
0000000907a8
0000000907a9
0000000907aa
000000090859
00000009085a
00000009085b
00000009090b
00000009090c
00000009090d
0000000909bc
0000000909bd
0000000909be
000000090a6e
000000090a6f
000000090a70
000000090b1f
000000090b20
000000090b21
000000090bd0
000000090bd1
000000090bd2
000000090c0a
000000090c82
000000090c83
000000090c84
000000090caa
000000090cd5
000000090d33
000000090d34
000000090d35
000000090de5
000000090de6
000000090de7
000000090e96
000000090e97
000000090e98
000000090f48
000000090f49
000000090f4a
000000090ff9
000000090ffa
000000090ffb
0000000910ab
0000000910ac
0000000910ad
00000009115c
00000009115d
00000009115e
00000009120d
00000009120e
00000009120f
0000000912bf
0000000912c0
0000000912c1
000000091370
000000091371
000000091372
000000091409
000000091422
000000091423
000000091424
0000000914d3
0000000914d4
0000000914d5
000000091585
000000091586
000000091587
000000091636
000000091637
000000091638
0000000916e8
0000000916e9
0000000916ea
000000091799
00000009179a
00000009179b
00000009184a
00000009184b
00000009184c
0000000918fc
0000000918fd
0000000918fe
0000000919ad
0000000919ae
0000000919af
000000091a5f
000000091a60
000000091a61
000000091b10
000000091b11
000000091b12
000000091bc2
000000091bc3
000000091bc4
000000091c73
000000091c74
000000091c75
000000091d25
000000091d26
000000091d27
000000091dd6
000000091dd7
000000091dd8
000000091e87
000000091e88
000000091e89
000000091f39
000000091f3a
000000091f3b
000000091fac
000000091fea
000000091feb
000000091fec
00000009209c
00000009209d
00000009209e
00000009214d
00000009214e
00000009214f
0000000921dc
0000000921ff
000000092200
000000092201
0000000922b0
0000000922b1
0000000922b2
000000092362
000000092363
000000092364
000000092413
000000092414
000000092415
0000000924c4
0000000924c5
0000000924c6
000000092576
000000092577
000000092578
000000092627
000000092628
000000092629
0000000926d9
0000000926da
0000000926db
00000009278a
00000009278b
00000009278c
00000009283c
00000009283d
00000009283e
0000000928ed
0000000928ee
0000000928ef
00000009299f
0000000929a0
0000000929a1
000000092a50
000000092a51
000000092a52
000000092b02
000000092b03
000000092b04
000000092bb3
000000092bb4
000000092bb5
000000092c64
000000092c65
000000092c66
000000092d16
000000092d17
000000092d18
000000092dc7
000000092dc8
000000092dc9
000000092e79
000000092e7a
000000092e7b
000000092f2a
000000092f2b
000000092f2c
000000092fdc
000000092fdd
000000092fde
00000009308d
00000009308e
00000009308f
00000009313f
000000093140
000000093141
0000000931f0
0000000931f1
0000000931f2
0000000932a1
0000000932a2
0000000932a3
000000093353
000000093354
000000093355
000000093404
000000093405
000000093406
0000000934b6
0000000934b7
0000000934b8
000000093567
000000093568
000000093569
000000093619
00000009361a
00000009361b
0000000936ca
0000000936cb
0000000936cc
00000009377c
00000009377d
00000009377e
00000009382d
00000009382e
00000009382f
0000000938de
0000000938df
0000000938e0
000000093990
000000093991
000000093992
000000093a41
000000093a42
000000093a43
000000093af3
000000093af4
000000093af5
000000093ba4
000000093ba5
000000093ba6
000000093c56
000000093c57
000000093c58
000000093d07
000000093d08
000000093d09
000000093db9
000000093dba
000000093dbb
000000093e6a
000000093e6b
000000093e6c
000000093f1b
000000093f1c
000000093f1d
000000093fcd
000000093fce
000000093fcf
00000009407e
00000009407f
000000094080
000000094130
000000094131
000000094132
0000000941e1
0000000941e2
0000000941e3
000000094293
000000094294
000000094295
000000094344
000000094345
000000094346
0000000943f6
0000000943f7
0000000943f8
0000000944a7
0000000944a8
0000000944a9
000000094558
000000094559
00000009455a
00000009460a
00000009460b
00000009460c
000000094675
0000000946bb
0000000946bc
0000000946bd
00000009476d
00000009476e
00000009476f
00000009481e
00000009481f
000000094820
0000000948d0
0000000948d1
0000000948d2
000000094981
000000094982
000000094983
000000094a33
000000094a34
000000094a35
000000094ae4
000000094ae5
000000094ae6
000000094b95
000000094b96
000000094b97
000000094c47
000000094c48
000000094c49
000000094cf8
000000094cf9
000000094cfa
000000094daa
000000094dab
000000094dac
000000094e5b
000000094e5c
000000094e5d
000000094f0d
000000094f0e
000000094f0f
000000094fbe
000000094fbf
000000094fc0
000000095070
000000095071
000000095072
000000095121
000000095122
000000095123
0000000951d3
0000000951d4
0000000951d5
000000095284
000000095285
000000095286
000000095335
000000095336
000000095337
0000000953e7
0000000953e8
0000000953e9
000000095498
000000095499
00000009549a
00000009554a
00000009554b
00000009554c
0000000955fb
0000000955fc
0000000955fd
0000000956ad
0000000956ae
0000000956af
0000000956ce
00000009575e
00000009575f
000000095760
000000095810
000000095811
000000095812
0000000958c1
0000000958c2
0000000958c3
000000095972
000000095973
000000095974
000000095a24
000000095a25
000000095a26
000000095ad5
000000095ad6
000000095ad7
000000095b87
000000095b88
000000095b89
000000095c38
000000095c39
000000095c3a
000000095cea
000000095ceb
000000095cec
000000095d9b
000000095d9c
000000095d9d
000000095e4d
000000095e4e
000000095e4f
000000095efe
000000095eff
000000095f00
000000095faf
000000095fb0
000000095fb1
000000096061
000000096062
000000096063
000000096112
000000096113
000000096114
0000000961c4
0000000961c5
0000000961c6
000000096275
000000096276
000000096277
000000096327
000000096328
000000096329
0000000963d8
0000000963d9
0000000963da
00000009648a
00000009648b
00000009648c
00000009653b
00000009653c
00000009653d
0000000965ec
0000000965ed
0000000965ee
00000009669e
00000009669f
0000000966a0
00000009674f
000000096750
000000096751
000000096801
000000096802
000000096803
0000000968b2
0000000968b3
0000000968b4
000000096964
000000096965
000000096966
000000096a15
000000096a16
000000096a17
000000096ac7
000000096ac8
000000096ac9
000000096b78
000000096b79
000000096b7a
000000096c29
000000096c2a
000000096c2b
000000096cdb
000000096cdc
000000096cdd
000000096d8c
000000096d8d
000000096d8e
000000096e3e
000000096e3f
000000096e40
000000096eef
000000096ef0
000000096ef1
000000096fa1
000000096fa2
000000096fa3
000000097052
000000097053
000000097054
000000097104
000000097105
000000097106
0000000971b5
0000000971b6
0000000971b7
000000097266
000000097267
000000097268
000000097318
000000097319
00000009731a
0000000973c9
0000000973ca
0000000973cb
00000009747b
00000009747c
00000009747d
00000009752c
00000009752d
00000009752e
0000000975de
0000000975df
0000000975e0
00000009768f
000000097690
000000097691
000000097741
000000097742
000000097743
0000000977f2
0000000977f3
0000000977f4
0000000978a4
0000000978a5
0000000978a6
000000097955
000000097956
000000097957
000000097a06
000000097a07
000000097a08
000000097ab8
000000097ab9
000000097aba
000000097b69
000000097b6a
000000097b6b
000000097c1b
000000097c1c
000000097c1d
000000097ccc
000000097ccd
000000097cce
000000097d7e
000000097d7f
000000097d80
000000097e2f
000000097e30
000000097e31
000000097ee1
000000097ee2
000000097ee3
000000097f92
000000097f93
000000097f94
000000098043
000000098044
000000098045
0000000980f5
0000000980f6
0000000980f7
0000000981a6
0000000981a7
0000000981a8
000000098258
000000098259
00000009825a
000000098309
00000009830a
00000009830b
0000000983bb
0000000983bc
0000000983bd
00000009846c
00000009846d
00000009846e
00000009851e
00000009851f
000000098520
0000000985cf
0000000985d0
0000000985d1
000000098680
000000098681
000000098682
000000098732
000000098733
000000098734
0000000987e3
0000000987e4
0000000987e5
000000098895
000000098896
000000098897
000000098946
000000098947
000000098948
0000000989f8
0000000989f9
0000000989fa
000000098aa9
000000098aaa
000000098aab
000000098b5b
000000098b5c
000000098b5d
000000098c0c
000000098c0d
000000098c0e
000000098cbd
000000098cbe
000000098cbf
000000098d6f
000000098d70
000000098d71
000000098e20
000000098e21
000000098e22
000000098ed2
000000098ed3
000000098ed4
000000098f83
000000098f84
000000098f85
000000099035
000000099036
000000099037
00000009905a
0000000990e6
0000000990e7
0000000990e8
000000099198
000000099199
00000009919a
000000099249
00000009924a
00000009924b
0000000992fa
0000000992fb
0000000992fc
0000000993ac
0000000993ad
0000000993ae
00000009945d
00000009945e
00000009945f
00000009950f
000000099510
000000099511
0000000995c0
0000000995c1
0000000995c2
000000099672
000000099673
000000099674
000000099723
000000099724
000000099725
0000000997d5
0000000997d6
0000000997d7
000000099886
000000099887
000000099888
000000099938
000000099939
00000009993a
0000000999e9
0000000999ea
0000000999eb
000000099a9a
000000099a9b
000000099a9c
000000099b4c
000000099b4d
000000099b4e
000000099bfd
000000099bfe
000000099bff
000000099caf
000000099cb0
000000099cb1
000000099d60
000000099d61
000000099d62
000000099e12
000000099e13
000000099e14
000000099ec3
000000099ec4
000000099ec5
000000099f75
000000099f76
000000099f77
00000009a026
00000009a027
00000009a028
00000009a0d7
00000009a0d8
00000009a0d9
00000009a189
00000009a18a
00000009a18b
00000009a23a
00000009a23b
00000009a23c
00000009a2ae
00000009a2ec
00000009a2ed
00000009a2ee
00000009a39d
00000009a39e
00000009a39f
00000009a44f
00000009a450
00000009a451
00000009a500
00000009a501
00000009a502
00000009a5b2
00000009a5b3
00000009a5b4
00000009a663
00000009a664
00000009a665
00000009a714
00000009a715
00000009a716
00000009a7c6
00000009a7c7
00000009a7c8
00000009a877
00000009a878
00000009a879
00000009a929
00000009a92a
00000009a92b
00000009a9da
00000009a9db
00000009a9dc
00000009aa8c
00000009aa8d
00000009aa8e
00000009ab3d
00000009ab3e
00000009ab3f
00000009abef
00000009abf0
00000009abf1
00000009aca0
00000009aca1
00000009aca2
00000009ad51
00000009ad52
00000009ad53
00000009ae03
00000009ae04
00000009ae05
00000009aeb4
00000009aeb5
00000009aeb6
00000009af66
00000009af67
00000009af68
00000009b017
00000009b018
00000009b019
00000009b0c9
00000009b0ca
00000009b0cb
00000009b17a
00000009b17b
00000009b17c
00000009b22c
00000009b22d
00000009b22e
00000009b2dd
00000009b2de
00000009b2df
00000009b38e
00000009b38f
00000009b390
00000009b440
00000009b441
00000009b442
00000009b4f1
00000009b4f2
00000009b4f3
00000009b5a3
00000009b5a4
00000009b5a5
00000009b654
00000009b655
00000009b656
00000009b706
00000009b707
00000009b708
00000009b7b7
00000009b7b8
00000009b7b9
00000009b869
00000009b86a
00000009b86b
00000009b91a
00000009b91b
00000009b91c
00000009b9cb
00000009b9cc
00000009b9cd
00000009ba7d
00000009ba7e
00000009ba7f
00000009bb2e
00000009bb2f
00000009bb30
00000009bbe0
00000009bbe1
00000009bbe2
00000009bc91
00000009bc92
00000009bc93
00000009bd43
00000009bd44
00000009bd45
00000009bdf4
00000009bdf5
00000009bdf6
00000009bea6
00000009bea7
00000009bea8
00000009bf57
00000009bf58
00000009bf59
00000009c009
00000009c00a
00000009c00b
00000009c0ba
00000009c0bb
00000009c0bc
00000009c16b
00000009c16c
00000009c16d
00000009c21d
00000009c21e
00000009c21f
00000009c2ce
00000009c2cf
00000009c2d0
00000009c380
00000009c381
00000009c382
00000009c431
00000009c432
00000009c433
00000009c4e3
00000009c4e4
00000009c4e5
00000009c594
00000009c595
00000009c596
00000009c646
00000009c647
00000009c648
00000009c6f7
00000009c6f8
00000009c6f9
00000009c7a8
00000009c7a9
00000009c7aa
00000009c85a
00000009c85b
00000009c85c
00000009c90b
00000009c90c
00000009c90d
00000009c9bd
00000009c9be
00000009c9bf
00000009ca6e
00000009ca6f
00000009ca70
00000009cb20
00000009cb21
00000009cb22
00000009cbd1
00000009cbd2
00000009cbd3
00000009cc83
00000009cc84
00000009cc85
00000009cd34
00000009cd35
00000009cd36
00000009cde5
00000009cde6
00000009cde7
00000009ce97
00000009ce98
00000009ce99
00000009cf48
00000009cf49
00000009cf4a
00000009cffa
00000009cffb
00000009cffc
00000009d0ab
00000009d0ac
00000009d0ad
00000009d15d
00000009d15e
00000009d15f
00000009d20e
00000009d20f
00000009d210
00000009d2c0
00000009d2c1
00000009d2c2
00000009d371
00000009d372
00000009d373
00000009d422
00000009d423
00000009d424
00000009d4d4
00000009d4d5
00000009d4d6
00000009d585
00000009d586
00000009d587
00000009d637
00000009d638
00000009d639
00000009d6e8
00000009d6e9
00000009d6ea
00000009d6f0
00000009d79a
00000009d79b
00000009d79c
00000009d84b
00000009d84c
00000009d84d
00000009d8fd
00000009d8fe
00000009d8ff
00000009d983
00000009d9ae
00000009d9af
00000009d9b0
00000009da5f
00000009da60
00000009da61
00000009db11
00000009db12
00000009db13
00000009dbc2
00000009dbc3
00000009dbc4
00000009dc74
00000009dc75
00000009dc76
00000009dd25
00000009dd26
00000009dd27
00000009ddd7
00000009ddd8
00000009ddd9
00000009de0c
00000009de88
00000009de89
00000009de8a
00000009df3a
00000009df3b
00000009df3c
00000009dfeb
00000009dfec
00000009dfed
00000009e09c
00000009e09d
00000009e09e
00000009e14e
00000009e14f
00000009e150
00000009e1ff
00000009e200
00000009e201
00000009e2b1
00000009e2b2
00000009e2b3
00000009e362
00000009e363
00000009e364
00000009e414
00000009e415
00000009e416
00000009e4c5
00000009e4c6
00000009e4c7
00000009e577
00000009e578
00000009e579
00000009e628
00000009e629
00000009e62a
00000009e6da
00000009e6db
00000009e6dc
00000009e78b
00000009e78c
00000009e78d
00000009e83c
00000009e83d
00000009e83e
00000009e8ee
00000009e8ef
00000009e8f0
00000009e99f
00000009e9a0
00000009e9a1
00000009ea51
00000009ea52
00000009ea53
00000009eb02
00000009eb03
00000009eb04
00000009ebb4
00000009ebb5
00000009ebb6
00000009ec65
00000009ec66
00000009ec67
00000009ed17
00000009ed18
00000009ed19
00000009edc8
00000009edc9
00000009edca
00000009ee79
00000009ee7a
00000009ee7b
00000009ef2b
00000009ef2c
00000009ef2d
00000009efdc
00000009efdd
00000009efde
00000009f08e
00000009f08f
00000009f090
00000009f13f
00000009f140
00000009f141
00000009f1f1
00000009f1f2
00000009f1f3
00000009f2a2
00000009f2a3
00000009f2a4
00000009f354
00000009f355
00000009f356
00000009f405
00000009f406
00000009f407
00000009f4b6
00000009f4b7
00000009f4b8
00000009f568
00000009f569
00000009f56a
00000009f56f
00000009f619
00000009f61a
00000009f61b
00000009f68a
00000009f6cb
00000009f6cc
00000009f6cd
00000009f77c
00000009f77d
00000009f77e
00000009f82e
00000009f82f
00000009f830
00000009f8df
00000009f8e0
00000009f8e1
00000009f991
00000009f992
00000009f993
00000009fa42
00000009fa43
00000009fa44
00000009faf3
00000009faf4
00000009faf5
00000009fba5
00000009fba6
00000009fba7
00000009fc03
00000009fc56
00000009fc57
00000009fc58
00000009fd08
00000009fd09
00000009fd0a
00000009fdb9
00000009fdba
00000009fdbb
00000009fe6b
00000009fe6c
00000009fe6d
00000009ff1c
00000009ff1d
00000009ff1e
00000009ffce
00000009ffcf
00000009ffd0
0000000a007f
0000000a0080
0000000a0081
0000000a0130
0000000a0131
0000000a0132
0000000a01e2
0000000a01e3
0000000a01e4
0000000a0293
0000000a0294
0000000a0295
0000000a0345
0000000a0346
0000000a0347
0000000a03f6
0000000a03f7
0000000a03f8
0000000a04a8
0000000a04a9
0000000a04aa
0000000a04f8
0000000a0559
0000000a055a
0000000a055b
0000000a060b
0000000a060c
0000000a060d
0000000a06bc
0000000a06bd
0000000a06be
0000000a076e
0000000a076f
0000000a0770
0000000a081f
0000000a0820
0000000a0821
0000000a08d0
0000000a08d1
0000000a08d2
0000000a0982
0000000a0983
0000000a0984
0000000a0a33
0000000a0a34
0000000a0a35
0000000a0ae5
0000000a0ae6
0000000a0ae7
0000000a0b96
0000000a0b97
0000000a0b98
0000000a0c48
0000000a0c49
0000000a0c4a
0000000a0cf9
0000000a0cfa
0000000a0cfb
0000000a0dab
0000000a0dac
0000000a0dad
0000000a0e5c
0000000a0e5d
0000000a0e5e
0000000a0f0d
0000000a0f0e
0000000a0f0f
0000000a0fbf
0000000a0fc0
0000000a0fc1
0000000a1070
0000000a1071
0000000a1072
0000000a1122
0000000a1123
0000000a1124
0000000a11d3
0000000a11d4
0000000a11d5
0000000a1285
0000000a1286
0000000a1287
0000000a1336
0000000a1337
0000000a1338
0000000a13e8
0000000a13e9
0000000a13ea
0000000a1499
0000000a149a
0000000a149b
0000000a154a
0000000a154b
0000000a154c
0000000a15fc
0000000a15fd
0000000a15fe
0000000a16ad
0000000a16ae
0000000a16af
0000000a175f
0000000a1760
0000000a1761
0000000a1810
0000000a1811
0000000a1812
0000000a18c2
0000000a18c3
0000000a18c4
0000000a1973
0000000a1974
0000000a1975
0000000a1a25
0000000a1a26
0000000a1a27
0000000a1ad6
0000000a1ad7
0000000a1ad8
0000000a1b87
0000000a1b88
0000000a1b89
0000000a1c39
0000000a1c3a
0000000a1c3b
0000000a1cea
0000000a1ceb
0000000a1cec
0000000a1d9c
0000000a1d9d
0000000a1d9e
0000000a1e4d
0000000a1e4e
0000000a1e4f
0000000a1eff
0000000a1f00
0000000a1f01
0000000a1fb0
0000000a1fb1
0000000a1fb2
0000000a2062
0000000a2063
0000000a2064
0000000a2113
0000000a2114
0000000a2115
0000000a21c4
0000000a21c5
0000000a21c6
0000000a2276
0000000a2277
0000000a2278
0000000a2327
0000000a2328
0000000a2329
0000000a23d9
0000000a23da
0000000a23db
0000000a248a
0000000a248b
0000000a248c
0000000a253c
0000000a253d
0000000a253e
0000000a25ed
0000000a25ee
0000000a25ef
0000000a269f
0000000a26a0
0000000a26a1
0000000a2750
0000000a2751
0000000a2752
0000000a2801
0000000a2802
0000000a2803
0000000a28b3
0000000a28b4
0000000a28b5
0000000a2964
0000000a2965
0000000a2966
0000000a2a16
0000000a2a17
0000000a2a18
0000000a2ac7
0000000a2ac8
0000000a2ac9
0000000a2b79
0000000a2b7a
0000000a2b7b
0000000a2c2a
0000000a2c2b
0000000a2c2c
0000000a2cdc
0000000a2cdd
0000000a2cde
0000000a2d8d
0000000a2d8e
0000000a2d8f
0000000a2e3f
0000000a2e40
0000000a2e41
0000000a2ef0
0000000a2ef1
0000000a2ef2
0000000a2f8a
0000000a2fa1
0000000a2fa2
0000000a2fa3
0000000a3053
0000000a3054
0000000a3055
0000000a3104
0000000a3105
0000000a3106
0000000a31b6
0000000a31b7
0000000a31b8
0000000a3267
0000000a3268
0000000a3269
0000000a3319
0000000a331a
0000000a331b
0000000a33ca
0000000a33cb
0000000a33cc
0000000a347c
0000000a347d
0000000a347e
0000000a352d
0000000a352e
0000000a352f
0000000a35de
0000000a35df
0000000a35e0
0000000a3690
0000000a3691
0000000a3692
0000000a3741
0000000a3742
0000000a3743
0000000a37f3
0000000a37f4
0000000a37f5
0000000a38a4
0000000a38a5
0000000a38a6
0000000a3956
0000000a3957
0000000a3958
0000000a3a07
0000000a3a08
0000000a3a09
0000000a3ab9
0000000a3aba
0000000a3abb
0000000a3b6a
0000000a3b6b
0000000a3b6c
0000000a3c1b
0000000a3c1c
0000000a3c1d
0000000a3ccd
0000000a3cce
0000000a3ccf
0000000a3d7e
0000000a3d7f
0000000a3d80
0000000a3e30
0000000a3e31
0000000a3e32
0000000a3ee1
0000000a3ee2
0000000a3ee3
0000000a3f93
0000000a3f94
0000000a3f95
0000000a4044
0000000a4045
0000000a4046
0000000a40f6
0000000a40f7
0000000a40f8
0000000a41a7
0000000a41a8
0000000a41a9
0000000a4258
0000000a4259
0000000a425a
0000000a430a
0000000a430b
0000000a430c
0000000a432f
0000000a43bb
0000000a43bc
0000000a43bd
0000000a446d
0000000a446e
0000000a446f
0000000a451e
0000000a451f
0000000a4520
0000000a45d0
0000000a45d1
0000000a45d2
0000000a4681
0000000a4682
0000000a4683
0000000a4733
0000000a4734
0000000a4735
0000000a47e4
0000000a47e5
0000000a47e6
0000000a4895
0000000a4896
0000000a4897
0000000a4947
0000000a4948
0000000a4949
0000000a49f8
0000000a49f9
0000000a49fa
0000000a4aaa
0000000a4aab
0000000a4aac
0000000a4b5b
0000000a4b5c
0000000a4b5d
0000000a4c0d
0000000a4c0e
0000000a4c0f
0000000a4cbe
0000000a4cbf
0000000a4cc0
0000000a4d70
0000000a4d71
0000000a4d72
0000000a4e21
0000000a4e22
0000000a4e23
0000000a4ed2
0000000a4ed3
0000000a4ed4
0000000a4f84
0000000a4f85
0000000a4f86
0000000a5035
0000000a5036
0000000a5037
0000000a50e7
0000000a50e8
0000000a50e9
0000000a5198
0000000a5199
0000000a519a
0000000a5203
0000000a524a
0000000a524b
0000000a524c
0000000a52fb
0000000a52fc
0000000a52fd
0000000a53ad
0000000a53ae
0000000a53af
0000000a545e
0000000a545f
0000000a5460
0000000a5510
0000000a5511
0000000a5512
0000000a55c1
0000000a55c2
0000000a55c3
0000000a5672
0000000a5673
0000000a5674
0000000a5724
0000000a5725
0000000a5726
0000000a57d5
0000000a57d6
0000000a57d7
0000000a5887
0000000a5888
0000000a5889
0000000a5938
0000000a5939
0000000a593a
0000000a5976
0000000a59ea
0000000a59eb
0000000a59ec
0000000a5a9b
0000000a5a9c
0000000a5a9d
0000000a5b4d
0000000a5b4e
0000000a5b4f
0000000a5bfe
0000000a5bff
0000000a5c00
0000000a5caf
0000000a5cb0
0000000a5cb1
0000000a5d61
0000000a5d62
0000000a5d63
0000000a5e12
0000000a5e13
0000000a5e14
0000000a5ec4
0000000a5ec5
0000000a5ec6
0000000a5f41
0000000a5f75
0000000a5f76
0000000a5f77
0000000a6027
0000000a6028
0000000a6029
0000000a60d8
0000000a60d9
0000000a60da
0000000a618a
0000000a618b
0000000a618c
0000000a623b
0000000a623c
0000000a623d
0000000a62ec
0000000a62ed
0000000a62ee
0000000a639e
0000000a639f
0000000a63a0
0000000a644f
0000000a6450
0000000a6451
0000000a6501
0000000a6502
0000000a6503
0000000a65b2
0000000a65b3
0000000a65b4
0000000a6664
0000000a6665
0000000a6666
0000000a6715
0000000a6716
0000000a6717
0000000a67c7
0000000a67c8
0000000a67c9
0000000a6878
0000000a6879
0000000a687a
0000000a6929
0000000a692a
0000000a692b
0000000a69db
0000000a69dc
0000000a69dd
0000000a6a8c
0000000a6a8d
0000000a6a8e
0000000a6b3e
0000000a6b3f
0000000a6b40
0000000a6bef
0000000a6bf0
0000000a6bf1
0000000a6ca1
0000000a6ca2
0000000a6ca3
0000000a6d52
0000000a6d53
0000000a6d54
0000000a6e04
0000000a6e05
0000000a6e06
0000000a6eb5
0000000a6eb6
0000000a6eb7
0000000a6f66
0000000a6f67
0000000a6f68
0000000a6fdf
0000000a7018
0000000a7019
0000000a701a
0000000a70c9
0000000a70ca
0000000a70cb
0000000a717b
0000000a717c
0000000a717d
0000000a722c
0000000a722d
0000000a722e
0000000a72de
0000000a72df
0000000a72e0
0000000a738f
0000000a7390
0000000a7391
0000000a7441
0000000a7442
0000000a7443
0000000a74f2
0000000a74f3
0000000a74f4
0000000a75a4
0000000a75a5
0000000a75a6
0000000a7655
0000000a7656
0000000a7657
0000000a7706
0000000a7707
0000000a7708
0000000a77b8
0000000a77b9
0000000a77ba
0000000a7869
0000000a786a
0000000a786b
0000000a791b
0000000a791c
0000000a791d
0000000a79cc
0000000a79cd
0000000a79ce
0000000a7a7e
0000000a7a7f
0000000a7a80
0000000a7b2f
0000000a7b30
0000000a7b31
0000000a7be1
0000000a7be2
0000000a7be3
0000000a7c92
0000000a7c93
0000000a7c94
0000000a7d43
0000000a7d44
0000000a7d45
0000000a7df5
0000000a7df6
0000000a7df7
0000000a7ea6
0000000a7ea7
0000000a7ea8
0000000a7f58
0000000a7f59
0000000a7f5a
0000000a8009
0000000a800a
0000000a800b
0000000a80bb
0000000a80bc
0000000a80bd
0000000a816c
0000000a816d
0000000a816e
0000000a821e
0000000a821f
0000000a8220
0000000a82cf
0000000a82d0
0000000a82d1
0000000a8380
0000000a8381
0000000a8382
0000000a8432
0000000a8433
0000000a8434
0000000a84e3
0000000a84e4
0000000a84e5
0000000a8595
0000000a8596
0000000a8597
0000000a8646
0000000a8647
0000000a8648
0000000a86f8
0000000a86f9
0000000a86fa
0000000a87a9
0000000a87aa
0000000a87ab
0000000a885b
0000000a885c
0000000a885d
0000000a890c
0000000a890d
0000000a890e
0000000a89bd
0000000a89be
0000000a89bf
0000000a8a6f
0000000a8a70
0000000a8a71
0000000a8b20
0000000a8b21
0000000a8b22
0000000a8bd2
0000000a8bd3
0000000a8bd4
0000000a8c83
0000000a8c84
0000000a8c85
0000000a8d35
0000000a8d36
0000000a8d37
0000000a8de6
0000000a8de7
0000000a8de8
0000000a8e98
0000000a8e99
0000000a8e9a
0000000a8f49
0000000a8f4a
0000000a8f4b
0000000a8ffa
0000000a8ffb
0000000a8ffc
0000000a90ac
0000000a90ad
0000000a90ae
0000000a915d
0000000a915e
0000000a915f
0000000a920f
0000000a9210
0000000a9211
0000000a92c0
0000000a92c1
0000000a92c2
0000000a9372
0000000a9373
0000000a9374
0000000a9423
0000000a9424
0000000a9425
0000000a94d5
0000000a94d6
0000000a94d7
0000000a9586
0000000a9587
0000000a9588
0000000a9637
0000000a9638
0000000a9639
0000000a96e9
0000000a96ea
0000000a96eb
0000000a979a
0000000a979b
0000000a979c
0000000a984c
0000000a984d
0000000a984e
0000000a98fd
0000000a98fe
0000000a98ff
0000000a99af
0000000a99b0
0000000a99b1
0000000a9a60
0000000a9a61
0000000a9a62
0000000a9b12
0000000a9b13
0000000a9b14
0000000a9bc3
0000000a9bc4
0000000a9bc5
0000000a9c75
0000000a9c76
0000000a9c77
0000000a9d26
0000000a9d27
0000000a9d28
0000000a9dd7
0000000a9dd8
0000000a9dd9
0000000a9e89
0000000a9e8a
0000000a9e8b
0000000a9f3a
0000000a9f3b
0000000a9f3c
0000000a9fec
0000000a9fed
0000000a9fee
0000000aa09d
0000000aa09e
0000000aa09f
0000000aa14f
0000000aa150
0000000aa151
0000000aa200
0000000aa201
0000000aa202
0000000aa2b2
0000000aa2b3
0000000aa2b4
0000000aa363
0000000aa364
0000000aa365
0000000aa414
0000000aa415
0000000aa416
0000000aa4c6
0000000aa4c7
0000000aa4c8
0000000aa577
0000000aa578
0000000aa579
0000000aa629
0000000aa62a
0000000aa62b
0000000aa6da
0000000aa6db
0000000aa6dc
0000000aa758
0000000aa78c
0000000aa78d
0000000aa78e
0000000aa83d
0000000aa83e
0000000aa83f
0000000aa8ef
0000000aa8f0
0000000aa8f1
0000000aa9a0
0000000aa9a1
0000000aa9a2
0000000aaa51
0000000aaa52
0000000aaa53
0000000aab03
0000000aab04
0000000aab05
0000000aabb4
0000000aabb5
0000000aabb6
0000000aac66
0000000aac67
0000000aac68
0000000aad17
0000000aad18
0000000aad19
0000000aadc9
0000000aadca
0000000aadcb
0000000aae7a
0000000aae7b
0000000aae7c
0000000aaf2c
0000000aaf2d
0000000aaf2e
0000000aafdd
0000000aafde
0000000aafdf
0000000ab08e
0000000ab08f
0000000ab090
0000000ab140
0000000ab141
0000000ab142
0000000ab1f1
0000000ab1f2
0000000ab1f3
0000000ab2a3
0000000ab2a4
0000000ab2a5
0000000ab354
0000000ab355
0000000ab356
0000000ab406
0000000ab407
0000000ab408
0000000ab4b7
0000000ab4b8
0000000ab4b9
0000000ab569
0000000ab56a
0000000ab56b
0000000ab61a
0000000ab61b
0000000ab61c
0000000ab642
0000000ab671
0000000ab6cb
0000000ab6cc
0000000ab6cd
0000000ab77d
0000000ab77e
0000000ab77f
0000000ab82e
0000000ab82f
0000000ab830
0000000ab8e0
0000000ab8e1
0000000ab8e2
0000000ab991
0000000ab992
0000000ab993
0000000aba43
0000000aba44
0000000aba45
0000000abaf4
0000000abaf5
0000000abaf6
0000000abba6
0000000abba7
0000000abba8
0000000abc57
0000000abc58
0000000abc59
0000000abd09
0000000abd0a
0000000abd0b
0000000abdba
0000000abdbb
0000000abdbc
0000000abe6b
0000000abe6c
0000000abe6d
0000000abf1d
0000000abf1e
0000000abf1f
0000000abfce
0000000abfcf
0000000abfd0
0000000ac080
0000000ac081
0000000ac082
0000000ac131
0000000ac132
0000000ac133
0000000ac1e3
0000000ac1e4
0000000ac1e5
0000000ac294
0000000ac295
0000000ac296
0000000ac346
0000000ac347
0000000ac348
0000000ac3f7
0000000ac3f8
0000000ac3f9
0000000ac4a8
0000000ac4a9
0000000ac4aa
0000000ac55a
0000000ac55b
0000000ac55c
0000000ac60b
0000000ac60c
0000000ac60d
0000000ac6bd
0000000ac6be
0000000ac6bf
0000000ac76e
0000000ac76f
0000000ac770
0000000ac820
0000000ac821
0000000ac822
0000000ac8d1
0000000ac8d2
0000000ac8d3
0000000ac983
0000000ac984
0000000ac985
0000000ac9f0
0000000aca34
0000000aca35
0000000aca36
0000000acae5
0000000acae6
0000000acae7
0000000acb97
0000000acb98
0000000acb99
0000000acc48
0000000acc49
0000000acc4a
0000000accfa
0000000accfb
0000000accfc
0000000acdab
0000000acdac
0000000acdad
0000000ace5d
0000000ace5e
0000000ace5f
0000000acf0e
0000000acf0f
0000000acf10
0000000acfc0
0000000acfc1
0000000acfc2
0000000ad071
0000000ad072
0000000ad073
0000000ad122
0000000ad123
0000000ad124
0000000ad1d4
0000000ad1d5
0000000ad1d6
0000000ad285
0000000ad286
0000000ad287
0000000ad337
0000000ad338
0000000ad339
0000000ad3e8
0000000ad3e9
0000000ad3ea
0000000ad49a
0000000ad49b
0000000ad49c
0000000ad54b
0000000ad54c
0000000ad54d
0000000ad5fd
0000000ad5fe
0000000ad5ff
0000000ad6ae
0000000ad6af
0000000ad6b0
0000000ad75f
0000000ad760
0000000ad761
0000000ad811
0000000ad812
0000000ad813
0000000ad8a2
0000000ad8c2
0000000ad8c3
0000000ad8c4
0000000ad974
0000000ad975
0000000ad976
0000000ada25
0000000ada26
0000000ada27
0000000adad7
0000000adad8
0000000adad9
0000000adb88
0000000adb89
0000000adb8a
0000000adc3a
0000000adc3b
0000000adc3c
0000000adceb
0000000adcec
0000000adced
0000000add9c
0000000add9d
0000000add9e
0000000ade4e
0000000ade4f
0000000ade50
0000000adeff
0000000adf00
0000000adf01
0000000adfb1
0000000adfb2
0000000adfb3
0000000ae062
0000000ae063
0000000ae064
0000000ae114
0000000ae115
0000000ae116
0000000ae15c
0000000ae1c5
0000000ae1c6
0000000ae1c7
0000000ae277
0000000ae278
0000000ae279
0000000ae328
0000000ae329
0000000ae32a
0000000ae3da
0000000ae3db
0000000ae3dc
0000000ae48b
0000000ae48c
0000000ae48d
0000000ae53c
0000000ae53d
0000000ae53e
0000000ae5ee
0000000ae5ef
0000000ae5f0
0000000ae69f
0000000ae6a0
0000000ae6a1
0000000ae751
0000000ae752
0000000ae753
0000000ae802
0000000ae803
0000000ae804
0000000ae8b4
0000000ae8b5
0000000ae8b6
0000000ae965
0000000ae966
0000000ae967
0000000aea17
0000000aea18
0000000aea19
0000000aeac8
0000000aeac9
0000000aeaca
0000000aeb79
0000000aeb7a
0000000aeb7b
0000000aec2b
0000000aec2c
0000000aec2d
0000000aecdc
0000000aecdd
0000000aecde
0000000aed8e
0000000aed8f
0000000aed90
0000000aee3f
0000000aee40
0000000aee41
0000000aeef1
0000000aeef2
0000000aeef3
0000000aefa2
0000000aefa3
0000000aefa4
0000000af054
0000000af055
0000000af056
0000000af105
0000000af106
0000000af107
0000000af1b6
0000000af1b7
0000000af1b8
0000000af1cf
0000000af268
0000000af269
0000000af26a
0000000af319
0000000af31a
0000000af31b
0000000af3cb
0000000af3cc
0000000af3cd
0000000af47c
0000000af47d
0000000af47e
0000000af52e
0000000af52f
0000000af530
0000000af5df
0000000af5e0
0000000af5e1
0000000af691
0000000af692
0000000af693
0000000af742
0000000af743
0000000af744
0000000af7f3
0000000af7f4
0000000af7f5
0000000af8a5
0000000af8a6
0000000af8a7
0000000af956
0000000af957
0000000af958
0000000afa08
0000000afa09
0000000afa0a
0000000afab9
0000000afaba
0000000afabb
0000000afb6b
0000000afb6c
0000000afb6d
0000000afbed
0000000afc1c
0000000afc1d
0000000afc1e
0000000afc5b
0000000afcce
0000000afccf
0000000afcd0
0000000afd7f
0000000afd80
0000000afd81
0000000afe30
0000000afe31
0000000afe32
0000000afee2
0000000afee3
0000000afee4
0000000aff93
0000000aff94
0000000aff95
0000000b0045
0000000b0046
0000000b0047
0000000b00f6
0000000b00f7
0000000b00f8
0000000b01a8
0000000b01a9
0000000b01aa
0000000b0256
0000000b0259
0000000b025a
0000000b025b
0000000b030b
0000000b030c
0000000b030d
0000000b0371
0000000b03bc
0000000b03bd
0000000b03be
0000000b046d
0000000b046e
0000000b046f
0000000b051f
0000000b0520
0000000b0521
0000000b05d0
0000000b05d1
0000000b05d2
0000000b0682
0000000b0683
0000000b0684
0000000b0733
0000000b0734
0000000b0735
0000000b07e5
0000000b07e6
0000000b07e7
0000000b0896
0000000b0897
0000000b0898
0000000b0948
0000000b0949
0000000b094a
0000000b09f9
0000000b09fa
0000000b09fb
0000000b0aab
0000000b0aac
0000000b0aad
0000000b0b5c
0000000b0b5d
0000000b0b5e
0000000b0c0d
0000000b0c0e
0000000b0c0f
0000000b0cbf
0000000b0cc0
0000000b0cc1
0000000b0d44
0000000b0d70
0000000b0d71
0000000b0d72
0000000b0e22
0000000b0e23
0000000b0e24
0000000b0ed3
0000000b0ed4
0000000b0ed5
0000000b0f85
0000000b0f86
0000000b0f87
0000000b1036
0000000b1037
0000000b1038
0000000b10e8
0000000b10e9
0000000b10ea
0000000b1199
0000000b119a
0000000b119b
0000000b124a
0000000b124b
0000000b124c
0000000b12fc
0000000b12fd
0000000b12fe
0000000b13ad
0000000b13ae
0000000b13af
0000000b145f
0000000b1460
0000000b1461
0000000b1510
0000000b1511
0000000b1512
0000000b15c2
0000000b15c3
0000000b15c4
0000000b1673
0000000b1674
0000000b1675
0000000b1725
0000000b1726
0000000b1727
0000000b17d6
0000000b17d7
0000000b17d8
0000000b1887
0000000b1888
0000000b1889
0000000b1939
0000000b193a
0000000b193b
0000000b19ea
0000000b19eb
0000000b19ec
0000000b1a9c
0000000b1a9d
0000000b1a9e
0000000b1b4d
0000000b1b4e
0000000b1b4f
0000000b1bff
0000000b1c00
0000000b1c01
0000000b1c34
0000000b1cb0
0000000b1cb1
0000000b1cb2
0000000b1d62
0000000b1d63
0000000b1d64
0000000b1e13
0000000b1e14
0000000b1e15
0000000b1ec4
0000000b1ec5
0000000b1ec6
0000000b1f76
0000000b1f77
0000000b1f78
0000000b2027
0000000b2028
0000000b2029
0000000b20d9
0000000b20da
0000000b20db
0000000b218a
0000000b218b
0000000b218c
0000000b223c
0000000b223d
0000000b223e
0000000b22ed
0000000b22ee
0000000b22ef
0000000b2300
0000000b239f
0000000b23a0
0000000b23a1
0000000b2450
0000000b2451
0000000b2452
0000000b2501
0000000b2502
0000000b2503
0000000b25b3
0000000b25b4
0000000b25b5
0000000b2664
0000000b2665
0000000b2666
0000000b2716
0000000b2717
0000000b2718
0000000b27c7
0000000b27c8
0000000b27c9
0000000b2879
0000000b287a
0000000b287b
0000000b292a
0000000b292b
0000000b292c
0000000b29dc
0000000b29dd
0000000b29de
0000000b2a8d
0000000b2a8e
0000000b2a8f
0000000b2b3f
0000000b2b40
0000000b2b41
0000000b2bf0
0000000b2bf1
0000000b2bf2
0000000b2c7d
0000000b2ca1
0000000b2ca2
0000000b2ca3
0000000b2d53
0000000b2d54
0000000b2d55
0000000b2e04
0000000b2e05
0000000b2e06
0000000b2eb6
0000000b2eb7
0000000b2eb8
0000000b2f67
0000000b2f68
0000000b2f69
0000000b3019
0000000b301a
0000000b301b
0000000b30ca
0000000b30cb
0000000b30cc
0000000b317c
0000000b317d
0000000b317e
0000000b322d
0000000b322e
0000000b322f
0000000b32de
0000000b32df
0000000b32e0
0000000b3390
0000000b3391
0000000b3392
0000000b3441
0000000b3442
0000000b3443
0000000b34f3
0000000b34f4
0000000b34f5
0000000b35a4
0000000b35a5
0000000b35a6
0000000b3656
0000000b3657
0000000b3658
0000000b3707
0000000b3708
0000000b3709
0000000b37b9
0000000b37ba
0000000b37bb
0000000b386a
0000000b386b
0000000b386c
0000000b391b
0000000b391c
0000000b391d
0000000b39cd
0000000b39ce
0000000b39cf
0000000b3a7e
0000000b3a7f
0000000b3a80
0000000b3b30
0000000b3b31
0000000b3b32
0000000b3b6f
0000000b3be1
0000000b3be2
0000000b3be3
0000000b3c93
0000000b3c94
0000000b3c95
0000000b3d44
0000000b3d45
0000000b3d46
0000000b3df6
0000000b3df7
0000000b3df8
0000000b3ea7
0000000b3ea8
0000000b3ea9
0000000b3f58
0000000b3f59
0000000b3f5a
0000000b400a
0000000b400b
0000000b400c
0000000b40bb
0000000b40bc
0000000b40bd
0000000b40d1
0000000b416d
0000000b416e
0000000b416f
0000000b421e
0000000b421f
0000000b4220
0000000b42d0
0000000b42d1
0000000b42d2
0000000b4381
0000000b4382
0000000b4383
0000000b4433
0000000b4434
0000000b4435
0000000b44e4
0000000b44e5
0000000b44e6
0000000b4595
0000000b4596
0000000b4597
0000000b4647
0000000b4648
0000000b4649
0000000b46f8
0000000b46f9
0000000b46fa
0000000b47aa
0000000b47ab
0000000b47ac
0000000b485b
0000000b485c
0000000b485d
0000000b490d
0000000b490e
0000000b490f
0000000b49be
0000000b49bf
0000000b49c0
0000000b4a70
0000000b4a71
0000000b4a72
0000000b4b21
0000000b4b22
0000000b4b23
0000000b4bd2
0000000b4bd3
0000000b4bd4
0000000b4bec
0000000b4c84
0000000b4c85
0000000b4c86
0000000b4d35
0000000b4d36
0000000b4d37
0000000b4de7
0000000b4de8
0000000b4de9
0000000b4e16
0000000b4e98
0000000b4e99
0000000b4e9a
0000000b4f4a
0000000b4f4b
0000000b4f4c
0000000b4ffb
0000000b4ffc
0000000b4ffd
0000000b50ad
0000000b50ae
0000000b50af
0000000b515e
0000000b515f
0000000b5160
0000000b5210
0000000b5211
0000000b5212
0000000b52c1
0000000b52c2
0000000b52c3
0000000b5372
0000000b5373
0000000b5374
0000000b5424
0000000b5425
0000000b5426
0000000b54d5
0000000b54d6
0000000b54d7
0000000b5587
0000000b5588
0000000b5589
0000000b5638
0000000b5639
0000000b563a
0000000b56ea
0000000b56eb
0000000b56ec
0000000b579b
0000000b579c
0000000b579d
0000000b584d
0000000b584e
0000000b584f
0000000b58fe
0000000b58ff
0000000b5900
0000000b59af
0000000b59b0
0000000b59b1
0000000b5a61
0000000b5a62
0000000b5a63
0000000b5b12
0000000b5b13
0000000b5b14
0000000b5bc4
0000000b5bc5
0000000b5bc6
0000000b5c75
0000000b5c76
0000000b5c77
0000000b5d27
0000000b5d28
0000000b5d29
0000000b5dd8
0000000b5dd9
0000000b5dda
0000000b5e8a
0000000b5e8b
0000000b5e8c
0000000b5f3b
0000000b5f3c
0000000b5f3d
0000000b5fec
0000000b5fed
0000000b5fee
0000000b609e
0000000b609f
0000000b60a0
0000000b614f
0000000b6150
0000000b6151
0000000b6201
0000000b6202
0000000b6203
0000000b62b2
0000000b62b3
0000000b62b4
0000000b62b5
0000000b6313
0000000b6364
0000000b6365
0000000b6366
0000000b6415
0000000b6416
0000000b6417
0000000b64c7
0000000b64c8
0000000b64c9
0000000b6578
0000000b6579
0000000b657a
0000000b6629
0000000b662a
0000000b662b
0000000b66db
0000000b66dc
0000000b66dd
0000000b678c
0000000b678d
0000000b678e
0000000b683e
0000000b683f
0000000b6840
0000000b68ef
0000000b68f0
0000000b68f1
0000000b69a1
0000000b69a2
0000000b69a3
0000000b6a52
0000000b6a53
0000000b6a54
0000000b6b04
0000000b6b05
0000000b6b06
0000000b6bb5
0000000b6bb6
0000000b6bb7
0000000b6c66
0000000b6c67
0000000b6c68
0000000b6d18
0000000b6d19
0000000b6d1a
0000000b6dc9
0000000b6dca
0000000b6dcb
0000000b6de7
0000000b6e7b
0000000b6e7c
0000000b6e7d
0000000b6f2c
0000000b6f2d
0000000b6f2e
0000000b6fde
0000000b6fdf
0000000b6fe0
0000000b708f
0000000b7090
0000000b7091
0000000b7141
0000000b7142
0000000b7143
0000000b71f2
0000000b71f3
0000000b71f4
0000000b72a3
0000000b72a4
0000000b72a5
0000000b7355
0000000b7356
0000000b7357
0000000b7406
0000000b7407
0000000b7408
0000000b74b8
0000000b74b9
0000000b74ba
0000000b7569
0000000b756a
0000000b756b
0000000b761b
0000000b761c
0000000b761d
0000000b76cc
0000000b76cd
0000000b76ce
0000000b777e
0000000b777f
0000000b7780
0000000b782f
0000000b7830
0000000b7831
0000000b78e1
0000000b78e2
0000000b78e3
0000000b7992
0000000b7993
0000000b7994
0000000b7a43
0000000b7a44
0000000b7a45
0000000b7af5
0000000b7af6
0000000b7af7
0000000b7ba6
0000000b7ba7
0000000b7ba8
0000000b7c58
0000000b7c59
0000000b7c5a
0000000b7d09
0000000b7d0a
0000000b7d0b
0000000b7dbb
0000000b7dbc
0000000b7dbd
0000000b7e6c
0000000b7e6d
0000000b7e6e
0000000b7f1e
0000000b7f1f
0000000b7f20
0000000b7fcf
0000000b7fd0
0000000b7fd1
0000000b8080
0000000b8081
0000000b8082
0000000b8132
0000000b8133
0000000b8134
0000000b8166
0000000b81e3
0000000b81e4
0000000b81e5
0000000b8295
0000000b8296
0000000b8297
0000000b8346
0000000b8347
0000000b8348
0000000b83f8
0000000b83f9
0000000b83fa
0000000b84a9
0000000b84aa
0000000b84ab
0000000b855b
0000000b855c
0000000b855d
0000000b860c
0000000b860d
0000000b860e
0000000b86bd
0000000b86be
0000000b86bf
0000000b876f
0000000b8770
0000000b8771
0000000b8820
0000000b8821
0000000b8822
0000000b88d2
0000000b88d3
0000000b88d4
0000000b8983
0000000b8984
0000000b8985
0000000b8a35
0000000b8a36
0000000b8a37
0000000b8ae6
0000000b8ae7
0000000b8ae8
0000000b8b98
0000000b8b99
0000000b8b9a
0000000b8c49
0000000b8c4a
0000000b8c4b
0000000b8cfa
0000000b8cfb
0000000b8cfc
0000000b8dac
0000000b8dad
0000000b8dae
0000000b8e5d
0000000b8e5e
0000000b8e5f
0000000b8f0f
0000000b8f10
0000000b8f11
0000000b8fc0
0000000b8fc1
0000000b8fc2
0000000b9072
0000000b9073
0000000b9074
0000000b9123
0000000b9124
0000000b9125
0000000b91d5
0000000b91d6
0000000b91d7
0000000b9286
0000000b9287
0000000b9288
0000000b9337
0000000b9338
0000000b9339
0000000b93e9
0000000b93ea
0000000b93eb
0000000b949a
0000000b949b
0000000b949c
0000000b954c
0000000b954d
0000000b954e
0000000b95fd
0000000b95fe
0000000b95ff
0000000b96af
0000000b96b0
0000000b96b1
0000000b9760
0000000b9761
0000000b9762
0000000b9812
0000000b9813
0000000b9814
0000000b98c3
0000000b98c4
0000000b98c5
0000000b9975
0000000b9976
0000000b9977
0000000b9a26
0000000b9a27
0000000b9a28
0000000b9ad7
0000000b9ad8
0000000b9ad9
0000000b9b89
0000000b9b8a
0000000b9b8b
0000000b9c3a
0000000b9c3b
0000000b9c3c
0000000b9cec
0000000b9ced
0000000b9cee
0000000b9d9d
0000000b9d9e
0000000b9d9f
0000000b9e4f
0000000b9e50
0000000b9e51
0000000b9f00
0000000b9f01
0000000b9f02
0000000b9fb2
0000000b9fb3
0000000b9fb4
0000000ba063
0000000ba064
0000000ba065
0000000ba114
0000000ba115
0000000ba116
0000000ba1c6
0000000ba1c7
0000000ba1c8
0000000ba277
0000000ba278
0000000ba279
0000000ba329
0000000ba32a
0000000ba32b
0000000ba3da
0000000ba3db
0000000ba3dc
0000000ba3f2
0000000ba3fa
0000000ba48c
0000000ba48d
0000000ba48e
0000000ba53d
0000000ba53e
0000000ba53f
0000000ba5ef
0000000ba5f0
0000000ba5f1
0000000ba6a0
0000000ba6a1
0000000ba6a2
0000000ba751
0000000ba752
0000000ba753
0000000ba803
0000000ba804
0000000ba805
0000000ba8b4
0000000ba8b5
0000000ba8b6
0000000ba966
0000000ba967
0000000ba968
0000000baa17
0000000baa18
0000000baa19
0000000baac9
0000000baaca
0000000baacb
0000000bab7a
0000000bab7b
0000000bab7c
0000000bac2c
0000000bac2d
0000000bac2e
0000000bacdd
0000000bacde
0000000bacdf
0000000bad8e
0000000bad8f
0000000bad90
0000000bae40
0000000bae41
0000000bae42
0000000baef1
0000000baef2
0000000baef3
0000000bafa3
0000000bafa4
0000000bafa5
0000000bafc7
0000000bb054
0000000bb055
0000000bb056
0000000bb106
0000000bb107
0000000bb108
0000000bb1b7
0000000bb1b8
0000000bb1b9
0000000bb269
0000000bb26a
0000000bb26b
0000000bb31a
0000000bb31b
0000000bb31c
0000000bb3cb
0000000bb3cc
0000000bb3cd
0000000bb45a
0000000bb47d
0000000bb47e
0000000bb47f
0000000bb52e
0000000bb52f
0000000bb530
0000000bb5e0
0000000bb5e1
0000000bb5e2
0000000bb691
0000000bb692
0000000bb693
0000000bb737
0000000bb743
0000000bb744
0000000bb745
0000000bb7f4
0000000bb7f5
0000000bb7f6
0000000bb8a6
0000000bb8a7
0000000bb8a8
0000000bb957
0000000bb958
0000000bb959
0000000bba08
0000000bba09
0000000bba0a
0000000bbaba
0000000bbabb
0000000bbabc
0000000bbb6b
0000000bbb6c
0000000bbb6d
0000000bbc1d
0000000bbc1e
0000000bbc1f
0000000bbcce
0000000bbccf
0000000bbcd0
0000000bbd80
0000000bbd81
0000000bbd82
0000000bbe31
0000000bbe32
0000000bbe33
0000000bbee3
0000000bbee4
0000000bbee5
0000000bbf94
0000000bbf95
0000000bbf96
0000000bc046
0000000bc047
0000000bc048
0000000bc0f7
0000000bc0f8
0000000bc0f9
0000000bc1a8
0000000bc1a9
0000000bc1aa
0000000bc25a
0000000bc25b
0000000bc25c
0000000bc30b
0000000bc30c
0000000bc30d
0000000bc3bd
0000000bc3be
0000000bc3bf
0000000bc46e
0000000bc46f
0000000bc470
0000000bc520
0000000bc521
0000000bc522
0000000bc5d1
0000000bc5d2
0000000bc5d3
0000000bc5e8
0000000bc683
0000000bc684
0000000bc685
0000000bc734
0000000bc735
0000000bc736
0000000bc7e5
0000000bc7e6
0000000bc7e7
0000000bc897
0000000bc898
0000000bc899
0000000bd283
0000000bd5e4
0000000be2e9
0000000bfc3b
0000000c0c32
0000000c1625
0000000c1de4
0000000c26db
0000000c2b3d
0000000c3880
0000000c3c82
0000000c5bf5
0000000c616d
0000000c6622
0000000c66f0
0000000c79cd
0000000c84aa
0000000c860c
0000000ca951
0000000cb041
0000000cb6e6
0000000cb84f
0000000cba69
0000000cbbb2
0000000cbf12
0000000cd458
0000000cdc1b
0000000ce8ad
0000000cf5ba
0000000d08ab
0000000d0955
0000000d0ae4
0000000d4159
0000000d6384
0000000d648c
0000000d6b33
0000000d6bc7
0000000d77b3
0000000d7b8e
0000000d8257
0000000d8550
0000000d8b7d
0000000d926b
0000000d97a2
0000000da50c
0000000daf9f
0000000db83d
0000000db941
0000000dc466
0000000dc5e8
0000000dd833
0000000de893
0000000ded0a
0000000df38d
0000000e0217
0000000e1066
0000000e1855
0000000e2109
0000000e2ec9
0000000e438e
0000000e6a3b
0000000e6e2b
0000000e838a
0000000e9ddf
0000000ea794
0000000eaf1c
0000000ebf36
0000000ec451
0000000ed350
0000000ed50a
0000000ee92a
0000000eed04
0000000eef6e
0000000efd1d
0000000f007c
0000000f026d
0000000f0366
0000000f0f17
0000000f0fc5
0000000f10ad
0000000f1d05
0000000f2274
0000000f5514
0000000f6923
0000000f781c
0000000f883e
0000000f887e
0000000f8d7d
0000000f8dfc
0000000f8e87
0000000fa7a0
0000000fac7a
0000000fac81
0000000fad8a
0000000fb522
0000000fb7d2
0000000fcc2e
0000000fce0c
0000000fde10
0000000fed46
0000000fefcb
0000001003f9
0000001004eb
000000100aea
000000100e50
000000102aba
000000102e67
000000104fa8
0000001055c7
0000001061df
0000001071b1
0000001075cf
000000107e6c
0000001082c8
000000108a99
00000010ae24
00000010aed3
00000010c5be
00000010cf6e
00000010dc75
00000010e876
00000010f316
00000010f5c8
00000010fb66
000000110245
000000111f44
000000111fd4
0000001130b8
000000113ed7
0000001141f7
000000114639
000000114f5c
00000011504f
0000001157bc
0000001157c5
000000115ac7
000000115aca
000000116734
000000116fa8
000000118517
000000118dc9
00000011960b
00000011a88f
00000011abb0
00000011e2f7
00000011ec84
00000011f16f
00000011f571
0000001205f1
000000120995
000000121d68
00000012285a
0000001237ca
0000001244b0
000000127c00
000000128501
000000129243
00000012944b
000000129650
00000012a533
00000012a747
00000012aaea
00000012acb3
00000012b1f7
00000012c9c0
00000012e01b
00000012f4af
00000012f6e7
00000012fe57
00000013006a
000000133282
000000134241
000000135db1
000000135e73
000000136052
000000138b9e
000000139085
00000013a88a
00000013c266
00000013c408
00000013e366
00000013f4e3
000000140631
000000142ef9
00000014444e
000000144e31
000000145c38
000000145dd9
0000001463f1
000000146411
000000147496
000000147866
000000147d52
00000014985e
000000149cd9
00000014a2c3
00000014a7c4
00000014c9e5
00000014f2e9
00000014f500
00000014fbc8
000000150218
0000001502db
000000150598
0000001505aa
000000150bc4
000000150e79
0000001510ad
0000001510bb
000000151879
000000153705
00000015413e
0000001542eb
000000155650
000000156507
000000157b48
000000159afa
00000015acff
00000015bc70
00000015be47
00000015be99
00000015c258
00000015c7fb
00000015c9e9
00000015d031
00000015db9b
00000015de54
00000015f9f0
000000160654
0000001612bb
000000161350
000000161355
000000162212
0000001623a4
000000162832
000000164272
000000164ee2
0000001650f0
000000165586
0000001658e5
0000001659d8
000000166092
000000166630
00000016673d
000000168278
000000168a7c
000000168ab3
00000016bf94
00000016cf70
00000016ff34
000000170ebe
000000171c50
000000172688
0000001726af
00000017339e
000000173e89
000000174d3e
000000177fe0
00000017822e
010000000000
